<?xml version="1.0" encoding="UTF-8"?>
<?xml-model RNGSchema="http://www.stoa.org/epidoc/schema/latest/tei-epidoc.rng" type="xml"?>
<?xml-stylesheet type="text/xsl" href="msxxviii26.xsl"?>
<TEI xmlns="http://www.tei-c.org/ns/1.0">
 <teiHeader>
  <fileDesc>
   
   <titleStmt>
    <title ref="http://data.perseus.org/catalog/urn:cts:latinLit:stoa0040.stoa003" xml:id="edition">Contra Paganos De Civitate Dei: A Digital Edition of the Oldest Surviving Manuscript</title>
    <author ref="http://data.perseus.org/catalog/urn:cts:latinLit:stoa0040">Aurelius Augustinus</author>
    <editor>Greta Franzini</editor>
    <respStmt>
     <persName>Greta Franzini</persName>
     <resp>PhD student</resp>
    </respStmt>
    <respStmt>
     <persName>Melissa Terras</persName>
     <resp>First supervisor</resp>
    </respStmt>
    <respStmt>
     <persName>Simon Mahony</persName>
     <resp>Second supervisor</resp>
    </respStmt>
   </titleStmt>
   
   <editionStmt>
    <edition n="1">First digital edition</edition>
   </editionStmt>
   
   <publicationStmt>
    <authority>Greta Franzini</authority>
    <idno>Fol_07r-43r.xml</idno>
    <authority>UCL Centre for Digital Humanities</authority>
    <availability>
     <p>Available under a Creative Commons Attribution-ShareAlike International 4.0 License</p>
    </availability>
    <date>2014</date>
   </publicationStmt>
   
   <sourceDesc>
    <msDesc>
     <msIdentifier>
      <settlement>Verona</settlement>
      <repository>Biblioteca Capitolare</repository>
      <idno>MS XXVIII(26)</idno>
     </msIdentifier>
     
     <msContents>
      <msItem>
       <locus>f. 7r-43r</locus>
       <explicit>
        <locus>f. 43r</locus>
        <lb />AUGUSTINI EPISCOPI 
        <lb />CATHOLICI DE CIUITATE <choice><abbr>D&#772;I&#772;</abbr><expan>D<ex>E</ex>I</expan></choice> 
        <lb />CONTRA PAGANOS 
        <lb />LIBER &#183; XI &#183; EXPLICIT
       </explicit>
      </msItem>
     </msContents>
     
     <physDesc>
      <objectDesc form="codex">
       <supportDesc material="parchment">
        <support><p>Parchment</p></support>
        <extent>ff.253 <dimensions scope="all" type="leaf" unit="mm">
         <height>292</height>
         <width>190</width>
        </dimensions>
        </extent>
       </supportDesc>
       <layoutDesc>
        <layout columns="1"><p>In a single column</p></layout>
       </layoutDesc>
      </objectDesc>
      
      <bindingDesc>
       <binding contemporary="unknown">
        <p>Bound in <material>rigid parchment</material>, possibly in 18th
         century, and rebound using the same support in 1926.</p>
       </binding>
      </bindingDesc>
     </physDesc>
     
     <history>
      <origin>
       <p>Written in <origPlace>North Africa</origPlace> in the <origDate>early 5th century.</origDate>
       </p>
      </origin>
     </history>
    </msDesc>
   </sourceDesc>
  </fileDesc>
  <encodingDesc>
   <p>The following text was encoded in accordance with EpiDoc standards.</p>
  </encodingDesc>
  <profileDesc>
   <langUsage>
    <language ident="la">Latin</language>
   </langUsage>
  </profileDesc>
  
 </teiHeader>
    
 
 <text>
  
  <body>
   <head>
   </head>
   
   <div n="Folio 7r" type="edition">
   <ab>
     <note type="scholion" place="top">&#9767;</note>
     <lb xml:id="fol_7r.1" n="1"/>CIUITATEM <choice><abbr>D&#772;I&#772;</abbr><expan>D<ex>E</ex>I</expan></choice> DICIMUS CUIUS EA <w part="I">SCRIB</w>
     <lb xml:id="fol_7r.2" n="2"/><w part="F">TURA</w> <app><rdg wit="#Clm6267 #Sang178 #CSEL40 #7Weiss">SCRIPTURA</rdg></app> TESTIS EST QUAE <app><rdg wit="#Clm6267">QUE</rdg></app> NON FORTUITIS <w part="I">MO</w>
     <lb xml:id="fol_7r.3" n="3"/><w part="F">TIBUS</w> ANIMORUM SED PLANE SUMM<choice><abbr>E<add>&#807;</add></abbr><expan><ex>A</ex>E</expan></choice> <app><rdg wit="#Clm6267">SUMME</rdg></app> <w part="I">DIS</w> 
     <lb xml:id="fol_7r.4" n="4"/><w part="F">POSITIONE</w> PROUIDENTIAE <app><rdg wit="#Sang178 #Clm6267 #7Weiss">DISPOSITIONIS PROUIDENTIA</rdg></app> SUPER OMNES 
     <lb xml:id="fol_7r.5" n="5"/>OMNIUM GENTIUM LITTERAS OMNIA SIBI <app><rdg wit="#Clm6267">SIUI</rdg></app> <w part="I">GE</w>
     <lb xml:id="fol_7r.6" n="6"/><w part="F">NERA</w> INGENIORUM HUMANORUM<app><rdg wit="#Clm6267">UMANORUM</rdg></app> DIUI<supplied reason="lost">NA</supplied>
     <lb xml:id="fol_7r.7" n="7"/>EXCELLENS AUCTORITATE SUBIECIT. IBI <w part="I">QU<supplied reason="lost">IP</supplied></w>
     <lb xml:id="fol_7r.8" n="8"/><w part="F">PE</w> SCRIBTUM <app><rdg wit="#Sang178 #Clm6267 #7Weiss">SCRIPTUM</rdg></app> EST GLORIOSA DICTA SUNT DE <supplied reason="lost">TE</supplied> <app><rdg wit="#Clm6267">DETE</rdg></app>
     <lb xml:id="fol_7r.9" n="9"/>CIUITAS <choice><abbr>D&#772;I&#772;</abbr><expan>D<ex>E</ex>I</expan></choice> ET IN ALIO PSALMO LEGITUR<w part="I"> <supplied reason="lost">MAG</supplied></w>
     <lb xml:id="fol_7r.10" n="10"/><w part="F">NUS</w> <choice><abbr>D&#772;N&#772;S&#772;</abbr><expan>D<ex>OMI</ex>N<ex>U</ex>S</expan></choice> ET LAUDABILIS NIMIS IN CIUITATE <supplied reason="lost"><choice><abbr>D&#772;I&#772;</abbr><expan>D<ex>E</ex>I</expan></choice></supplied>
     <lb xml:id="fol_7r.11" n="11"/>NOSTRI IN MONTE SANCTO EIUS DILATANS <w part="I">EX<supplied reason="lost">UL</supplied></w>
     <lb xml:id="fol_7r.12" n="12"/><w part="F">TATIONI<add place="above">S</add></w> <app><rdg wit="#Sang178 #Clm6267 #7Weiss">EXULTATIONES</rdg></app> UNIVERSAE <app><rdg wit="#Clm6267">UNIUERSE</rdg></app> TERRAE ET PAULO POST IN
     <lb xml:id="fol_7r.13" n="13"/>EODEM PSALMO SICUT AUDIUIMUS <app><rdg wit="#Clm6267">SICUT ET AUDIUIMUS</rdg></app> ITA ET <w part="I">UI<supplied reason="lost">DI</supplied></w>
     <lb xml:id="fol_7r.14" n="14"/><w part="F">MUS</w> IN CIUITATE DOMINI <choice><abbr>D&#772;N&#772;I&#772;</abbr><expan>D<ex>OMI</ex>NI</expan></choice> UIRTUTIUM <app><rdg wit="#Sang178 #Clm6267 #7Weiss">UIRTUTUM</rdg></app> IN CIUI<supplied reason="lost">TATE</supplied>
     <lb xml:id="fol_7r.15" n="15"/><choice><abbr>D&#772;I&#772;</abbr><expan>D<ex>E</ex>I</expan></choice> NOSTRI <choice><abbr>D&#772;S&#772;</abbr><expan>D<ex>EU</ex>S</expan></choice> FUNDAUIT <app><rdg wit="#Clm6267">FUNDABIT</rdg></app> EA<add place="above">M</add> IN AETERNUM <app><rdg wit="#Clm6267">ETERNUM</rdg></app>
     <lb xml:id="fol_7r.16" n="16"/>ITEM <app><rdg wit="#Clm6267">ITAM</rdg></app> IN ALIO <add>;</add> FLUMINIS IMPETUS LAETIFI<supplied reason="lost">CAT</supplied> <app><rdg wit="#Sang178 #Clm6267">LETIFICAT</rdg></app> 
     <lb xml:id="fol_7r.17" n="17"/>CIUITATEM <choice><abbr>D&#772;I&#772;</abbr><expan>D<ex>E</ex>I</expan></choice> &#183; SANCTIFICAUIT <app><rdg wit="#Clm6267">SANTIFICABIT</rdg></app> TABERNA<supplied reason="lost">CULUM</supplied>
     <lb xml:id="fol_7r.18" n="18"/>SUUM ALTISSIMUS &#183; <choice><abbr>D&#772;S&#772;</abbr><expan>D<ex>EU</ex>S</expan></choice> IN MEDIO <app><rdg wit="#7Weiss">IMMEDIO</rdg></app> EJUS <supplied reason="lost">NON <w part="I">COM</w></supplied>      
     <lb xml:id="fol_7r.19" n="19"/><w part="F">MOUEBITUR</w>: HIS <choice><abbr>ATQ&#183;</abbr><expan>ATQ<ex>UE</ex></expan></choice> <app><rdg wit="#CSEL40">ADQUE</rdg></app> <app><rdg wit="#Clm6267">ITAQUE</rdg></app> HUIUS MODI <w part="I">TESTI<supplied reason="lost">MO</supplied></w>
     <lb xml:id="fol_7r.20" n="20"/><w part="F">NIIS</w> QUA<add place="above">E</add> OMNIA COMMEMORARE NIMIS <supplied reason="lost"><w part="I">LON</w></supplied>
     <lb xml:id="fol_7r.21" n="21"/><w part="F">GUM</w> EST; DI<add place="above">DI</add>CIMUS ESSE QUANDAM <supplied reason="lost"><w part="I">CIUI</w></supplied>
     <lb xml:id="fol_7r.22" n="22"/><w part="F">TATEM</w> <choice><abbr>D&#772;I&#772;</abbr><expan>D<ex>E</ex>I</expan></choice> <app><rdg wit="#7Weiss">CIUITATEM CUIUS</rdg></app> CUIUS CIUES ESSE <w part="I">CON<supplied reason="lost">CUPISCI</supplied></w>
     <lb xml:id="fol_7r.23" n="23"/><w part="F">MUS</w> <app><rdg wit="#Sang178 #7Weiss">CUPIMUS</rdg></app> <app><rdg wit="#Clm6267">CONCUPIUIMUS</rdg></app> ILLO AMORE QUEM NOBIS ILLIUS <app><rdg wit="#Clm6267 #7Weiss">EIUS</rdg></app> <supplied reason="lost"><w part="I">CONDI</w></supplied>
     <lb xml:id="fol_7r.24" n="24"/><w part="F">TOR</w> INSPIRAUIT; HUIC CONDITORI S<supplied reason="lost">ANCTAE</supplied>
     <lb xml:id="fol_7r.25" n="25"/>CIUITATIS CIUES TERRENAE <app><rdg wit="#Clm6267">TERRENE</rdg></app> CIUITATIS
     <lb xml:id="fol_7r.26" n="26"/>SUOS <app><rdg wit="#Clm6267 #7Weiss">DEOS SUOS</rdg></app> PRAEFERUNT <app><rdg wit="#Clm6267">PREFERUNT</rdg></app> IGNORANTES <supplied reason="lost">EUM ESSE</supplied>
     <lb xml:id="fol_7r.27" n="27"/><choice><abbr>D&#772;M&#772;</abbr><expan>D<ex>EU</ex>M</expan></choice> DEORUM NON DEORUM FALSO<supplied reason="lost">RUM HOC</supplied> <app><rdg wit="#Sang178 #7Weiss">ID</rdg></app>
     <lb xml:id="fol_7r.28" n="28"/>EST IMPIORUM ET SUPERBORUM <supplied reason="lost">QUI EJUS</supplied>
     <lb xml:id="fol_7r.29" n="29"/>INCOMMUTABILI OMNIBUSQUE <supplied reason="lost"><w part="I">COMMU</w></supplied>
     <lb xml:id="fol_7r.30" n="30"/><w part="F">N<del>E</del><add>I</add></w> LUCE PRIUATI ET OB HOC <app><rdg wit="#Clm6267">OBOC</rdg></app> AD QUANDAM <supplied reason="lost"><w part="I">EGE</w></supplied>
    </ab>
   </div>
   
      </body>
    </text>  
  
</TEI>
