<?xml version="1.0" encoding="UTF-8"?>
<?xml-model RNGSchema="http://www.stoa.org/epidoc/schema/latest/tei-epidoc.rng" type="xml"?>
<?xml-stylesheet type="text/xsl" href="msxxviii26.xsl"?>
<TEI xmlns="http://www.tei-c.org/ns/1.0">
 <teiHeader>
  <fileDesc>
   
   <titleStmt>
    <title ref="http://data.perseus.org/catalog/urn:cts:latinLit:stoa0040.stoa003" xml:id="edition">Contra Paganos De Civitate Dei: A Digital Edition of the Oldest Surviving Manuscript</title>
    <author ref="http://data.perseus.org/catalog/urn:cts:latinLit:stoa0040">Aurelius Augustinus</author>
    <editor>Greta Franzini</editor>
    <respStmt>
     <persName>Greta Franzini</persName>
     <resp>PhD student</resp>
    </respStmt>
    <respStmt>
     <persName>Melissa Terras</persName>
     <resp>First supervisor</resp>
    </respStmt>
    <respStmt>
     <persName>Simon Mahony</persName>
     <resp>Second supervisor</resp>
    </respStmt>
   </titleStmt>
   
   <editionStmt>
    <edition n="1">First digital edition</edition>
   </editionStmt>
   
   <publicationStmt>
    <authority>Greta Franzini</authority>
    <idno>Fol_07r-43r.xml</idno>
    <authority>UCL Centre for Digital Humanities</authority>
    <availability>
     <p>Available under a Creative Commons Attribution-ShareAlike International 4.0 License</p>
    </availability>
    <date>2014</date>
   </publicationStmt>
   
   <sourceDesc>
    <msDesc>
     <msIdentifier>
      <settlement>Verona</settlement>
      <repository>Biblioteca Capitolare</repository>
      <idno>MS XXVIII(26)</idno>
     </msIdentifier>
     
     <msContents>
      <msItem>
       <locus>f. 7r-43r</locus>
       <explicit>
        <locus>f. 43r</locus>
        <lb/>AUGUSTINI EPISCOPI 
        <lb />CATHOLICI DE CIUITATE <choice><abbr>D&#772;I&#772;</abbr><expan>D<ex>E</ex>I</expan></choice> 
        <lb />CONTRA PAGANOS 
        <lb />LIBER &#183; XI &#183; EXPLICIT
       </explicit>
      </msItem>
     </msContents>
     
     <physDesc>
      <objectDesc form="codex">
       <supportDesc material="parchment">
        <support><p>Parchment</p></support>
        <extent>ff.253 <dimensions scope="all" type="leaf" unit="mm">
         <height>292</height>
         <width>190</width>
        </dimensions>
        </extent>
       </supportDesc>
       <layoutDesc>
        <layout columns="1"><p>In a single column</p></layout>
       </layoutDesc>
      </objectDesc>
      
      <bindingDesc>
       <binding contemporary="unknown">
        <p>Bound in <material>rigid parchment</material>, possibly in 18th
         century, and rebound using the same support in 1926.</p>
       </binding>
      </bindingDesc>
     </physDesc>
     
     <history>
      <origin>
       <p>Written in <origPlace>North Africa</origPlace> in the <origDate>early 5th century.</origDate>
       </p>
      </origin>
     </history>
    </msDesc>
   </sourceDesc>
  </fileDesc>
  <encodingDesc>
   <p>The following text was encoded in accordance with EpiDoc standards.</p>
  </encodingDesc>
  <profileDesc>
   <langUsage>
    <language ident="la">Latin</language>
   </langUsage>
  </profileDesc>
  
 </teiHeader>
    
 
 <text>
  
  <body>
   <head>
   </head>
   
   
   
   <div n="Folio 8r" type="edition">
    <ab>
     <lb xml:id="fol_8r.1" n="1"/>NON EST QUOD IPSE NON FECIT NISI IPSE
     <lb xml:id="fol_8r.2" n="2"/>SIC ENIM <choice><abbr>D&#772;S&#772;</abbr><expan>D<ex>EU</ex>S</expan></choice> CUM HOMINE NON PER <choice><abbr>ALIQUA &#772;</abbr><expan>ALIQUA<ex>M</ex></expan></choice> 
     <lb xml:id="fol_8r.3" n="3"/>CREATURAM LOQUITUR CORPORALEM
     <lb xml:id="fol_8r.4" n="4"/><choice><abbr>CORPORALIB&#183;</abbr><expan>CORPORALIB<ex>US</ex></expan></choice> INSTREPENS <choice><abbr>AURIB&#183;</abbr><expan>AURIB<ex>US</ex></expan></choice> UT INTER
     <lb xml:id="fol_8r.5" n="5"/>SONANTEM ET <supplied reason="lost">AUDIENTEM</supplied> AERIA SPATIA <w part="I">UER</w>
     <lb xml:id="fol_8r.6" n="6"/><w part="F">BERENTUR</w> NEQUE <supplied reason="lost">PER</supplied> EIUS MODI <w part="I"><supplied reason="lost">SPIRITA</supplied></w> 
     <lb xml:id="fol_8r.7" n="7"/><w part="F">LEM</w> QUAE <supplied reason="lost">CORPORUM</supplied> <choice><abbr>SIMILITUDINIB&#183;</abbr><expan>SIMILITUDINIB<ex>US</ex></expan></choice>
     <lb xml:id="fol_8r.8" n="8"/><supplied reason="lost">FIGURATUR</supplied> SICUT IN SOMNIS UEL QUO<del rend="strikethrough">D</del>
     <lb xml:id="fol_8r.9" n="9"/>ALIO <supplied reason="lost">TALI</supplied> MODO <supplied reason="lost">NAM ET SIC UELUT</supplied> <w part="I">CORPO</w>
     <lb xml:id="fol_8r.10" n="10"/><w part="F">RIS</w> <choice><abbr>AURIB&#183;</abbr><expan>AURIB<ex>US</ex></expan></choice> LOQUITUR QUIA UELUT PER <w part="I">COR</w>
     <lb xml:id="fol_8r.11" n="11"/><w part="F">PUS</w> LOQUITUR ET UELUT INTERPOSITO <w part="I">COR</w>
     <lb xml:id="fol_8r.12" n="12"/><w part="F"><supplied reason="lost">PORALIUM</supplied></w> LOCORUM <supplied reason="lost">INTERUALLO</supplied>
     <lb xml:id="fol_8r.13" n="13"/>MULTUM ENIM <supplied reason="lost">SIMILIA</supplied> SUNT <supplied reason="lost">TALIA UISA</supplied> <choice><abbr><w part="I">COR</w>
     <lb xml:id="fol_8r.14" n="14"/><w part="F">PORIB&#183;</w></abbr><expan>CORPORIB<ex>US</ex></expan></choice> SED LOQUITUR IPSA <supplied reason="lost">UERITATE SI</supplied> QUIS
     <lb xml:id="fol_8r.15" n="15"/><supplied reason="lost">SIT</supplied> IDONEUS AD AUDIENDUM MENTE NON
     <lb xml:id="fol_8r.16" n="16"/><supplied reason="lost">CORPORE AD</supplied> ILLUD ENIM HOMINIS ITA
     <lb xml:id="fol_8r.17" n="17"/>LOQUITUR QUOD IN HOMINE CETERIS <choice><abbr>QUIB&#183;</abbr><expan>QUIB<ex>US</ex></expan></choice>
     <lb xml:id="fol_8r.18" n="18"/><supplied reason="lost">HOMO CONSTAT EST MELIUS ET QUO</supplied> <app><rdg wit="#7Weiss">HOMO EST UT EST MELIUS ET QUO</rdg></app> IPSE <choice><abbr>D&#772;S&#772;</abbr><expan>D<ex>EU</ex>S</expan></choice>
     <lb xml:id="fol_8r.19" n="19"/><supplied reason="lost">SOLUS EST MELIOR CUM ENIM HOMO RECTIS</supplied>
     <lb xml:id="fol_8r.20" n="20"/>SIME <supplied reason="lost">INTELLEGATUR UEL SI HOC</supplied> NON POTEST
     <lb xml:id="fol_8r.21" n="21"/><supplied reason="lost">SALTEM CREDATUR FACTUS AD IMAGINEM</supplied> <choice><abbr>D&#772;I&#772;</abbr><expan>D<ex>E</ex>I</expan></choice>
     <lb xml:id="fol_8r.22" n="22"/><supplied reason="lost">PROFECTO EA SUI PARTE EST</supplied> PROPINQUIOR
     <lb xml:id="fol_8r.23" n="23"/>SUPERIORI <choice><abbr>D&#772;O&#772;</abbr><expan>D<ex>E</ex>O</expan></choice> <supplied reason="lost">QUA SUPERAT INFERIORES</supplied>
     <lb xml:id="fol_8r.24" n="24"/>SUAS QUAS ETIAM CUM <choice><abbr>PECORIB&#183;</abbr><expan>PECORIB<ex>US</ex></expan></choice> <w part="I">COMMU</w>
     <lb xml:id="fol_8r.25" n="25"/><w part="F">NES</w> HABET &#183; SED <supplied reason="lost">QUIA IPSA MENS</supplied> CUI RATIO
     <lb xml:id="fol_8r.26" n="26"/>ET INTELLEGENTIA <supplied reason="lost">NATURALITER</supplied> <add place="above">IN</add>EST UITIIS
     <lb xml:id="fol_8r.27" n="27"/>QUIBUSDAM TENEBRO<supplied reason="lost">SIS</supplied> ET UETERIBUS
     <lb xml:id="fol_8r.28" n="28"/><supplied reason="lost">INUALIDA</supplied> EST NON SOLUM AD <choice><abbr>INHERENDU &#772;</abbr><expan>INHERENDU<ex>M</ex></expan></choice> <app><rdg wit="#CSEL40">INHAERENDUM</rdg></app>
     <lb xml:id="fol_8r.29" n="29"/><supplied reason="lost">FRUENDO</supplied> UERUM ETIAM AD <supplied reason="lost">PERFERENDUM</supplied>
     <lb xml:id="fol_8r.30" n="30"/><supplied reason="lost">INCOMMUTABILE</supplied> LUMEN DONEC DE <choice><abbr>DIE &#772;</abbr><expan>DIE<ex>M</ex></expan></choice>
    </ab>
   </div>
   
      </body>
    </text>  
  
</TEI>
