<?xml version="1.0" encoding="UTF-8"?>
<?xml-model RNGSchema="http://www.stoa.org/epidoc/schema/latest/tei-epidoc.rng" type="xml"?>
<?xml-stylesheet type="text/xsl" href="msxxviii26.xsl"?>
<TEI xmlns="http://www.tei-c.org/ns/1.0">
 <teiHeader>
  <fileDesc>
   
   <titleStmt>
    <title ref="http://data.perseus.org/catalog/urn:cts:latinLit:stoa0040.stoa003" xml:id="edition">Contra Paganos De Civitate Dei: A Digital Edition of the Oldest Surviving Manuscript</title>
    <author ref="http://data.perseus.org/catalog/urn:cts:latinLit:stoa0040">Aurelius Augustinus</author>
    <editor>Greta Franzini</editor>
    <respStmt>
     <persName>Greta Franzini</persName>
     <resp>PhD student</resp>
    </respStmt>
    <respStmt>
     <persName>Melissa Terras</persName>
     <resp>First supervisor</resp>
    </respStmt>
    <respStmt>
     <persName>Simon Mahony</persName>
     <resp>Second supervisor</resp>
    </respStmt>
   </titleStmt>
   
   <editionStmt>
    <edition n="1">First digital edition</edition>
   </editionStmt>
   
   <publicationStmt>
    <authority>Greta Franzini</authority>
    <idno>Fol_07r-43r.xml</idno>
    <authority>UCL Centre for Digital Humanities</authority>
    <availability>
     <p>Available under a Creative Commons Attribution-ShareAlike International 4.0 License</p>
    </availability>
    <date>2014</date>
   </publicationStmt>
   
   <sourceDesc>
    <msDesc>
     <msIdentifier>
      <settlement>Verona</settlement>
      <repository>Biblioteca Capitolare</repository>
      <idno>MS XXVIII(26)</idno>
     </msIdentifier>
     
     <msContents>
      <msItem>
       <locus>f. 7r-43r</locus>
       <explicit>
        <locus>f. 43r</locus>
        <lb />AUGUSTINI EPISCOPI 
        <lb />CATHOLICI DE CIUITATE <choice><abbr>D&#772;I&#772;</abbr><expan>D<ex>E</ex>I</expan></choice> 
        <lb />CONTRA PAGANOS 
        <lb />LIBER &#183; XI &#183; EXPLICIT
       </explicit>
      </msItem>
     </msContents>
     
     <physDesc>
      <objectDesc form="codex">
       <supportDesc material="parchment">
        <support><p>Parchment</p></support>
        <extent>ff.253 <dimensions scope="all" type="leaf" unit="mm">
         <height>292</height>
         <width>190</width>
        </dimensions>
        </extent>
       </supportDesc>
       <layoutDesc>
        <layout columns="1"><p>In a single column</p></layout>
       </layoutDesc>
      </objectDesc>
      
      <bindingDesc>
       <binding contemporary="unknown">
        <p>Bound in <material>rigid parchment</material>, possibly in 18th
         century, and rebound using the same support in 1926.</p>
       </binding>
      </bindingDesc>
     </physDesc>
     
     <history>
      <origin>
       <p>Written in <origPlace>North Africa</origPlace> in the <origDate>early 5th century.</origDate>
       </p>
      </origin>
     </history>
    </msDesc>
   </sourceDesc>
  </fileDesc>
  <encodingDesc>
   <p>The following text was encoded in accordance with EpiDoc standards.</p>
  </encodingDesc>
  <profileDesc>
   <langUsage>
    <language ident="la">Latin</language>
   </langUsage>
  </profileDesc>
  
 </teiHeader>
    
 
 <text>
  
  <body>
   <head>
   </head>
   
   <div n="Folio 9r" type="edition">
    <ab>
     <lb xml:id="fol_9r.1" n="1"/><w part="F">TRIS</w> QUONIAM NOSTRO TESTIMONIO <w part="I">SCI</w>  
     <lb xml:id="fol_9r.2" n="2"/><w part="F">RE</w> NON POSSUMUS DE HIS ALIOS TESTES
     <lb xml:id="fol_9r.3" n="3"/>REQUIRIMUS EISQUE CREDIMUS <choice><abbr>QUORU &#772;</abbr><expan>QUORU<ex>M</ex></expan></choice> <app><rdg wit="#CSEL40">A QUORUM</rdg></app>
     <lb xml:id="fol_9r.4" n="4"/><choice><abbr>SENSIB&#183;</abbr><expan>SENSIB<ex>US</ex></expan></choice> REMOTA ESSE UEL FUISSE NON <w part="I">CRE</w>
     <lb xml:id="fol_9r.5" n="5"/><w part="F">DIMUS</w> SICUT ERGO DE <choice><abbr>UISIBILIB&#183;</abbr><expan>UISIBILIB<ex>US</ex></expan></choice> QUAE
     <lb xml:id="fol_9r.6" n="6"/>NON UIDIMUS EIS CREDIMUS QUI <w part="I">UIDE</w>
     <lb xml:id="fol_9r.7" n="7"/><w part="F">RUNT</w> ATQUE <app><rdg wit="#CSEL40">ADQUE</rdg></app> ITA DE CETERIS QUAE AD SUUM 
     <lb xml:id="fol_9r.8" n="8"/><choice><abbr>QUEMQ&#183;</abbr><expan>QUEMQ<ex>UE</ex></expan></choice> SE<add place="above">NS</add>UM CORPORIS PERTINENT &#183; ITA
     <lb xml:id="fol_9r.9" n="9"/>DE HIS QUAE ANIMO AC MENTE <w part="I">SENTIUN</w>
     <lb xml:id="fol_9r.10" n="10"/><w part="F">TUR</w> QUA <app><rdg wit="#CSEL40">QUIA</rdg></app> ET IPSE RECTISSIME DICITUR <w part="I"><choice><abbr>SE &#772;</abbr><expan>SE<ex>N</ex></expan></choice></w>
     <lb xml:id="fol_9r.11" n="11"/><w part="F">SUS</w> UNDE ET SENTENTIA UOCABULUM <w part="I">ACCE</w>
     <lb xml:id="fol_9r.12" n="12"/><w part="F">PIT</w> HOC EST DE <choice><abbr>INUISIBILIB&#183;</abbr><expan>INUISIBILIB<ex>US</ex></expan></choice> QUAE A NOSTRO
     <lb xml:id="fol_9r.13" n="13"/>SENSU INTERIORE REMOTA SUNT HIS NOS
     <lb xml:id="fol_9r.14" n="14"/>OPORTET CREDERE QUI HAEC IN ILLO <w part="I">CORPO</w>
     <lb xml:id="fol_9r.15" n="15"/><w part="F">REO</w> <app><rdg wit="#CSEL40">INCORPOREO</rdg></app> LUMINE DISPOSITA DIDICERUNT UEL  
     <note type="scholion" subtype="chapter" n="4" place="margin">IIII</note><lb xml:id="fol_9r.16" n="16"/>MANENTIA CONTUENTUR; UISIBILIUM <note type="scholion" place="margin">R&#772;</note>
     <lb xml:id="fol_9r.17" n="17"/>OMNIUM MAXIMUS MUNDUS EST
     <lb xml:id="fol_9r.18" n="18"/>INUISIBILIUM OMNIUM MAXIMUS <choice><abbr>D&#772;S&#772;</abbr><expan>D<ex>EU</ex>S</expan></choice> EST
     <lb xml:id="fol_9r.19" n="19"/>SED MUNDUM ESSE CONSPICIMUS <choice><abbr>D&#772;M&#772;</abbr><expan>D<ex>EU</ex>M</expan></choice> ESSE
     <lb xml:id="fol_9r.20" n="20"/>CREDIMUS; QUOD AUTEM <choice><abbr>D&#772;S&#772;</abbr><expan>D<ex>EU</ex>S</expan></choice> FECERIT <w part="I"><choice><abbr>MU &#772;</abbr><expan>MU<ex>N</ex></expan></choice></w>
     <lb xml:id="fol_9r.21" n="21"/><w part="F">DUM</w> NULLI <choice><sic>TOTIUS</sic><corr>TUTIUS</corr></choice> CREDIMUS QUAM IPSI <add><choice><abbr>D&#772;O&#772;</abbr><expan>D<ex>E</ex>O</expan></choice></add>
     <lb xml:id="fol_9r.22" n="22"/>UBI EUM AUDIUIMUS NUSQUAM INTER<add place="right">IM&#772;</add>
     <lb xml:id="fol_9r.23" n="23"/>NOS MELIUS QUAM IN SCRIBTURIS <app><rdg wit="#CSEL40">SCRIPTURIS</rdg></app> <choice><abbr>S&#772;C&#772;I&#772;S&#772;</abbr><expan>S<ex>AN</ex>C<ex>T</ex>IS</expan></choice>
     <lb xml:id="fol_9r.24" n="24"/>UBI DIXIT PROPHETA EIUS IN PRINCIPIO FECIT
     <lb xml:id="fol_9r.25" n="25"/><choice><abbr>D&#772;S&#772;</abbr><expan>D<ex>EU</ex>S</expan></choice> CAELUM ET TERRAM; NUMQUIDNAM
     <lb xml:id="fol_9r.26" n="26"/>IBI FUIT ISTE PROPHETA QUANDO FECIT <choice><abbr>D&#772;S&#772;</abbr><expan>D<ex>EU</ex>S</expan></choice>
     <lb xml:id="fol_9r.27" n="27"/>CAELUM ET TERRAM NON SED IBI FUIT <w part="I">SA</w> <note type="scholion" place="margin">R&#772; qd&#772; sapient<supplied reason="lost">ia</supplied> <choice><abbr>di&#772;</abbr><expan>d<ex>e</ex>i</expan></choice> erant <supplied reason="lost">...</supplied></note>
     <lb xml:id="fol_9r.28" n="28"/><w part="F">PIENTIA</w> <choice><abbr>D&#772;I&#772;</abbr><expan>D<ex>E</ex>I</expan></choice> PER QUAM FACTA SUNT OMNIA
     <lb xml:id="fol_9r.29" n="29"/>QUAE IN ANIMAS <choice><abbr>S&#772;C&#772;A&#772;S&#772;</abbr><expan>S<ex>AN</ex>C<ex>T</ex>AS</expan></choice> ETIAM SE TRANSFERT <app><rdg wit="#CSEL40">TRANSFERENS</rdg></app>
     <lb xml:id="fol_9r.30" n="30"/>AMICOS <choice><abbr>D&#772;I&#772;</abbr><expan>D<ex>E</ex>I</expan></choice> ET PROPHETAS CONSTITUIT <choice><abbr>EISQ&#183;</abbr><expan>EISQ<ex>UE</ex></expan></choice>
    </ab>
   </div>
   
      </body>
    </text>  
  
</TEI>
