<?xml version="1.0" encoding="UTF-8"?>
<?xml-model RNGSchema="http://www.stoa.org/epidoc/schema/latest/tei-epidoc.rng" type="xml"?>
<?xml-stylesheet type="text/xsl" href="msxxviii26.xsl"?>
<TEI xmlns="http://www.tei-c.org/ns/1.0">
 <teiHeader>
  <fileDesc>
   
   <titleStmt>
    <title ref="http://data.perseus.org/catalog/urn:cts:latinLit:stoa0040.stoa003" xml:id="edition">Contra Paganos De Civitate Dei: A Digital Edition of the Oldest Surviving Manuscript</title>
    <author ref="http://data.perseus.org/catalog/urn:cts:latinLit:stoa0040">Aurelius Augustinus</author>
    <editor>Greta Franzini</editor>
    <respStmt>
     <persName>Greta Franzini</persName>
     <resp>PhD student</resp>
    </respStmt>
    <respStmt>
     <persName>Melissa Terras</persName>
     <resp>First supervisor</resp>
    </respStmt>
    <respStmt>
     <persName>Simon Mahony</persName>
     <resp>Second supervisor</resp>
    </respStmt>
   </titleStmt>
   
   <editionStmt>
    <edition n="1">First digital edition</edition>
   </editionStmt>
   
   <publicationStmt>
    <authority>Greta Franzini</authority>
    <idno>Fol_07r-43r.xml</idno>
    <authority>UCL Centre for Digital Humanities</authority>
    <availability>
     <p>Available under a Creative Commons Attribution-ShareAlike International 4.0 License</p>
    </availability>
    <date>2014</date>
   </publicationStmt>
   
   <sourceDesc>
    <msDesc>
     <msIdentifier>
      <settlement>Verona</settlement>
      <repository>Biblioteca Capitolare</repository>
      <idno>MS XXVIII(26)</idno>
     </msIdentifier>
     
     <msContents>
      <msItem>
       <locus>f. 7r-43r</locus>
       <explicit>
        <locus>f. 43r</locus>
        <lb />AUGUSTINI EPISCOPI 
        <lb />CATHOLICI DE CIUITATE <choice><abbr>D&#772;I&#772;</abbr><expan>D<ex>E</ex>I</expan></choice> 
        <lb />CONTRA PAGANOS 
        <lb />LIBER &#183; XI &#183; EXPLICIT
       </explicit>
      </msItem>
     </msContents>
     
     <physDesc>
      <objectDesc form="codex">
       <supportDesc material="parchment">
        <support><p>Parchment</p></support>
        <extent>ff.253 <dimensions scope="all" type="leaf" unit="mm">
         <height>292</height>
         <width>190</width>
        </dimensions>
        </extent>
       </supportDesc>
       <layoutDesc>
        <layout columns="1"><p>In a single column</p></layout>
       </layoutDesc>
      </objectDesc>
      
      <bindingDesc>
       <binding contemporary="unknown">
        <p>Bound in <material>rigid parchment</material>, possibly in 18th
         century, and rebound using the same support in 1926.</p>
       </binding>
      </bindingDesc>
     </physDesc>
     
     <history>
      <origin>
       <p>Written in <origPlace>North Africa</origPlace> in the <origDate>early 5th century.</origDate>
       </p>
      </origin>
     </history>
    </msDesc>
   </sourceDesc>
  </fileDesc>
  <encodingDesc>
   <p>The following text was encoded in accordance with EpiDoc standards.</p>
  </encodingDesc>
  <profileDesc>
   <langUsage>
    <language ident="la">Latin</language>
   </langUsage>
  </profileDesc>
  
 </teiHeader>
    
 
 <text>
  
  <body>
   <head>
   </head>
   
   <div n="Folio 10r" type="edition">
    <ab>
     <lb xml:id="fol_10r.1" n="1"/>A FORTUITA TEMERITATE DEFENDERE NE  
     <lb xml:id="fol_10r.2" n="2"/>SUBITO ILLI UENISSE CREDATUR IN <choice><abbr>MENTE&#772;</abbr><expan>MENTE<ex>M</ex></expan></choice>
     <lb xml:id="fol_10r.3" n="3"/>QUOD NUMQUAM <choice><sic>INTE</sic><corr>ANTE</corr></choice> UENISSE<add place="above">T</add> FACERE <w part="I">MU &#772;</w>
     <lb xml:id="fol_10r.4" n="4"/><w part="F">DUM</w> ET ACCIDISSE ILLI UOLUNTATEM <choice><abbr>NOUA&#772;</abbr><expan>NOUA<ex>M</ex></expan></choice> <app><rdg wit="#CSEL40">NOUAM UOLUNTATEM</rdg></app>
     <lb xml:id="fol_10r.5" n="5"/>CUM IN <add place="above">N</add>ULLO SIT OMNINO MUTABILIS
     <lb xml:id="fol_10r.6" n="6"/>SED NON UIDEO QUO MODO EIS POSSIT IN <w part="I">CETE</w>
     <lb xml:id="fol_10r.7" n="7"/><w part="F">RIS</w> <choice><abbr>REB&#183;</abbr><expan>REB<ex>US</ex></expan></choice> RATIO ISTA SUBSISTERE <choice><abbr>MAXIMEQ&#183;</abbr><expan>MAXIMEQ<ex>UE</ex></expan></choice> IN
     <lb xml:id="fol_10r.8" n="8"/>ANIMA QUAM SI <choice><abbr>D&#772;O&#772;</abbr><expan>D<ex>E</ex>O</expan></choice> COAETERNAM ESSE <w part="I">CON</w>
     <lb xml:id="fol_10r.9" n="9"/><w part="F">TENDERINT</w> UNDE ILLI ACCIDERIT NOUA
     <lb xml:id="fol_10r.10" n="10"/>MISERIA QUAE NUMQUAM ANTEA PER <w part="I">AE</w>
     <lb xml:id="fol_10r.11" n="11"/><w part="F">TERNUM</w> NULLO MODO POTERUNT <w part="I">EXPLICA</w>
     <lb xml:id="fol_10r.12" n="12"/><w part="F">RE</w>. SI ENIM ALTERNASSE SEMPER EIUS <w part="I">MISE</w>
     <lb xml:id="fol_10r.13" n="13"/><w part="F">RIAM</w> ET BEATITUDINEM DIXERINT NECESSE
     <lb xml:id="fol_10r.14" n="14"/>EST DICANT ETIAM SEMPER <choice><abbr>ALTERNATURA&#772;</abbr><expan>ALTERNATURA<ex>M</ex></expan></choice>
     <lb xml:id="fol_10r.15" n="15"/>UNDE ILLA EOS SEQUETUR ABSURDITAS UT
     <lb xml:id="fol_10r.16" n="16"/>ETIAM CUM BEATA DICITUR IN HOC UTIQUE
     <lb xml:id="fol_10r.17" n="17"/>NON SIT <add place="above">BEATA SI</add> FUTURA<add place="above">M</add> SUAM MISERIAM
     <lb xml:id="fol_10r.18" n="18"/>ET TURPITUDINEM PRAEUIDET SI <choice><abbr>AUTE&#772;</abbr><expan>AUTE<ex>M</ex></expan></choice>
     <lb xml:id="fol_10r.19" n="19"/>NON PRAEUIDET <supplied reason="lost">NEC SE TURPEM AC <w part="I">MISE</w></supplied>
     <lb xml:id="fol_10r.20" n="20"/><w part="F">RAM</w> FORE SED BEATAM SEMPER EXISTIMAT
     <lb xml:id="fol_10r.21" n="21"/>FALSA OPINIONE SIT BEATA QUO DICI STULTIUS
     <lb xml:id="fol_10r.22" n="22"/>NIHIL POTEST: SI AUTEM SEMPER QUIDEM
     <lb xml:id="fol_10r.23" n="23"/>PER SAECULA RETRO INFINITA CUM <w part="I">BEATITU</w>
     <lb xml:id="fol_10r.24" n="24"/><w part="F">DINE</w> ALTERNASSE ANIMAE MISERIAM <w part="I">PU</w>
     <lb xml:id="fol_10r.25" n="25"/><w part="F">TANT</w> SED NUNC IAM DE CETERO CUM FUERIT
     <lb xml:id="fol_10r.26" n="26"/>LIBERATA AD MISERIAM NON ESSE <choice><abbr>REDITURA&#772;</abbr><expan>REDITURA<ex>M</ex></expan></choice>
     <lb xml:id="fol_10r.27" n="27"/>NIHILHOMINUS <app><rdg wit="#CSEL40">NIHILO MINUS</rdg></app> CONUINCUNTUR <w part="I">NUM</w>
     <lb xml:id="fol_10r.28" n="28"/><w part="F">QUAM</w> EAM FUISSE UERAE  <app><rdg wit="#CSEL40">UERE</rdg></app> BEATAM SED <w part="I">DE</w>
     <lb xml:id="fol_10r.29" n="29"/><w part="F">INCEPS</w> ESSE INCIPERE NOUA QUADAM NEC
     <lb xml:id="fol_10r.30" n="30"/>FALLACI BEATITUDINE AC PER HOC <w part="F"><choice><abbr>FATEBU&#772;</abbr><expan>FATEBU<ex>N</ex></expan></choice></w>
    </ab>
   </div>
   
      </body>
    </text>  
  
</TEI>
