<?xml version="1.0" encoding="UTF-8"?>
<?xml-model RNGSchema="http://www.stoa.org/epidoc/schema/latest/tei-epidoc.rng" type="xml"?>
<?xml-stylesheet type="text/xsl" href="msxxviii26.xsl"?>
<TEI xmlns="http://www.tei-c.org/ns/1.0">
 <teiHeader>
  <fileDesc>
   
   <titleStmt>
    <title ref="http://data.perseus.org/catalog/urn:cts:latinLit:stoa0040.stoa003" xml:id="edition">Contra Paganos De Civitate Dei: A Digital Edition of the Oldest Surviving Manuscript</title>
    <author ref="http://data.perseus.org/catalog/urn:cts:latinLit:stoa0040">Aurelius Augustinus</author>
    <editor>Greta Franzini</editor>
    <respStmt>
     <persName>Greta Franzini</persName>
     <resp>PhD student</resp>
    </respStmt>
    <respStmt>
     <persName>Melissa Terras</persName>
     <resp>First supervisor</resp>
    </respStmt>
    <respStmt>
     <persName>Simon Mahony</persName>
     <resp>Second supervisor</resp>
    </respStmt>
   </titleStmt>
   
   <editionStmt>
    <edition n="1">First digital edition</edition>
   </editionStmt>
   
   <publicationStmt>
    <authority>Greta Franzini</authority>
    <idno>Fol_07r-43r.xml</idno>
    <authority>UCL Centre for Digital Humanities</authority>
    <availability>
     <p>Available under a Creative Commons Attribution-ShareAlike International 4.0 License</p>
    </availability>
    <date>2014</date>
   </publicationStmt>
   
   <sourceDesc>
    <msDesc>
     <msIdentifier>
      <settlement>Verona</settlement>
      <repository>Biblioteca Capitolare</repository>
      <idno>MS XXVIII(26)</idno>
     </msIdentifier>
     
     <msContents>
      <msItem>
       <locus>f. 7r-43r</locus>
       <explicit>
        <locus>f. 43r</locus>
        <lb />AUGUSTINI EPISCOPI 
        <lb />CATHOLICI DE CIUITATE <choice><abbr>D&#772;I&#772;</abbr><expan>D<ex>E</ex>I</expan></choice> 
        <lb />CONTRA PAGANOS 
        <lb />LIBER &#183; XI &#183; EXPLICIT
       </explicit>
      </msItem>
     </msContents>
     
     <physDesc>
      <objectDesc form="codex">
       <supportDesc material="parchment">
        <support><p>Parchment</p></support>
        <extent>ff.253 <dimensions scope="all" type="leaf" unit="mm">
         <height>292</height>
         <width>190</width>
        </dimensions>
        </extent>
       </supportDesc>
       <layoutDesc>
        <layout columns="1"><p>In a single column</p></layout>
       </layoutDesc>
      </objectDesc>
      
      <bindingDesc>
       <binding contemporary="unknown">
        <p>Bound in <material>rigid parchment</material>, possibly in 18th
         century, and rebound using the same support in 1926.</p>
       </binding>
      </bindingDesc>
     </physDesc>
     
     <history>
      <origin>
       <p>Written in <origPlace>North Africa</origPlace> in the <origDate>early 5th century.</origDate>
       </p>
      </origin>
     </history>
    </msDesc>
   </sourceDesc>
  </fileDesc>
  <encodingDesc>
   <p>The following text was encoded in accordance with EpiDoc standards.</p>
  </encodingDesc>
  <profileDesc>
   <langUsage>
    <language ident="la">Latin</language>
   </langUsage>
  </profileDesc>
  
 </teiHeader>
    
 
 <text>
  
  <body>
   <head>
    <title xml:id="book">Liber XI</title>
   </head>
   
   <div n="Folio 12r" type="edition">
    <ab>
     <lb xml:id="Folio12r.1" n="1"/>CONDIDIT MUNDUM CUM AEQUALITER
     <lb xml:id="Folio12r.2" n="2"/>ANTERIORA TEMPORA PER INFINITUM <w part="I">RE</w>
     <lb xml:id="Folio12r.3" n="3"/><w part="F">TRO</w> SPATIUM PRAETERISSENT NEC FUISSET
     <lb xml:id="Folio12r.4" n="4"/>ALIQUA DIFFERENTIA UNDE TEMPUS <w part="I">TEM</w>
     <lb xml:id="Folio12r.5" n="5"/><w part="F">PORI</w> ELIGENDO PRAEPONERETUR QUOD
     <lb xml:id="Folio12r.6" n="6"/>SI DICUNT INANES ESSE HOMINUM <w part="I">COGI</w>
     <lb xml:id="Folio12r.7" n="7"/><w part="F">TATIONES</w> <choice><abbr>QUIB&#183;</abbr><expan>QUIB<ex>US</ex></expan></choice> INFINITA IMAGINANTUR
     <lb xml:id="Folio12r.8" n="8"/>LOCA CUM LOCUS NULLUS SIT PRAETER <w part="I"><choice><abbr>MU &#772;</abbr><expan>MU<ex>N</ex></expan></choice></w>
     <lb xml:id="Folio12r.9" n="9"/><w part="F">DUM</w> RESPONDETUR EI ISTO <app><rdg wit="#CSEL40">EIS ISTO</rdg></app> MODO <w part="I">JNANI</w>
     <lb xml:id="Folio12r.10" n="10"/><w part="F">TER</w> HOMINES COGITARE PRAETERTA <w part="I">TEM</w>
     <lb xml:id="Folio12r.11" n="11"/><w part="F">PORA</w> UACATIONIS <choice><abbr>DJ&#772;</abbr><expan>D<ex>E</ex>J</expan></choice> &#183; CUM TEMPUS <choice><abbr>NULLU &#772;</abbr><expan>NULLU<ex>M</ex></expan></choice> <note type="scholion" place="margin">R&#772; <choice><abbr>qd&#772;</abbr><expan>q<ex>uo</ex>d</expan></choice>.... <choice><abbr>nullu &#772;</abbr><expan>nullu<ex>m</ex></expan></choice> aeternum</note> <!-- missing word in scholion-->
     <lb xml:id="Folio12r.12" n="12"/>SIT ANTE MUNDUM; <note type="scholion" subtype="chapter" n="6">V&#772;I&#772;</note> SI ENIM RECTE <w part="I">DIS</w>
     <lb xml:id="Folio12r.13" n="13"/><w part="F">CERNUNTUR</w> AETERNITAS ET TEMPUS QUOD
     <lb xml:id="Folio12r.14" n="14"/>TEMPUS SINE ALIQUA MOBILI <w part="I">MUTABILI</w>
     <lb xml:id="Folio12r.15" n="15"/><w part="F">TATE</w> NON EST IN AETER<supplied reason="lost">NITATE</supplied> AUTEM <w part="I">NUL</w>
     <lb xml:id="Folio12r.16" n="16"/><w part="F">LA</w> MUTATIO EST QUIS NON UIDEAT QUOD
     <lb xml:id="Folio12r.17" n="17"/>TEMPORA NON FUISSENT NISI CREATURA
     <lb xml:id="Folio12r.18" n="18"/>FIERET QU<supplied reason="lost">AE</supplied> ALIQUID ALIQUA MOTIONE <w part="I">MU</w>
     <lb xml:id="Folio12r.19" n="19"/><w part="F">TARET</w> CUIUS MOTIONIS <supplied reason="lost">ET MU</supplied>TATIONIS
     <lb xml:id="Folio12r.20" n="20"/>CUM ALIUD <choice><abbr>ATQ&#183;</abbr><expan>ATQ<ex>UE</ex></expan></choice> <app><rdg wit="#CSEL40">ADQUE</rdg></app> ALIUD QUA<supplied reason="lost">E SIMUL ESSE</supplied>
     <lb xml:id="Folio12r.21" n="21"/>NON POSSUNT CAEDIT ATQUE <app><rdg wit="#CSEL40">CEDIT ADQUE</rdg></app> SUCCEDIT IN
     <lb xml:id="Folio12r.22" n="22"/><choice><abbr>BREUIORIB&#183;</abbr><expan>BREUIORIB<ex>US</ex></expan></choice> UEL <choice><abbr>PRODUCTIORIB&#183;</abbr><expan>PRODUCTIORIB<ex>US</ex></expan></choice> <choice><abbr>MORARU &#772;</abbr><expan>MORARU<ex>M</ex></expan></choice>
     <lb xml:id="Folio12r.23" n="23"/>INTERUALLIS TEMPUS SEQUERETUR
     <lb xml:id="Folio12r.24" n="24"/>CUM IGITUR <choice><abbr>D&#772;S&#772;</abbr><expan>D<ex>EU</ex>S</expan></choice> &#183; IN CUIUS AETERNITATE NULLA
     <lb xml:id="Folio12r.25" n="25"/>EST OMNINO MUTATIO CREATOR SIT <w part="I">TEM</w>
     <lb xml:id="Folio12r.26" n="26"/><w part="F">PORUM</w> ET ORDINATOR QUO MODO <w part="I">DICA</w>
     <lb xml:id="Folio12r.27" n="27"/><w part="F">TUR</w> POST TEMPORUM SPATIA MUNDUM
     <lb xml:id="Folio12r.28" n="28"/>CREASSE NON UIDEO NISI DICATUR ANTE
     <lb xml:id="Folio12r.29" n="29"/>MUNDUM <choice><sic>NAM</sic><corr>IAM</corr></choice> ALIQUAM FUISSE <w part="I">CREATU</w>
     <lb xml:id="Folio12r.30" n="30"/><w part="F">RAM</w> CUIUS <choice><abbr>MOTIB&#183;</abbr><expan>MOTIB<ex>US</ex></expan></choice> TEMPORA CURRERE<hi rend="ligature">NT</hi>
    </ab> 
   </div>
   
      </body>
    </text>  
  
</TEI>
