<?xml version="1.0" encoding="UTF-8"?>
<?xml-model RNGSchema="http://www.stoa.org/epidoc/schema/latest/tei-epidoc.rng" type="xml"?>
<?xml-stylesheet type="text/xsl" href="msxxviii26.xsl"?>
<TEI xmlns="http://www.tei-c.org/ns/1.0">
 <teiHeader>
  <fileDesc>
   
   <titleStmt>
    <title ref="http://data.perseus.org/catalog/urn:cts:latinLit:stoa0040.stoa003" xml:id="edition">Contra Paganos De Civitate Dei: A Digital Edition of the Oldest Surviving Manuscript</title>
    <author ref="http://data.perseus.org/catalog/urn:cts:latinLit:stoa0040">Aurelius Augustinus</author>
    <editor>Greta Franzini</editor>
    <respStmt>
     <persName>Greta Franzini</persName>
     <resp>PhD student</resp>
    </respStmt>
    <respStmt>
     <persName>Melissa Terras</persName>
     <resp>First supervisor</resp>
    </respStmt>
    <respStmt>
     <persName>Simon Mahony</persName>
     <resp>Second supervisor</resp>
    </respStmt>
   </titleStmt>
   
   <editionStmt>
    <edition n="1">First digital edition</edition>
   </editionStmt>
   
   <publicationStmt>
    <authority>Greta Franzini</authority>
    <idno>Fol_07r-43r.xml</idno>
    <authority>UCL Centre for Digital Humanities</authority>
    <availability>
     <p>Available under a Creative Commons Attribution-ShareAlike International 4.0 License</p>
    </availability>
    <date>2014</date>
   </publicationStmt>
   
   <sourceDesc>
    <msDesc>
     <msIdentifier>
      <settlement>Verona</settlement>
      <repository>Biblioteca Capitolare</repository>
      <idno>MS XXVIII(26)</idno>
     </msIdentifier>
     
     <msContents>
      <msItem>
       <locus>f. 7r-43r</locus>
       <explicit>
        <locus>f. 43r</locus>
        <lb />AUGUSTINI EPISCOPI 
        <lb />CATHOLICI DE CIUITATE <choice><abbr>D&#772;I&#772;</abbr><expan>D<ex>E</ex>I</expan></choice> 
        <lb />CONTRA PAGANOS 
        <lb />LIBER &#183; XI &#183; EXPLICIT
       </explicit>
      </msItem>
     </msContents>
     
     <physDesc>
      <objectDesc form="codex">
       <supportDesc material="parchment">
        <support><p>Parchment</p></support>
        <extent>ff.253 <dimensions scope="all" type="leaf" unit="mm">
         <height>292</height>
         <width>190</width>
        </dimensions>
        </extent>
       </supportDesc>
       <layoutDesc>
        <layout columns="1"><p>In a single column</p></layout>
       </layoutDesc>
      </objectDesc>
      
      <bindingDesc>
       <binding contemporary="unknown">
        <p>Bound in <material>rigid parchment</material>, possibly in 18th
         century, and rebound using the same support in 1926.</p>
       </binding>
      </bindingDesc>
     </physDesc>
     
     <history>
      <origin>
       <p>Written in <origPlace>North Africa</origPlace> in the <origDate>early 5th century.</origDate>
       </p>
      </origin>
     </history>
    </msDesc>
   </sourceDesc>
  </fileDesc>
  <encodingDesc>
   <p>The following text was encoded in accordance with EpiDoc standards.</p>
  </encodingDesc>
  <profileDesc>
   <langUsage>
    <language ident="la">Latin</language>
   </langUsage>
  </profileDesc>
  
 </teiHeader>
    
 
 <text>
  
  <body>
   <head>
    <title xml:id="book">Liber XI</title>
   </head>
   
   <div n="Folio 13v" type="edition">
    <ab>
     <lb xml:id="Folio13v.1" n="1"/><w part="F">POSUIT</w> UOCABULUM NOCTIS NON <choice><abbr>ENI &#772;</abbr><expan>ENI<ex>M</ex></expan></choice>
     <lb xml:id="Folio13v.2" n="2"/>AIT ALICUBI FACTA EST NOX SED FACTA EST 
     <lb xml:id="Folio13v.3" n="3"/>UESPERA ET FACTUM EST MANE DIES UN<hi rend="ligature">US</hi>
     <lb xml:id="Folio13v.4" n="4"/>ITA DIES SECUNDUS ET CETERIS COGNITIO
     <lb xml:id="Folio13v.5" n="5"/>QUIPPE CREATURAE IN SE IPSA <w part="I">DECOLORA</w>
     <lb xml:id="Folio13v.6" n="6"/><w part="F">TIOR</w> EST UITA DICAM QUAM <supplied reason="lost">CUM</supplied> IN <choice><abbr>DI&#772;</abbr><expan>D<ex>E</ex>I</expan></choice> <w part="I">SA</w>
     <lb xml:id="Folio13v.7" n="7"/><w part="F">PIENTIA</w> COGNOSCITUR <supplied reason="lost">UELUT</supplied> IN ARTE QUA
     <lb xml:id="Folio13v.8" n="8"/>FACTA EST ID EO UESPERA QUAM NON <w part="I">CON</w>
     <lb xml:id="Folio13v.9" n="9"/><w part="F">GRUENTIUS</w> DICI POTEST QUAE TAMEN UT <w part="I">DI</w>
     <lb xml:id="Folio13v.10" n="10"/><supplied reason="lost"><w part="F">XI</w></supplied> CUM AD LAUDANDUM ET AMANDUM <w part="I">RE</w>
     <lb xml:id="Folio13v.11" n="11"/><w part="F">FERTUR</w> CREATOREM <supplied reason="lost">RECU</supplied>RRIT IN MANE
     <lb xml:id="Folio13v.12" n="12"/>ET HOC <supplied reason="lost">CUM FACIT</supplied> IN COGNITIONE SUI <supplied reason="lost">IPSI</supplied><hi rend="ligature">US</hi>
     <lb xml:id="Folio13v.13" n="13"/>DIES UNUS EST CUM IN COGNITIONEM
     <lb xml:id="Folio13v.14" n="14"/><supplied reason="lost">FIRMA</supplied>MENTI QUOD INTER AQUAS <w part="I">INFERIO</w>
     <lb xml:id="Folio13v.15" n="15"/><supplied reason="lost"><w part="F">RES</w></supplied> ET SUPERIORES CAELUM APPELLATUM
     <lb xml:id="Folio13v.16" n="16"/><supplied reason="lost">EST DIES</supplied> SECUNDUS CUM IN COGNITIONE
     <lb xml:id="Folio13v.17" n="17"/>TERRAE <supplied reason="lost">AC MARIS</supplied> OMNIUMQUE <w part="I"><choice><abbr>GIGNE &#772;</abbr><expan>GIGNE<ex>N</ex></expan></choice></w>
     <lb xml:id="Folio13v.18" n="18"/><w part="F">TIUM</w> QUAE <choice><abbr>RADICIB&#183;</abbr><expan>RADICIB<ex>US</ex></expan></choice> CONTINUATA SUNT
     <lb xml:id="Folio13v.19" n="19"/>TERRAE DIES TERTIUS CUM IN <w part="I">COGNITIO</w>
     <lb xml:id="Folio13v.20" n="20"/>NE <supplied reason="lost">LUMINA</supplied>RIUM MAIORIS ET MINORIS
     <lb xml:id="Folio13v.21" n="21"/><supplied reason="lost">OMNIUM</supplied>QUE SIDERUM DIES QUARTUS
     <lb xml:id="Folio13v.22" n="22"/>QUUM <app><rdg wit="#CSEL40">CUM</rdg></app> IN COGNITIONE OMNIUM EX AQUIS 
     <lb xml:id="Folio13v.23" n="23"/>IN <supplied reason="lost">ANIM</supplied>ALIUM NATATILIUM ATQUE <app><rdg wit="#CSEL40">ADQUE</rdg></app> <w part="I">UOLA</w>
     <lb xml:id="Folio13v.24" n="24"/>TILIUM DIES QUINTUS CUM IN <w part="I">COGNI</w>
     <lb xml:id="Folio13v.25" n="25"/><w part="F">TIONE</w> OMNIUM ANIMALIUM <w part="I">TERRENO</w>
     <lb xml:id="Folio13v.26" n="26"/><w part="F">RUM</w> <choice><abbr>ATQ&#183;</abbr><expan>ATQ<ex>UE</ex></expan></choice> <app><rdg wit="#CSEL40">ADQUE</rdg></app> IPSIUS HOMINIS DIES SEXTUS
     <lb xml:id="Folio13v.27" n="27"/><note type="scholion" subtype="chapter" n="8" place="margin">V&#772;I&#772;I&#772;I&#772;</note> CUM UERO IN DIES SEPTIMO REQUIESCIT
     <lb xml:id="Folio13v.28" n="28"/><choice><abbr>D&#772;S&#772;</abbr><expan>D<ex>EU</ex>S</expan></choice> AB <choice><abbr>OMNIB&#183;</abbr><expan>OMNIB<ex>US</ex></expan></choice> <choice><abbr>OPERIB&#183;</abbr><expan>OPERIB<ex>US</ex></expan></choice> SUIS ET SANCTIFICAT
     <lb xml:id="Folio13v.29" n="29"/>EUM NEQUEQUAM EST ACCIPIENDUM
     <lb xml:id="Folio13v.30" n="30"/>PUERILITER TAMQUAM <choice><abbr>DS&#772;</abbr><expan>D<ex>EU</ex>S</expan></choice> LABORAUERIT
    </ab> 
   </div>
   
      </body>
    </text>  
  
</TEI>
