<?xml version="1.0" encoding="UTF-8"?>
<?xml-model RNGSchema="http://www.stoa.org/epidoc/schema/latest/tei-epidoc.rng" type="xml"?>
<?xml-stylesheet type="text/xsl" href="msxxviii26.xsl"?>
<TEI xmlns="http://www.tei-c.org/ns/1.0">
 <teiHeader>
  <fileDesc>
   
   <titleStmt>
    <title ref="http://data.perseus.org/catalog/urn:cts:latinLit:stoa0040.stoa003" xml:id="edition">Contra Paganos De Civitate Dei: A Digital Edition of the Oldest Surviving Manuscript</title>
    <author ref="http://data.perseus.org/catalog/urn:cts:latinLit:stoa0040">Aurelius Augustinus</author>
    <editor>Greta Franzini</editor>
    <respStmt>
     <persName>Greta Franzini</persName>
     <resp>PhD student</resp>
    </respStmt>
    <respStmt>
     <persName>Melissa Terras</persName>
     <resp>First supervisor</resp>
    </respStmt>
    <respStmt>
     <persName>Simon Mahony</persName>
     <resp>Second supervisor</resp>
    </respStmt>
   </titleStmt>
   
   <editionStmt>
    <edition n="1">First digital edition</edition>
   </editionStmt>
   
   <publicationStmt>
    <authority>Greta Franzini</authority>
    <idno>Fol_07r-43r.xml</idno>
    <authority>UCL Centre for Digital Humanities</authority>
    <availability>
     <p>Available under a Creative Commons Attribution-ShareAlike International 4.0 License</p>
    </availability>
    <date>2014</date>
   </publicationStmt>
   
   <sourceDesc>
    <msDesc>
     <msIdentifier>
      <settlement>Verona</settlement>
      <repository>Biblioteca Capitolare</repository>
      <idno>MS XXVIII(26)</idno>
     </msIdentifier>
     
     <msContents>
      <msItem>
       <locus>f. 7r-43r</locus>
       <explicit>
        <locus>f. 43r</locus>
        <lb />AUGUSTINI EPISCOPI 
        <lb />CATHOLICI DE CIUITATE <choice><abbr>D&#772;I&#772;</abbr><expan>D<ex>E</ex>I</expan></choice> 
        <lb />CONTRA PAGANOS 
        <lb />LIBER &#183; XI &#183; EXPLICIT
       </explicit>
      </msItem>
     </msContents>
     
     <physDesc>
      <objectDesc form="codex">
       <supportDesc material="parchment">
        <support><p>Parchment</p></support>
        <extent>ff.253 <dimensions scope="all" type="leaf" unit="mm">
         <height>292</height>
         <width>190</width>
        </dimensions>
        </extent>
       </supportDesc>
       <layoutDesc>
        <layout columns="1"><p>In a single column</p></layout>
       </layoutDesc>
      </objectDesc>
      
      <bindingDesc>
       <binding contemporary="unknown">
        <p>Bound in <material>rigid parchment</material>, possibly in 18th
         century, and rebound using the same support in 1926.</p>
       </binding>
      </bindingDesc>
     </physDesc>
     
     <history>
      <origin>
       <p>Written in <origPlace>North Africa</origPlace> in the <origDate>early 5th century.</origDate>
       </p>
      </origin>
     </history>
    </msDesc>
   </sourceDesc>
  </fileDesc>
  <encodingDesc>
   <p>The following text was encoded in accordance with EpiDoc standards.</p>
  </encodingDesc>
  <profileDesc>
   <langUsage>
    <language ident="la">Latin</language>
   </langUsage>
  </profileDesc>
  
 </teiHeader>
    
 
 <text>
  
  <body>
   <head>
    <title xml:id="book">Liber XI</title>
   </head>
   
   <div n="Folio 14r" type="edition">
    <ab>
     <lb xml:id="Folio14r.1" n="1"/>OPERANDO QUI DIXIT ET FACTA SUNT <w part="I">UER</w> <note type="scholion" place="margin">uerbo...<!--illegible--></note>
     <lb xml:id="Folio14r.2" n="2"/><w part="F">BO</w> INTELLEGIBILI ET SEMPITERNO NON
     <lb xml:id="Folio14r.3" n="3"/>SONABILI ET TEMPORALI ET REQUIES <app><rdg wit="#CSEL40">SED REQUIES</rdg></app> <choice><abbr>D&#772;I&#772;</abbr><expan>D<ex>E</ex>I</expan></choice> <w part="I">RE</w>
     <lb xml:id="Folio14r.4" n="4"/><w part="F">QUIEM</w> SIGNIFICAT EORUM QUI <w part="I">REQUIES</w>
     <lb xml:id="Folio14r.5" n="5"/><w part="F">CUNT</w> IN <choice><abbr>DO&#772;</abbr><expan>D<ex>E</ex>O</expan></choice> SICUT LAETITIA DOMUS <w part="I">LAE</w>
     <lb xml:id="Folio14r.6" n="6"/><w part="F">TITIAM</w> SIGNIFICAT EORUM QUI LAETANTUR
     <lb xml:id="Folio14r.7" n="7"/>IN DOMO ETIAMSI NON EAS <app><rdg wit="#CSEL40">EOS</rdg></app> DOMUS IPSA
     <lb xml:id="Folio14r.8" n="8"/>SED ALIA RES ALIQUA LAETOS FACIT
     <lb xml:id="Folio14r.9" n="9"/>QUANTO MAGIS SI EADEM DOMUS <w part="I">PULCHRI</w>
     <lb xml:id="Folio14r.10" n="10"/><w part="F">TUDINE</w> SUA FACIAT LAETOS HABITATORES
     <lb xml:id="Folio14r.11" n="11"/>UT NON SOLUM EO LOQUENDI MODO <supplied reason="lost"><w part="I">LAE</w></supplied>
     <lb xml:id="Folio14r.12" n="12"/><w part="F">TA</w> DICATUR QUO SIGNIFICAMUS PER <supplied reason="lost">ID</supplied> QUOD
     <lb xml:id="Folio14r.13" n="13"/>CONTINET ID QUOD CONTINETUR SICUT <w part="I">THEA</w>
     <lb xml:id="Folio14r.14" n="14"/><w part="F">TRA</w> PLAUDUNT PRATA MUGIUNT CUM <supplied reason="lost">IN <w part="I">IL</w></supplied>
     <lb xml:id="Folio14r.15" n="15"/><w part="F">LIS</w> HOMINES PLAUDUNT IN HIS BOB<supplied reason="lost">ES <app><rdg wit="#CSEL40">BOUES</rdg></app> <w part="I">MU</w></supplied>
     <lb xml:id="Folio14r.16" n="16"/><w part="F"><choice><sic>GIUNT</sic><corr>GIANT</corr></choice></w> SED ETIAM ILLO QUO SIGNIFICAT<supplied reason="lost">UR</supplied>
     <lb xml:id="Folio14r.17" n="17"/>PER EFFICIENTEM ID QUOD EFFICITUR SIC<hi rend="ligature">UT</hi>
     <lb xml:id="Folio14r.18" n="18"/>LA<add place="above">E</add>TA EPISTULA DICITUR SIGNIFICANS <choice><abbr>EORU &#772;</abbr><expan>EORU<ex>M</ex></expan></choice>
     <lb xml:id="Folio14r.19" n="19"/>LAETITIAM QUOS LEGENTES EFFICIT LAETOS
     <lb xml:id="Folio14r.20" n="20"/>CONUENIENTISSIME <choice><abbr>ITAQ&#183;</abbr><expan>ITAQ<ex>UE</ex></expan></choice> CUM <choice><abbr>D&#772;M&#772;</abbr><expan>D<ex>EU</ex>M</expan></choice> <w part="I">REQUIE</w>
     <lb xml:id="Folio14r.21" n="21"/><w part="F">UISSE</w> PROPHETICA NARRAT AUC<add place="above">TO</add>RITAS <w part="I">SIG</w>
     <lb xml:id="Folio14r.22" n="22"/><w part="F">NIFICATUR</w> REQUIES EORUM QUI IN ILLO
     <lb xml:id="Folio14r.23" n="23"/>REQUIESCUNT ET QUOS FACIT IPSE <w part="I">REQUIES</w>
     <lb xml:id="Folio14r.24" n="24"/><w part="F">CERE</w> HOC ETIAM <choice><abbr>HOMINIB&#183;</abbr><expan>HOMINIB<ex>US</ex></expan></choice> <choice><abbr>QUIB&#183;</abbr><expan>QUIB<ex>US</ex></expan></choice> LOQUITUR
     <lb xml:id="Folio14r.25" n="25"/>ET PROPTER QUOS UTIQUE CONSCRIPTA EST
     <lb xml:id="Folio14r.26" n="26"/>PROMITTENTE PROPHETIA QUOD ETIAM
     <lb xml:id="Folio14r.27" n="27"/>IPSI POST BONA<del rend="expunction">M</del> OPERA<del rend="expunction">M</del> QUAE IN EIS ET 
     <lb xml:id="Folio14r.28" n="28"/>PER EOS OPERATUR <choice><abbr>D&#772;S&#772;</abbr><expan>D<ex>EU</ex>S</expan></choice> SI AD ILLUM PRIUS
     <lb xml:id="Folio14r.29" n="29"/>IN ISTA UITA PER FIDEM QUODAM MODO
     <lb xml:id="Folio14r.30" n="30"/>ACCESSERIT <app><rdg wit="#CSEL40">ACCESSERINT</rdg></app> IN ILLO HABEBUNT REQUIEM
    </ab> 
   </div>
   
      </body>
    </text>  
  
</TEI>
