<?xml version="1.0" encoding="UTF-8"?>
<?xml-model RNGSchema="http://www.stoa.org/epidoc/schema/latest/tei-epidoc.rng" type="xml"?>
<?xml-stylesheet type="text/xsl" href="msxxviii26.xsl"?>
<TEI xmlns="http://www.tei-c.org/ns/1.0">
 <teiHeader>
  <fileDesc>
   
   <titleStmt>
    <title ref="http://data.perseus.org/catalog/urn:cts:latinLit:stoa0040.stoa003" xml:id="edition">Contra Paganos De Civitate Dei: A Digital Edition of the Oldest Surviving Manuscript</title>
    <author ref="http://data.perseus.org/catalog/urn:cts:latinLit:stoa0040">Aurelius Augustinus</author>
    <editor>Greta Franzini</editor>
    <respStmt>
     <persName>Greta Franzini</persName>
     <resp>PhD student</resp>
    </respStmt>
    <respStmt>
     <persName>Melissa Terras</persName>
     <resp>First supervisor</resp>
    </respStmt>
    <respStmt>
     <persName>Simon Mahony</persName>
     <resp>Second supervisor</resp>
    </respStmt>
   </titleStmt>
   
   <editionStmt>
    <edition n="1">First digital edition</edition>
   </editionStmt>
   
   <publicationStmt>
    <authority>Greta Franzini</authority>
    <idno>Fol_07r-43r.xml</idno>
    <authority>UCL Centre for Digital Humanities</authority>
    <availability>
     <p>Available under a Creative Commons Attribution-ShareAlike International 4.0 License</p>
    </availability>
    <date>2014</date>
   </publicationStmt>
   
   <sourceDesc>
    <msDesc>
     <msIdentifier>
      <settlement>Verona</settlement>
      <repository>Biblioteca Capitolare</repository>
      <idno>MS XXVIII(26)</idno>
     </msIdentifier>
     
     <msContents>
      <msItem>
       <locus>f. 7r-43r</locus>
       <explicit>
        <locus>f. 43r</locus>
        <lb />AUGUSTINI EPISCOPI 
        <lb />CATHOLICI DE CIUITATE <choice><abbr>D&#772;I&#772;</abbr><expan>D<ex>E</ex>I</expan></choice> 
        <lb />CONTRA PAGANOS 
        <lb />LIBER &#183; XI &#183; EXPLICIT
       </explicit>
      </msItem>
     </msContents>
     
     <physDesc>
      <objectDesc form="codex">
       <supportDesc material="parchment">
        <support><p>Parchment</p></support>
        <extent>ff.253 <dimensions scope="all" type="leaf" unit="mm">
         <height>292</height>
         <width>190</width>
        </dimensions>
        </extent>
       </supportDesc>
       <layoutDesc>
        <layout columns="1"><p>In a single column</p></layout>
       </layoutDesc>
      </objectDesc>
      
      <bindingDesc>
       <binding contemporary="unknown">
        <p>Bound in <material>rigid parchment</material>, possibly in 18th
         century, and rebound using the same support in 1926.</p>
       </binding>
      </bindingDesc>
     </physDesc>
     
     <history>
      <origin>
       <p>Written in <origPlace>North Africa</origPlace> in the <origDate>early 5th century.</origDate>
       </p>
      </origin>
     </history>
    </msDesc>
   </sourceDesc>
  </fileDesc>
  <encodingDesc>
   <p>The following text was encoded in accordance with EpiDoc standards.</p>
  </encodingDesc>
  <profileDesc>
   <langUsage>
    <language ident="la">Latin</language>
   </langUsage>
  </profileDesc>
  
 </teiHeader>
    
 
 <text>
  
  <body>
   <head>
    <title xml:id="book">Liber XI</title>
   </head>
   
   <div n="Folio 14v" type="edition">
    <ab>
     <note type="scholion" place="top">Lib. XI</note>
     <lb xml:id="Folio14v.1" n="1"/>SEMPITERNAM HOC ENIM ET <w part="I">SABBA</w>
     <lb xml:id="Folio14v.2" n="2"/><w part="F">TI</w> UACATIONE EX PRAECEPTO LEGIS IN <w part="I">UE</w> 
     <lb xml:id="Folio14v.3" n="3"/><w part="F">TERE</w> <choice><abbr>DI&#772;</abbr><expan>D<ex>E</ex>I</expan></choice> POPULO FIGURATUM EST UNDE <choice><sic>TUO</sic><corr>SUO</corr></choice>
     <lb xml:id="Folio14v.4" n="4"/>LOCO DILIGENTIUS ARBITROR <choice><abbr>DISSERENDU &#772;</abbr><expan>DISSERENDU<ex>M</ex></expan></choice>
     <lb xml:id="Folio14v.5" n="5"/><note type="scholion" place="margin" subtype="chapter" n="9">V&#772;I&#772;I&#772;I&#772;I&#772;</note> NUNC  
     QUONIAM DE SANCTAE CIUITATIS <w part="I">EXOR</w>
     <lb xml:id="Folio14v.6" n="6"/><w part="F">TU</w> DICERE INSTITUI ET PRIUS QUOD AD <w part="I">SANC</w>
     <lb xml:id="Folio14v.7" n="7"/><w part="F">TOS</w> ANGELOS ATTINET <app><rdg wit="#CSEL40">ADTINET</rdg></app> DICENDUM PUTAUI
     <lb xml:id="Folio14v.8" n="8"/><supplied reason="lost">QUAE</supplied> HUIUS CIUITATIS ET MAGNA PARS EST
     <lb xml:id="Folio14v.9" n="9"/><supplied reason="lost">ET EO</supplied> BEATIOR QUOD NUMQUAM <w part="I">PEREGRI</w>
     <lb xml:id="Folio14v.10" n="10"/><w part="F">NA<supplied reason="lost">TA</supplied></w> <supplied reason="lost">QUAE</supplied> HINC DIUINA TESTIMONIA <w part="I">SUB</w>
     <lb xml:id="Folio14v.11" n="11"/><w part="F"><supplied reason="lost">PET</supplied>ANT</w> QUANTUM SATIS UIDEBITUR <choice><abbr>D&#772;O&#772;</abbr><expan>D<ex>E</ex>O</expan></choice> <w part="I">LAR</w>
     <lb xml:id="Folio14v.12" n="12"/><w part="F">GIENTE</w> EXPLICARE CONABOR <app><rdg wit="#CSEL40">CURABO</rdg></app> UBI DE <w part="I"><choice><abbr>MU &#772;</abbr><expan>MU<ex>N</ex></expan></choice></w>
     <lb xml:id="Folio14v.13" n="13"/><w part="F">DI</w> CONSTITUTIONE SACRAE LITTERAE <w part="I">DICUN</w>
     <lb xml:id="Folio14v.14" n="14"/><w part="F">TUR</w> <app><rdg wit="#CSEL40">LOQUUNTUR</rdg></app> NON EUIDENTER DICITUR UTRUM UEL
     <lb xml:id="Folio14v.15" n="15"/>QUO ORDINE CREATI <choice><sic>SUNT</sic><corr >SINT</corr></choice> ANGELI SED SI
     <lb xml:id="Folio14v.16" n="16"/>PRAETERMISSI NON SUNT UEL CAELI <w part="I">NOMI</w>
     <lb xml:id="Folio14v.17" n="17"/><w part="F">NE</w> UBI DICTUM EST IN PRINCIPIO FECIT <choice><abbr>D&#772;S&#772;</abbr><expan>D<ex>EU</ex>S</expan></choice>
     <lb xml:id="Folio14v.18" n="18"/>CAELUM ET TERRAM UEL POTIUS LUCIS <w part="I">HU</w>
     <lb xml:id="Folio14v.19" n="19"/><supplied reason="lost"><w part="F">IUS</w> DE QUA</supplied> LOQUOR SIGNIFICATI SUNT
     <lb xml:id="Folio14v.20" n="20"/>NON AUTEM ESSE PRAETERMISSO HINC <w part="I">EXIS</w>
     <lb xml:id="Folio14v.21" n="21"/><w part="F">TIMO</w> QUOD SCRIPTUM EST REQUIEUISSE
     <lb xml:id="Folio14v.22" n="22"/><choice><abbr>D&#772;M&#772;</abbr><expan>D<ex>EU</ex>M</expan></choice> IN DIE SEPTIMO AB <choice><abbr>OMNIB&#183;</abbr><expan>OMNIB<ex>US</ex></expan></choice> OPERIBUS
     <lb xml:id="Folio14v.23" n="23"/>SUIS QUAE FECIT CUM LIBER <add place="above">IPSE</add> ITA SIT EXORS<hi rend="ligature">US</hi>
     <lb xml:id="Folio14v.24" n="24"/>IN PRINCIPIO FECIT <choice><abbr>D&#772;S&#772;</abbr><expan>D<ex>EU</ex>S</expan></choice> CAELUM ET <choice><abbr>TERRA &#772;</abbr><expan>TERRA<ex>M</ex></expan></choice>
     <lb xml:id="Folio14v.25" n="25"/>UT ANTE CAELUM ET <sic>TERAM</sic> <app><rdg wit="#CSEL40">TERRAM</rdg></app> NIHIL ALIUD <w part="I">FE</w>
     <lb xml:id="Folio14v.26" n="26"/><w part="F">CISSE</w> UIDEATUR CUM ERGO A CAELO ET <w part="I">TER</w>
     <lb xml:id="Folio14v.27" n="27"/><w part="F">RA</w> COEPERIT <choice><abbr>ATQ&#183;</abbr><expan>ATQ<ex>UE</ex></expan></choice> <app><rdg wit="#CSEL40">ADQUE</rdg></app>IPSA TERRA QUAM <w part="I">PRIMI</w>
     <lb xml:id="Folio14v.28" n="28"/><w part="F">TUS</w> FECIT SICUT SCRIBTURA <app><rdg wit="#CSEL40">SCRIPTURA</rdg></app> <w part="I">CONSEQUEN</w>
     <lb xml:id="Folio14v.29" n="29"/><w part="F">TER</w> ELOQUITUR INUISIBILIS ET <w part="I">INCOM</w>
     <lb xml:id="Folio14v.30" n="30"/><w part="F">POSITA</w> NONDUMQUE <del rend="strikethrough">CA</del>L<add place="above">UC</add>E FACTA UTIQUE
     <note type="scholion" place="bottom"><choice><abbr>q&#42841;&#772;</abbr><expan>q<ex>uaternio</ex></expan></choice> I&#772;</note>
    </ab> 
   </div>
   
      </body>
    </text>  
  
</TEI>
