<?xml version="1.0" encoding="UTF-8"?>
<?xml-model RNGSchema="http://www.stoa.org/epidoc/schema/latest/tei-epidoc.rng" type="xml"?>
<?xml-stylesheet type="text/xsl" href="msxxviii26.xsl"?>
<TEI xmlns="http://www.tei-c.org/ns/1.0">
 <teiHeader>
  <fileDesc>
   
   <titleStmt>
    <title ref="http://data.perseus.org/catalog/urn:cts:latinLit:stoa0040.stoa003" xml:id="edition">Contra Paganos De Civitate Dei: A Digital Edition of the Oldest Surviving Manuscript</title>
    <author ref="http://data.perseus.org/catalog/urn:cts:latinLit:stoa0040">Aurelius Augustinus</author>
    <editor>Greta Franzini</editor>
    <respStmt>
     <persName>Greta Franzini</persName>
     <resp>PhD student</resp>
    </respStmt>
    <respStmt>
     <persName>Melissa Terras</persName>
     <resp>First supervisor</resp>
    </respStmt>
    <respStmt>
     <persName>Simon Mahony</persName>
     <resp>Second supervisor</resp>
    </respStmt>
   </titleStmt>
   
   <editionStmt>
    <edition n="1">First digital edition</edition>
   </editionStmt>
   
   <publicationStmt>
    <authority>Greta Franzini</authority>
    <idno>Fol_07r-43r.xml</idno>
    <authority>UCL Centre for Digital Humanities</authority>
    <availability>
     <p>Available under a Creative Commons Attribution-ShareAlike International 4.0 License</p>
    </availability>
    <date>2014</date>
   </publicationStmt>
   
   <sourceDesc>
    <msDesc>
     <msIdentifier>
      <settlement>Verona</settlement>
      <repository>Biblioteca Capitolare</repository>
      <idno>MS XXVIII(26)</idno>
     </msIdentifier>
     
     <msContents>
      <msItem>
       <locus>f. 7r-43r</locus>
       <explicit>
        <locus>f. 43r</locus>
        <lb />AUGUSTINI EPISCOPI 
        <lb />CATHOLICI DE CIUITATE <choice><abbr>D&#772;I&#772;</abbr><expan>D<ex>E</ex>I</expan></choice> 
        <lb />CONTRA PAGANOS 
        <lb />LIBER &#183; XI &#183; EXPLICIT
       </explicit>
      </msItem>
     </msContents>
     
     <physDesc>
      <objectDesc form="codex">
       <supportDesc material="parchment">
        <support><p>Parchment</p></support>
        <extent>ff.253 <dimensions scope="all" type="leaf" unit="mm">
         <height>292</height>
         <width>190</width>
        </dimensions>
        </extent>
       </supportDesc>
       <layoutDesc>
        <layout columns="1"><p>In a single column</p></layout>
       </layoutDesc>
      </objectDesc>
      
      <bindingDesc>
       <binding contemporary="unknown">
        <p>Bound in <material>rigid parchment</material>, possibly in 18th
         century, and rebound using the same support in 1926.</p>
       </binding>
      </bindingDesc>
     </physDesc>
     
     <history>
      <origin>
       <p>Written in <origPlace>North Africa</origPlace> in the <origDate>early 5th century.</origDate>
       </p>
      </origin>
     </history>
    </msDesc>
   </sourceDesc>
  </fileDesc>
  <encodingDesc>
   <p>The following text was encoded in accordance with EpiDoc standards.</p>
  </encodingDesc>
  <profileDesc>
   <langUsage>
    <language ident="la">Latin</language>
   </langUsage>
  </profileDesc>
  
 </teiHeader>
    
 
 <text>
  
  <body>
   <head>
    <title xml:id="book">Liber XI</title>
   </head>
   
   <div n="Folio 18v" type="edition">
    <ab>
     <lb xml:id="Folio18v.1" n="1"/>SUNT ALIUD QUAE DICUNTUR <choice><abbr>COLORU &#772;</abbr><expan>COLORU<ex>M</ex></expan></choice> <app><rdg wit="#CSEL40">LOCORUM</rdg></app>
     <lb xml:id="Folio18v.2" n="2"/><choice><abbr>QUORUMQ&#183;</abbr><expan>QUORUMQ<ex>UE</ex></expan></choice> <app><rdg wit="#CEL40">QUORUMCUMQUE</rdg></app> CORPORALIUM TENEBRAE
     <lb xml:id="Folio18v.3" n="3"/>QUAM AER CARENS LUCE ITA <w part="I">TENEBRES</w>
     <lb xml:id="Folio18v.4" n="4"/><w part="F">CERE</w> ANIMAM SAPIENTIAE LUCE <choice><abbr><w part="I">PRIUA</w>
     <lb xml:id="Folio18v.5" n="5"/><w part="F">TA &#772;</w></abbr><expan>PRIUATA<ex>M</ex></expan></choice> SECUNDUM HOC ERGO DICUNTUR
     <lb xml:id="Folio18v.6" n="6"/>ILLA SIMPLICIA QUAE PRINCIPALITER <choice><abbr><w part="I">UE</w>
     <lb xml:id="Folio18v.7" n="7"/><w part="F">REQ&#183;</w></abbr><expan>UEREQ<ex>UE</ex></expan></choice> DIUINA SUNT QUOD NON ALIUD <add place="above">EST</add> IN
     <lb xml:id="Folio18v.8" n="8"/>EIS <del rend="strikethrough">EST</del> QUALITAS ALIUD SUBSTANTIA NEC
     <lb xml:id="Folio18v.9" n="9"/>ALIORUM PARTICIPATIONE UEL DIUINA
     <lb xml:id="Folio18v.10" n="10"/>UEL SAPIENTIA UEL BEATA SUNT <choice><abbr>CETERU &#772;</abbr><expan>CETERU<ex>M</ex></expan></choice>
     <lb xml:id="Folio18v.11" n="11"/>DICTUS EST IN SCRIBTURIS <app><rdg wit="#CSEL40">SCRIPTURIS</rdg></app> <choice><abbr>S&#772;C&#772;I&#772;S&#772;</abbr><expan>S<ex>AN</ex>C<ex>T</ex>IS</expan></choice> <choice><abbr>S&#772;P&#772;S&#772;</abbr><expan>SP<ex>IRITU</ex>S</expan></choice> &#183; <w part="I">SAPIEN</w>
     <lb xml:id="Folio18v.12" n="12"/><w part="F">TIAE</w> MULTIPLEX EO QUOD MULTA IN SESE
     <lb xml:id="Folio18v.13" n="13"/>HABEAT SED QUAE HABET HOC <app><rdg wit="#CSEL40">HAEC</rdg></app> ET EST ET EA
     <lb xml:id="Folio18v.14" n="14"/>OMNIA UNUS EST <choice><abbr>NEQ&#183;</abbr><expan>NEQ<ex>UE</ex></expan></choice> ENIM MULTAE SED
     <lb xml:id="Folio18v.15" n="15"/>UNA SAPIENTIA EST IN QUA SUNT <w part="I">INFINI</w> 
     <lb xml:id="Folio18v.16" n="16"/><w part="F">TI</w> QUIDAM <choice><abbr>EIQ&#183;</abbr><expan>EIQ<ex>UE</ex></expan></choice> FINITI THENSAURI <choice><abbr>RERU &#772;</abbr><expan>RERU<ex>M</ex></expan></choice>
     <lb xml:id="Folio18v.17" n="17"/>INTELLEGIBILIUM IN <choice><abbr>QUIB&#183;</abbr><expan>QUIB<ex>US</ex></expan></choice> SUNT OMNES
     <lb xml:id="Folio18v.18" n="18"/>INUISIBILES <choice><abbr>ATQ&#183;</abbr><expan>ATQ<ex>UE</ex></expan></choice> <app><rdg wit="#CSEL40">ADQUE</rdg></app> INCOMMUTABILES <w part="I">RA</w>
     <lb xml:id="Folio18v.19" n="19"/><w part="F">TIONES</w> RERUM ETIAM UISIBILIUM ET
     <lb xml:id="Folio18v.20" n="20"/>MUTABILIUM QUAE PER IPSAM FACTAE
     <lb xml:id="Folio18v.21" n="21"/>SUNT QUONIAM <choice><abbr>DS&#772;</abbr><expan>D<ex>EU</ex>S</expan></choice> &#183; NON ALIQUID <w part="I">NES</w>
     <lb xml:id="Folio18v.22" n="22"/><w part="F">CIENS</w> FECIT QUOD NEC DE QUOLIBET <w part="I">HO</w>
     <lb xml:id="Folio18v.23" n="23"/><w part="F">MINE</w> ARTIFICE RECTE DICI POTEST
     <lb xml:id="Folio18v.24" n="24"/>PORRO SI SCIENS FECIT OMNIA EA <choice><abbr>UTIQ&#183;</abbr><expan>UTIQ<ex>UE</ex></expan></choice> FECIT
     <lb xml:id="Folio18v.25" n="25"/>QUAE NOUERAT EX QUO OCCURRIT ANIMO
     <lb xml:id="Folio18v.26" n="26"/>QUIDDAM MIRUM SED TAMEN UERUM
     <lb xml:id="Folio18v.27" n="27"/>QUOD ISTE MUNDUS NOBIS NOTUS ESSE
     <lb xml:id="Folio18v.28" n="28"/>NON POSSET NISI ESSET DEO AUTEM NISI
     <lb xml:id="Folio18v.29" n="29"/>NOTUS ESSET ESSE NON POSSET <note type="scholion" subtype="chapter" n="11" place="margin">XI</note> QUAE <choice><abbr>CU &#772;</abbr><expan>CU<ex>M</ex></expan></choice>
     <lb xml:id="Folio18v.30" n="30"/>ITA SINT NULLO MODO QUIDEM <w part="I">SECUN</w>
    </ab>  
   </div>
   
      </body>
    </text>  
  
</TEI>
