<?xml version="1.0" encoding="UTF-8"?>
<?xml-model RNGSchema="http://www.stoa.org/epidoc/schema/latest/tei-epidoc.rng" type="xml"?>
<?xml-stylesheet type="text/xsl" href="msxxviii26.xsl"?>
<TEI xmlns="http://www.tei-c.org/ns/1.0">
 <teiHeader>
  <fileDesc>
   
   <titleStmt>
    <title ref="http://data.perseus.org/catalog/urn:cts:latinLit:stoa0040.stoa003" xml:id="edition">Contra Paganos De Civitate Dei: A Digital Edition of the Oldest Surviving Manuscript</title>
    <author ref="http://data.perseus.org/catalog/urn:cts:latinLit:stoa0040">Aurelius Augustinus</author>
    <editor>Greta Franzini</editor>
    <respStmt>
     <persName>Greta Franzini</persName>
     <resp>PhD student</resp>
    </respStmt>
    <respStmt>
     <persName>Melissa Terras</persName>
     <resp>First supervisor</resp>
    </respStmt>
    <respStmt>
     <persName>Simon Mahony</persName>
     <resp>Second supervisor</resp>
    </respStmt>
   </titleStmt>
   
   <editionStmt>
    <edition n="1">First digital edition</edition>
   </editionStmt>
   
   <publicationStmt>
    <authority>Greta Franzini</authority>
    <idno>Fol_07r-43r.xml</idno>
    <authority>UCL Centre for Digital Humanities</authority>
    <availability>
     <p>Available under a Creative Commons Attribution-ShareAlike International 4.0 License</p>
    </availability>
    <date>2014</date>
   </publicationStmt>
   
   <sourceDesc>
    <msDesc>
     <msIdentifier>
      <settlement>Verona</settlement>
      <repository>Biblioteca Capitolare</repository>
      <idno>MS XXVIII(26)</idno>
     </msIdentifier>
     
     <msContents>
      <msItem>
       <locus>f. 7r-43r</locus>
       <explicit>
        <locus>f. 43r</locus>
        <lb />AUGUSTINI EPISCOPI 
        <lb />CATHOLICI DE CIUITATE <choice><abbr>D&#772;I&#772;</abbr><expan>D<ex>E</ex>I</expan></choice> 
        <lb />CONTRA PAGANOS 
        <lb />LIBER &#183; XI &#183; EXPLICIT
       </explicit>
      </msItem>
     </msContents>
     
     <physDesc>
      <objectDesc form="codex">
       <supportDesc material="parchment">
        <support><p>Parchment</p></support>
        <extent>ff.253 <dimensions scope="all" type="leaf" unit="mm">
         <height>292</height>
         <width>190</width>
        </dimensions>
        </extent>
       </supportDesc>
       <layoutDesc>
        <layout columns="1"><p>In a single column</p></layout>
       </layoutDesc>
      </objectDesc>
      
      <bindingDesc>
       <binding contemporary="unknown">
        <p>Bound in <material>rigid parchment</material>, possibly in 18th
         century, and rebound using the same support in 1926.</p>
       </binding>
      </bindingDesc>
     </physDesc>
     
     <history>
      <origin>
       <p>Written in <origPlace>North Africa</origPlace> in the <origDate>early 5th century.</origDate>
       </p>
      </origin>
     </history>
    </msDesc>
   </sourceDesc>
  </fileDesc>
  <encodingDesc>
   <p>The following text was encoded in accordance with EpiDoc standards.</p>
  </encodingDesc>
  <profileDesc>
   <langUsage>
    <language ident="la">Latin</language>
   </langUsage>
  </profileDesc>
  
 </teiHeader>
    
 
 <text>
  
  <body>
   <head>
    <title xml:id="book">Liber XI</title>
   </head>
   
   <div n="Folio 19r" type="edition">
    <ab>
     <lb xml:id="Folio19r.1" n="1"/><w part="F">DUM</w> SPATIUM ALIQUOD TEMPORIS
     <lb xml:id="Folio19r.2" n="2"/>PRIUS ERANT <choice><abbr>S&#772;P&#772;S&#772;</abbr><expan>SP<ex>IRITU</ex>S</expan></choice> &#183; ILLI TENEBRAE QUOS <w part="I">AN</w>
     <lb xml:id="Folio19r.3" n="3"/><w part="F">GELOS</w> DICIMUS SED SIMUL UT FACTI SU<hi rend="ligature">NT</hi>
     <lb xml:id="Folio19r.4" n="4"/>LUX FACTI SUNT NON TAMEN TANTUM ITA
     <lb xml:id="Folio19r.5" n="5"/>CREATI UT QUOQUO MODO ESSENT ET <w part="I">QUO</w>
     <lb xml:id="Folio19r.6" n="6"/><w part="F">QUO</w> MODO UIUERENT SED ETIAM <w part="I">INLUMI</w>
     <lb xml:id="Folio19r.7" n="7"/><w part="F">NATI</w> UT SAPIENTER BEATEUE UIUERE<hi rend="ligature">NT</hi>
     <lb xml:id="Folio19r.8" n="8"/>AB HAC INLUMINATIONE AUERSI QUIDAM
     <lb xml:id="Folio19r.9" n="9"/>ANGELI NON OPTINUERUNT <app><rdg wit="#CSEL40">OBTINUERUNT</rdg></app> <w part="I">EXCELLEN</w>
     <lb xml:id="Folio19r.10" n="10"/><w part="F">TIAM</w> SAPIENTIS <choice><abbr>BEATAEQ&#183;</abbr><expan>BEATAEQ<ex>UE</ex></expan></choice> UITAE QUE <app><rdg wit="#CSEL40">QUAE</rdg></app> <w part="I">PRO</w>
     <lb xml:id="Folio19r.11" n="11"/><w part="F">CUL</w> DUBIO NON NISI AETERNA EST <w part="I">AETER</w>
     <lb xml:id="Folio19r.12" n="12"/><w part="F">NITATISQUE</w> SUAE CERTA <choice><abbr>ATQ&#183;</abbr><expan>ATQ<ex>UE</ex></expan></choice> <app><rdg wit="#CSEL40">ADQUE</rdg></app> SECURA SED
     <lb xml:id="Folio19r.13" n="13"/>RATIONALEM UITAM LICET INSIPIENTEM <note type="scholion" place="margin">R&#772;</note>
     <lb xml:id="Folio19r.14" n="14"/>SIC HABENT UT EAM NON POSSINT <w part="I">AMIT</w>
     <lb xml:id="Folio19r.15" n="15"/><w part="F">TERE</w> NEC SI UELINT &#183; QUATENUS <choice><abbr>AUTE &#772;</abbr><expan>AUTE<ex>M</ex></expan></choice>
     <lb xml:id="Folio19r.16" n="16"/>ANTEQUAM PECCASSENT ILLIUS SAPIENTI&#198;
     <lb xml:id="Folio19r.17" n="17"/>FUERINT PARTICIPES DEFINIRE QUIS <w part="I">PO</w>
     <lb xml:id="Folio19r.18" n="18"/><w part="F">TEST</w> IN EIUS TAMEN PARTICIPATIONE
     <lb xml:id="Folio19r.19" n="19"/>AEQUALES FUISSE ISTOS ILLIS QUI <w part="I">PROPTE</w>
     <lb xml:id="Folio19r.20" n="20"/><w part="F">REA</w> UERE <choice><abbr>PLENEQ&#183;</abbr><expan>PLENEQ<ex>UE</ex></expan></choice> BEATI SUNT <choice><abbr>QUONIA &#772;</abbr><expan>QUONIA<ex>M</ex></expan></choice>
     <lb xml:id="Folio19r.21" n="21"/>NEQUAQUAM DE SUAE BEATITUDINIS 
     <lb xml:id="Folio19r.22" n="22"/>AETERNITATE FALLUNTUR QUO MODO
     <lb xml:id="Folio19r.23" n="23"/>DICTURI SUMUS QUANDO QUIDEM SI
     <lb xml:id="Folio19r.24" n="24"/>AEQUALES IN EA FUISSENT ETIAM ISTI IN
     <lb xml:id="Folio19r.25" n="25"/>EIUS AETERNITATE MANSISSENT PARITER
     <lb xml:id="Folio19r.26" n="26"/>BEATI QUIA PARITER CERTI <choice><abbr>NEQ&#183;</abbr><expan>NEQ<ex>UE</ex></expan></choice> ENIM <w part="I">SI</w>
     <lb xml:id="Folio19r.27" n="27"/><w part="F">CUT</w> UITA <choice><abbr>QUAMDIUCUMQ&#183;</abbr><expan>QUAMDIUCUMQ<ex>UE</ex></expan></choice> FUERIT ITA <w part="I">AE</w>
     <lb xml:id="Folio19r.28" n="28"/><w part="F">TERNA</w> UITA UERACITER DICI POTERIT SI <w part="I">FI</w>
     <lb xml:id="Folio19r.29" n="29"/><w part="F">NEM</w> HABITURA SIT SI QUIDEM UITA <w part="I">TAN</w>
     <lb xml:id="Folio19r.30" n="30"/><w part="F">TUMMODO</w> UIUENDO AETERNA UERO
    </ab>  
   </div>
   
      </body>
    </text>  
  
</TEI>
