<?xml version="1.0" encoding="UTF-8"?>
<?xml-model RNGSchema="http://www.stoa.org/epidoc/schema/latest/tei-epidoc.rng" type="xml"?>
<?xml-stylesheet type="text/xsl" href="msxxviii26.xsl"?>
<TEI xmlns="http://www.tei-c.org/ns/1.0">
 <teiHeader>
  <fileDesc>
   
   <titleStmt>
    <title ref="http://data.perseus.org/catalog/urn:cts:latinLit:stoa0040.stoa003" xml:id="edition">Contra Paganos De Civitate Dei: A Digital Edition of the Oldest Surviving Manuscript</title>
    <author ref="http://data.perseus.org/catalog/urn:cts:latinLit:stoa0040">Aurelius Augustinus</author>
    <editor>Greta Franzini</editor>
    <respStmt>
     <persName>Greta Franzini</persName>
     <resp>PhD student</resp>
    </respStmt>
    <respStmt>
     <persName>Melissa Terras</persName>
     <resp>First supervisor</resp>
    </respStmt>
    <respStmt>
     <persName>Simon Mahony</persName>
     <resp>Second supervisor</resp>
    </respStmt>
   </titleStmt>
   
   <editionStmt>
    <edition n="1">First digital edition</edition>
   </editionStmt>
   
   <publicationStmt>
    <authority>Greta Franzini</authority>
    <idno>Fol_07r-43r.xml</idno>
    <authority>UCL Centre for Digital Humanities</authority>
    <availability>
     <p>Available under a Creative Commons Attribution-ShareAlike International 4.0 License</p>
    </availability>
    <date>2014</date>
   </publicationStmt>
   
   <sourceDesc>
    <msDesc>
     <msIdentifier>
      <settlement>Verona</settlement>
      <repository>Biblioteca Capitolare</repository>
      <idno>MS XXVIII(26)</idno>
     </msIdentifier>
     
     <msContents>
      <msItem>
       <locus>f. 7r-43r</locus>
       <explicit>
        <locus>f. 43r</locus>
        <lb />AUGUSTINI EPISCOPI 
        <lb />CATHOLICI DE CIUITATE <choice><abbr>D&#772;I&#772;</abbr><expan>D<ex>E</ex>I</expan></choice> 
        <lb />CONTRA PAGANOS 
        <lb />LIBER &#183; XI &#183; EXPLICIT
       </explicit>
      </msItem>
     </msContents>
     
     <physDesc>
      <objectDesc form="codex">
       <supportDesc material="parchment">
        <support><p>Parchment</p></support>
        <extent>ff.253 <dimensions scope="all" type="leaf" unit="mm">
         <height>292</height>
         <width>190</width>
        </dimensions>
        </extent>
       </supportDesc>
       <layoutDesc>
        <layout columns="1"><p>In a single column</p></layout>
       </layoutDesc>
      </objectDesc>
      
      <bindingDesc>
       <binding contemporary="unknown">
        <p>Bound in <material>rigid parchment</material>, possibly in 18th
         century, and rebound using the same support in 1926.</p>
       </binding>
      </bindingDesc>
     </physDesc>
     
     <history>
      <origin>
       <p>Written in <origPlace>North Africa</origPlace> in the <origDate>early 5th century.</origDate>
       </p>
      </origin>
     </history>
    </msDesc>
   </sourceDesc>
  </fileDesc>
  <encodingDesc>
   <p>The following text was encoded in accordance with EpiDoc standards.</p>
  </encodingDesc>
  <profileDesc>
   <langUsage>
    <language ident="la">Latin</language>
   </langUsage>
  </profileDesc>
  
 </teiHeader>
    
 
 <text>
  
  <body>
   <head>
    <title xml:id="book">Liber XI</title>
   </head>
   
   <div n="Folio 19v" type="edition">
    <ab>
     <lb xml:id="Folio19v.1" n="1"/>FINEM NON HABENDO NOMINATA EST
     <lb xml:id="Folio19v.2" n="2"/>QUAPROPTER QUAMUIS NON QUIDQUID
     <lb xml:id="Folio19v.3" n="3"/>AETERNUM CONTINUO BEATUM SIT <w part="I">DI</w>
     <lb xml:id="Folio19v.4" n="4"/><w part="F">CITUR</w> ENIM ETIAM POENALIS IGNIS <w part="I">AE</w>
     <lb xml:id="Folio19v.5" n="5"/><w part="F">TERNUS</w> TAMEN SI UERAE <app><rdg wit="#CSEL40">UERE</rdg></app> PERFECTEQUE
     <lb xml:id="Folio19v.6" n="6"/>BEATA UITA NON NISI AETERNA EST NON 
     <lb xml:id="Folio19v.7" n="7"/>ERAT TALIS ISTORUM QUANDOQUE <w part="I">DESI</w>
     <lb xml:id="Folio19v.8" n="8"/><w part="F">TURA</w> ET PROPTEREA NON AETERNA SIUE
     <lb xml:id="Folio19v.9" n="9"/>ID SCIRENT SIUE SCIENTES <app><rdg wit="#CSEL40">NESCIENTES</rdg></app> ALIUD PUTARE<hi rend="ligature">NT</hi>
     <lb xml:id="Folio19v.10" n="10"/>QUIA SCIENTES TIMOR NESCIENTES ERROR
     <lb xml:id="Folio19v.11" n="11"/>BEATOS ESSE <choice><abbr>UTIQ&#183;</abbr><expan>UTIQ<ex>UE</ex></expan></choice> NON SINEBAT SI <choice><abbr>AUTE &#772;</abbr><expan>AUTE<ex>M</ex></expan></choice>
     <lb xml:id="Folio19v.12" n="12"/>HOC ITA NESCIEBANT UT FALSIS <w part="I">INCERTIS</w>
     <lb xml:id="Folio19v.13" n="13"/><w part="F">UE</w> NON FIDERENT SED UTRUM <w part="I">SEMPITER</w>
     <lb xml:id="Folio19v.14" n="14"/><w part="F">NUM</w> AN <choice><abbr>QUANDOQ&#183;</abbr><expan>QUANDOQ<ex>UE</ex></expan></choice> FINEM <choice><abbr>HABITURU &#772;</abbr><expan>HABITURU<ex>M</ex></expan></choice>
     <lb xml:id="Folio19v.15" n="15"/>ESSET BONUM SUUM IN NEUTRAM <w part="I">PAR</w>
     <lb xml:id="Folio19v.16" n="16"/><w part="F">TEM</w> FIRMA ASSENSIONE <app><rdg wit="#CSEL40">ADSENSIONE</rdg></app> FERRENTUR <w part="I">IP</w>
     <lb xml:id="Folio19v.17" n="17"/><w part="F">SA</w> DE TANTA FELICITATE CUNCTATIO EAM
     <lb xml:id="Folio19v.18" n="18"/>BEATAE UITAE PLENITUDINEM QUAM IN
     <lb xml:id="Folio19v.19" n="19"/><choice><abbr>S&#772;C&#772;I&#772;S&#772;</abbr><expan>S<ex>AN</ex>C<ex>T</ex>IS</expan></choice> ANGELIS ESSE CREDIMUS NON <w part="I">HABE</w>
     <lb xml:id="Folio19v.20" n="20"/><note type="scholion" place="margin">XII</note> <w part="F">BANT</w> <app><rdg wit="#CSEL40">HABEBAT</rdg></app> <choice><abbr>NEQ&#183;</abbr><expan>NEQ<ex>UE</ex></expan></choice> ENIM BEATAE UITAE <w part="I">UOCABU</w>
     <lb xml:id="Folio19v.21" n="21"/><w part="F">LUM</w> ITA CONTRAHIMUR <app><rdg wit="#CSEL40">CONTRAHIMUS</rdg></app> AD QUASDAM
     <lb xml:id="Folio19v.22" n="22"/>SIGNIFICATIONIS ANGUSTIAS UT SOLUM <choice><abbr>D&#772;M&#772;</abbr><expan>D<ex>EU</ex>M</expan></choice>
     <lb xml:id="Folio19v.23" n="23"/>DICAMUS BEATUM QUI TAMEN UERE ITA
     <lb xml:id="Folio19v.24" n="24"/>BEATUS EST UT MAIOR BEATITUDO ESSE
     <lb xml:id="Folio19v.25" n="25"/>NON POSSIT IN CUIUS CONPARATIONE
     <lb xml:id="Folio19v.26" n="26"/>QUOD ANGELI BEATI SUNT SUMMA <w part="I">QUA</w>
     <lb xml:id="Folio19v.27" n="27"/><w part="F">DAM</w> SUA BEATITUDINE QUANTA ESSE IN
     <lb xml:id="Folio19v.28" n="28"/>ANGELIS POTEST QUID AUT QUANTUM EST
     <lb xml:id="Folio19v.29" n="29"/><note type="scholion" subtype="chapter" n="12">XII</note> NEC IPSOS TANTUM QUOD ATTINET <app><rdg wit="#CSEL40">ADTINET</rdg></app> AD <w part="I">RATIO</w>
     <lb xml:id="Folio19v.30" n="30"/><w part="F">NALEM</w> UEL INTELLECTUALEM <choice><abbr>CREATURA &#772;</abbr><expan>CREATURA<ex>M</ex></expan></choice>
    </ab>  
   </div>
   
      </body>
    </text>  
  
</TEI>
