<?xml version="1.0" encoding="UTF-8"?>
<?xml-model RNGSchema="http://www.stoa.org/epidoc/schema/latest/tei-epidoc.rng" type="xml"?>
<?xml-stylesheet type="text/xsl" href="msxxviii26.xsl"?>
<TEI xmlns="http://www.tei-c.org/ns/1.0">
 <teiHeader>
  <fileDesc>
   
   <titleStmt>
    <title ref="http://data.perseus.org/catalog/urn:cts:latinLit:stoa0040.stoa003" xml:id="edition">Contra Paganos De Civitate Dei: A Digital Edition of the Oldest Surviving Manuscript</title>
    <author ref="http://data.perseus.org/catalog/urn:cts:latinLit:stoa0040">Aurelius Augustinus</author>
    <editor>Greta Franzini</editor>
    <respStmt>
     <persName>Greta Franzini</persName>
     <resp>PhD student</resp>
    </respStmt>
    <respStmt>
     <persName>Melissa Terras</persName>
     <resp>First supervisor</resp>
    </respStmt>
    <respStmt>
     <persName>Simon Mahony</persName>
     <resp>Second supervisor</resp>
    </respStmt>
   </titleStmt>
   
   <editionStmt>
    <edition n="1">First digital edition</edition>
   </editionStmt>
   
   <publicationStmt>
    <authority>Greta Franzini</authority>
    <idno>Fol_07r-43r.xml</idno>
    <authority>UCL Centre for Digital Humanities</authority>
    <availability>
     <p>Available under a Creative Commons Attribution-ShareAlike International 4.0 License</p>
    </availability>
    <date>2014</date>
   </publicationStmt>
   
   <sourceDesc>
    <msDesc>
     <msIdentifier>
      <settlement>Verona</settlement>
      <repository>Biblioteca Capitolare</repository>
      <idno>MS XXVIII(26)</idno>
     </msIdentifier>
     
     <msContents>
      <msItem>
       <locus>f. 7r-43r</locus>
       <explicit>
        <locus>f. 43r</locus>
        <lb />AUGUSTINI EPISCOPI 
        <lb />CATHOLICI DE CIUITATE <choice><abbr>D&#772;I&#772;</abbr><expan>D<ex>E</ex>I</expan></choice> 
        <lb />CONTRA PAGANOS 
        <lb />LIBER &#183; XI &#183; EXPLICIT
       </explicit>
      </msItem>
     </msContents>
     
     <physDesc>
      <objectDesc form="codex">
       <supportDesc material="parchment">
        <support><p>Parchment</p></support>
        <extent>ff.253 <dimensions scope="all" type="leaf" unit="mm">
         <height>292</height>
         <width>190</width>
        </dimensions>
        </extent>
       </supportDesc>
       <layoutDesc>
        <layout columns="1"><p>In a single column</p></layout>
       </layoutDesc>
      </objectDesc>
      
      <bindingDesc>
       <binding contemporary="unknown">
        <p>Bound in <material>rigid parchment</material>, possibly in 18th
         century, and rebound using the same support in 1926.</p>
       </binding>
      </bindingDesc>
     </physDesc>
     
     <history>
      <origin>
       <p>Written in <origPlace>North Africa</origPlace> in the <origDate>early 5th century.</origDate>
       </p>
      </origin>
     </history>
    </msDesc>
   </sourceDesc>
  </fileDesc>
  <encodingDesc>
   <p>The following text was encoded in accordance with EpiDoc standards.</p>
  </encodingDesc>
  <profileDesc>
   <langUsage>
    <language ident="la">Latin</language>
   </langUsage>
  </profileDesc>
  
 </teiHeader>
    
 
 <text>
  
  <body>
   <head>
    <title xml:id="book">Liber XI</title>
   </head>
   
   <div n="Folio 20r" type="edition">
    <ab>
     <lb xml:id="Folio20r.1" n="1"/>BEATOS NUNCUPANDOS PUTAMUS
     <lb xml:id="Folio20r.2" n="2"/>QUIS ENIM PRIMOS ILLOS HOMINES IN <w part="I">PA</w>
     <lb xml:id="Folio20r.3" n="3"/><w part="F">RADISO</w> NEGARE AUDEAT BEATOS FUISSE
     <lb xml:id="Folio20r.4" n="4"/>ANTE PECCATUM QUAMUIS SUA <w part="I">BEATITU</w>
     <lb xml:id="Folio20r.5" n="5"/><w part="F">DO</w> QUAM DIUTURNA UEL UTRUM <w part="I">AETER</w>
     <lb xml:id="Folio20r.6" n="6"/><w part="F">NA</w> ESSET INCERTOS ESSET AUTEM <w part="I">AETER</w>
     <lb xml:id="Folio20r.7" n="7"/><w part="F">NA</w> NISI PECCASSENT CUM HODIE NON <w part="I">IN</w>
     <lb xml:id="Folio20r.8" n="8"/><w part="F">PUDENTER</w> BEATOS UOCEMUS <supplied reason="lost">QUOS</supplied> <w part="I">UI</w>
     <lb xml:id="Folio20r.9" n="9"/><w part="F">DEMUS</w> IUST<del rend="strikethrough">A</del>E AC PI<del rend="strikethrough">A</del>E CUM SPE <supplied reason="lost">FUTURAE</supplied>
     <lb xml:id="Folio20r.10" n="10"/>IMMORTALITATIS HANC UITAM <supplied reason="lost">DUCERE <w part="I">SI</w></supplied>
     <lb xml:id="Folio20r.11" n="11"/><w part="F">NE</w> CRIMINE ASTANTE <app><rdg wit="#CSEL40">UASTANTE</rdg></app> CONSCIENT<supplied reason="lost">IAM <w part="I">FACI</w></supplied>
     <lb xml:id="Folio20r.12" n="12"/><w part="F">LE</w> IMPETRANTES PECCATIS HUIUS <w part="I">INFIR</w>
     <lb xml:id="Folio20r.13" n="13"/><w part="F">MITATIS</w> DIUINAM MISERICORDIAM
     <lb xml:id="Folio20r.14" n="14"/>QUI LICET DE SUAE PERSEUERANTIAE PRAEMIO
     <lb xml:id="Folio20r.15" n="15"/>CERTI SINT DE IPSA TAMEN PERSEUERANTIA
     <lb xml:id="Folio20r.16" n="16"/>SUA <sic>REPPERIUNTUR</sic> <app><rdg wit="#CSEL40">REPERIUNTUR</rdg></app> INCERTI QUIS <choice><abbr>ENI &#772;</abbr><expan>ENI<ex>M</ex></expan></choice>
     <lb xml:id="Folio20r.17" n="17"/>HOMINUM SE IN ACTIONE <choice><abbr>PROUECTUQ&#183;</abbr><expan>PROUECTUQ<ex>UE</ex></expan></choice>
     <lb xml:id="Folio20r.18" n="18"/>IUSTITIAE PERSEUERATURUM <choice><abbr>USQ&#183;</abbr><expan>USQ<ex>UE</ex></expan></choice> IN <w part="I">FI</w>
     <lb xml:id="Folio20r.19" n="19"/><w part="F">NEM</w> SCIAT NISI ALIQUA REUELATIONE AB
     <lb xml:id="Folio20r.20" n="20"/>ILLO FIAT CERTUS QUI DE HAC RE IUSTO <supplied reason="lost"><w part="I">LATEN</w></supplied>
     <lb xml:id="Folio20r.21" n="21"/><w part="F">TIQUE</w> IUDICIO NON OMNES INSTRUIT
     <lb xml:id="Folio20r.22" n="22"/>SED NEMINEM FALLIT QUANTUM <supplied reason="lost">ITAQUE</supplied>
     <lb xml:id="Folio20r.23" n="23"/>PERTINET AD DELECTATIONEM <w part="I">PRAESEN</w>
     <lb xml:id="Folio20r.24" n="24"/><w part="F">TIS</w> BONI BEATIOR ERAT PRIMUS HOMO
     <lb xml:id="Folio20r.25" n="25"/>IN <sic>PARADISSO</sic> <app><rdg wit="#CSEL40">PARADISO</rdg></app> QUAM QUI LIBET <supplied reason="lost">IUSTUS</supplied>
     <lb xml:id="Folio20r.26" n="26"/>IN HAC INFIRMITATE MORTALI <choice><abbr>QUANTU &#772;</abbr><expan>QUANTU<ex>M</ex></expan></choice>
     <lb xml:id="Folio20r.27" n="27"/>AUTEM AD SPEM FUTURI BEATIOR <w part="I">QUILI</w>
     <lb xml:id="Folio20r.28" n="28"/><w part="F">BET</w> IN <choice><abbr>QUIB&#183;LIBET</abbr><expan>QUIB<ex>US</ex>LIBET</expan></choice> <choice><abbr>CRUCIATIB&#183;</abbr><expan>CRUCIATIB<ex>US</ex></expan></choice> CORPORIS
     <lb xml:id="Folio20r.29" n="29"/>CUI NON OPINIONE SED CERTA UERITATE
     <lb xml:id="Folio20r.30" n="30"/>MANIFESTUM EST SINE FINE SE <w part="I">HABITU</w>
    </ab>  
   </div>
   
      </body>
    </text>  
  
</TEI>
