<?xml version="1.0" encoding="UTF-8"?>
<?xml-model RNGSchema="http://www.stoa.org/epidoc/schema/latest/tei-epidoc.rng" type="xml"?>
<?xml-stylesheet type="text/xsl" href="msxxviii26.xsl"?>
<TEI xmlns="http://www.tei-c.org/ns/1.0">
 <teiHeader>
  <fileDesc>
   
   <titleStmt>
    <title ref="http://data.perseus.org/catalog/urn:cts:latinLit:stoa0040.stoa003" xml:id="edition">Contra Paganos De Civitate Dei: A Digital Edition of the Oldest Surviving Manuscript</title>
    <author ref="http://data.perseus.org/catalog/urn:cts:latinLit:stoa0040">Aurelius Augustinus</author>
    <editor>Greta Franzini</editor>
    <respStmt>
     <persName>Greta Franzini</persName>
     <resp>PhD student</resp>
    </respStmt>
    <respStmt>
     <persName>Melissa Terras</persName>
     <resp>First supervisor</resp>
    </respStmt>
    <respStmt>
     <persName>Simon Mahony</persName>
     <resp>Second supervisor</resp>
    </respStmt>
   </titleStmt>
   
   <editionStmt>
    <edition n="1">First digital edition</edition>
   </editionStmt>
   
   <publicationStmt>
    <authority>Greta Franzini</authority>
    <idno>Fol_07r-43r.xml</idno>
    <authority>UCL Centre for Digital Humanities</authority>
    <availability>
     <p>Available under a Creative Commons Attribution-ShareAlike International 4.0 License</p>
    </availability>
    <date>2014</date>
   </publicationStmt>
   
   <sourceDesc>
    <msDesc>
     <msIdentifier>
      <settlement>Verona</settlement>
      <repository>Biblioteca Capitolare</repository>
      <idno>MS XXVIII(26)</idno>
     </msIdentifier>
     
     <msContents>
      <msItem>
       <locus>f. 7r-43r</locus>
       <explicit>
        <locus>f. 43r</locus>
        <lb />AUGUSTINI EPISCOPI 
        <lb />CATHOLICI DE CIUITATE <choice><abbr>D&#772;I&#772;</abbr><expan>D<ex>E</ex>I</expan></choice> 
        <lb />CONTRA PAGANOS 
        <lb />LIBER &#183; XI &#183; EXPLICIT
       </explicit>
      </msItem>
     </msContents>
     
     <physDesc>
      <objectDesc form="codex">
       <supportDesc material="parchment">
        <support><p>Parchment</p></support>
        <extent>ff.253 <dimensions scope="all" type="leaf" unit="mm">
         <height>292</height>
         <width>190</width>
        </dimensions>
        </extent>
       </supportDesc>
       <layoutDesc>
        <layout columns="1"><p>In a single column</p></layout>
       </layoutDesc>
      </objectDesc>
      
      <bindingDesc>
       <binding contemporary="unknown">
        <p>Bound in <material>rigid parchment</material>, possibly in 18th
         century, and rebound using the same support in 1926.</p>
       </binding>
      </bindingDesc>
     </physDesc>
     
     <history>
      <origin>
       <p>Written in <origPlace>North Africa</origPlace> in the <origDate>early 5th century.</origDate>
       </p>
      </origin>
     </history>
    </msDesc>
   </sourceDesc>
  </fileDesc>
  <encodingDesc>
   <p>The following text was encoded in accordance with EpiDoc standards.</p>
  </encodingDesc>
  <profileDesc>
   <langUsage>
    <language ident="la">Latin</language>
   </langUsage>
  </profileDesc>
  
 </teiHeader>
    
 
 <text>
  
  <body>
   <head>
    <title xml:id="book">Liber XI</title>
   </head>
   
   <div n="Folio 20v" type="edition">
    <ab>
     <lb xml:id="Folio20v.1" n="1"/><w part="F">RUM</w> OMNI MOLESTIA CARENTEM
     <lb xml:id="Folio20v.2" n="2"/>SOCIETATEM ANGELORUM IN <w part="I">PARTICI</w>
     <lb xml:id="Folio20v.3" n="3"/><w part="F">PATIONE</w> SUMMI <choice><abbr>D&#772;I&#772;</abbr><expan>D<ex>E</ex>I</expan></choice> QUAM ERAT ILLE <w part="I">HO</w>
     <lb xml:id="Folio20v.4" n="4"/><w part="F">MO</w> SUI CASUS INCERTUS IN MAGNA ILLA
     <lb xml:id="Folio20v.5" n="5"/>FELICITATE PARADISI <note type="scholion" subtype="chapter" n="13" place="margin">XIII</note> QUOCIRCA CUIUIS
     <lb xml:id="Folio20v.6" n="6"/>IAM NON DIFFICULTER OCCURRIT <choice><abbr>UTROQ&#183;</abbr><expan>UTROQ<ex>UE</ex></expan></choice>
     <lb xml:id="Folio20v.7" n="7"/>CONIUNCTO EFFICI BEATITUDINEM <choice><abbr>QUA &#772;</abbr><expan>QUA<ex>M</ex></expan></choice>
     <lb xml:id="Folio20v.8" n="8"/>RECTO PROPOSITO INTELLECTUALIS <w part="I">NA</w>
     <lb xml:id="Folio20v.9" n="9"/>TURA DESIDERAT &#183; HOC EST UT <app><rdg wit="#CSEL40">UT ET</rdg></app> BONO <w part="I">IN</w>
     <lb xml:id="Folio20v.10" n="10"/><w part="F">COMMUTABILI</w> QUOD <choice><abbr>D&#772;S&#772;</abbr><expan>D<ex>EU</ex>S</expan></choice> &#183; EST SINE ULLA
     <lb xml:id="Folio20v.11" n="11"/>MOLESTIA PERFRUATUR ET IN EO SE IN 
     <lb xml:id="Folio20v.12" n="12"/>AETERNUM ESSE MANSURUM NEC ILLA <app><rdg wit="#CSEL40">ULLA</rdg></app>
     <lb xml:id="Folio20v.13" n="13"/>DUBITATIONE CUNCTETUR NEC ULLO <w part="I">ER</w>
     <lb xml:id="Folio20v.14" n="14"/><note type="scholion" place="margin">R&#772;</note> <w part="F">RORE</w> FALLATUR ; HANC HABERE ANGELOS
     <lb xml:id="Folio20v.15" n="15"/>LUCIS PIA FIDE CREDIMUS; HANC NEC <w part="I">AN</w>
     <lb xml:id="Folio20v.16" n="16"/><w part="F">TEQUAM</w> CADERENT HABUISSE ANGELOS
     <lb xml:id="Folio20v.17" n="17"/>PECCATORES QUI SUA PRAUITATE ILLA LUCE 
     <lb xml:id="Folio20v.18" n="18"/>PRIUATI SUNT CONSEQUENTI RATIONE
     <lb xml:id="Folio20v.19" n="19"/>COLL<supplied reason="lost">IGI</supplied>MUS HABUISSE TAMEN <choice><abbr>ALIQUA &#772;</abbr><expan>ALIQUA<ex>M</ex></expan></choice>
     <lb xml:id="Folio20v.20" n="20"/>ETI NON PRAESCIAM BEATITUDINEM SI <w part="I">UI</w>
     <lb xml:id="Folio20v.21" n="21"/><w part="F">TAM</w> EGERUNT ANTE PECCATUM <w part="I">PROFEC</w>
     <lb xml:id="Folio20v.22" n="22"/><w part="F">TO</w> CREDENDI SUNT <add place="above">AUT SI DURUM UIDETUR QUANDO FACTI SUNT</add> ANGELI ALIOS <w part="I">CREDE</w>
     <lb xml:id="Folio20v.23" n="23"/><w part="F">RE</w> ITA FACTOS UT NON ACCIPERENT <w part="I">PRAES</w>
     <lb xml:id="Folio20v.24" n="24"/><w part="F">CIENTIAM</w> UEL PERSEUERANTIAE UEL <w part="I">CA</w>
     <lb xml:id="Folio20v.25" n="25"/><w part="F">SUS</w> SUI ALIOS AUTEM ITA UT UERITATE
     <lb xml:id="Folio20v.26" n="26"/>CERTISSIMA AETERNITATEM SUAE <w part="I">BEATI</w>
     <lb xml:id="Folio20v.27" n="27"/><w part="F">TUDINIS</w> NOSSENT SED AEQUALIS <w part="I">FELICITA</w>
     <lb xml:id="Folio20v.28" n="28"/><w part="F">TIS</w> OMNES AB INITIO CREATI SUNT ET ITA
     <lb xml:id="Folio20v.29" n="29"/>FUERUNT DONEC ISTI QUI NUNC MALI SU<hi rend="ligature">NT</hi>
     <lb xml:id="Folio20v.30" n="30"/>AB ILLO BONITATIS LUMINE SUA <w part="I">UOLUNTA</w>
    </ab>  
   </div>
   
      </body>
    </text>  
  
</TEI>
