<?xml version="1.0" encoding="UTF-8"?>
<?xml-model RNGSchema="http://www.stoa.org/epidoc/schema/latest/tei-epidoc.rng" type="xml"?>
<?xml-stylesheet type="text/xsl" href="msxxviii26.xsl"?>
<TEI xmlns="http://www.tei-c.org/ns/1.0">
 <teiHeader>
  <fileDesc>
   
   <titleStmt>
    <title ref="http://data.perseus.org/catalog/urn:cts:latinLit:stoa0040.stoa003" xml:id="edition">Contra Paganos De Civitate Dei: A Digital Edition of the Oldest Surviving Manuscript</title>
    <author ref="http://data.perseus.org/catalog/urn:cts:latinLit:stoa0040">Aurelius Augustinus</author>
    <editor>Greta Franzini</editor>
    <respStmt>
     <persName>Greta Franzini</persName>
     <resp>PhD student</resp>
    </respStmt>
    <respStmt>
     <persName>Melissa Terras</persName>
     <resp>First supervisor</resp>
    </respStmt>
    <respStmt>
     <persName>Simon Mahony</persName>
     <resp>Second supervisor</resp>
    </respStmt>
   </titleStmt>
   
   <editionStmt>
    <edition n="1">First digital edition</edition>
   </editionStmt>
   
   <publicationStmt>
    <authority>Greta Franzini</authority>
    <idno>Fol_07r-43r.xml</idno>
    <authority>UCL Centre for Digital Humanities</authority>
    <availability>
     <p>Available under a Creative Commons Attribution-ShareAlike International 4.0 License</p>
    </availability>
    <date>2014</date>
   </publicationStmt>
   
   <sourceDesc>
    <msDesc>
     <msIdentifier>
      <settlement>Verona</settlement>
      <repository>Biblioteca Capitolare</repository>
      <idno>MS XXVIII(26)</idno>
     </msIdentifier>
     
     <msContents>
      <msItem>
       <locus>f. 7r-43r</locus>
       <explicit>
        <locus>f. 43r</locus>
        <lb />AUGUSTINI EPISCOPI 
        <lb />CATHOLICI DE CIUITATE <choice><abbr>D&#772;I&#772;</abbr><expan>D<ex>E</ex>I</expan></choice> 
        <lb />CONTRA PAGANOS 
        <lb />LIBER &#183; XI &#183; EXPLICIT
       </explicit>
      </msItem>
     </msContents>
     
     <physDesc>
      <objectDesc form="codex">
       <supportDesc material="parchment">
        <support><p>Parchment</p></support>
        <extent>ff.253 <dimensions scope="all" type="leaf" unit="mm">
         <height>292</height>
         <width>190</width>
        </dimensions>
        </extent>
       </supportDesc>
       <layoutDesc>
        <layout columns="1"><p>In a single column</p></layout>
       </layoutDesc>
      </objectDesc>
      
      <bindingDesc>
       <binding contemporary="unknown">
        <p>Bound in <material>rigid parchment</material>, possibly in 18th
         century, and rebound using the same support in 1926.</p>
       </binding>
      </bindingDesc>
     </physDesc>
     
     <history>
      <origin>
       <p>Written in <origPlace>North Africa</origPlace> in the <origDate>early 5th century.</origDate>
       </p>
      </origin>
     </history>
    </msDesc>
   </sourceDesc>
  </fileDesc>
  <encodingDesc>
   <p>The following text was encoded in accordance with EpiDoc standards.</p>
  </encodingDesc>
  <profileDesc>
   <langUsage>
    <language ident="la">Latin</language>
   </langUsage>
  </profileDesc>
  
 </teiHeader>
    
 
 <text>
  
  <body>
   <head>
    <title xml:id="book">Liber XI</title>
   </head>
   
   <div n="Folio 23v" type="edition">
    <ab>
     <lb xml:id="Folio23v.1" n="1"/><w part="F">RUM</w> <supplied reason="lost">CUM IN</supplied> IPSORUM ETIAM <w part="I">HOMI</w>
     <lb xml:id="Folio23v.2" n="2"/><w part="F">NUM</w> <supplied reason="lost">AESTIMATIONE</supplied> QUORUM CERTE <w part="I">NA</w>
     <lb xml:id="Folio23v.3" n="3"/><w part="F">TURA</w> TANTAE EST DIGNITATIS <choice><abbr>PLERUMQ</abbr><expan>PLERUMQ<ex>UE</ex></expan></choice>
     <lb xml:id="Folio23v.4" n="4"/>CARIUS CONPARETUR EQ<add place="above">U</add>US QUAM SERUUS
     <lb xml:id="Folio23v.5" n="5"/>GEMMA QUAM FAMULA? ITA LIBE<add place="above">R</add>TATE <w part="I">IU</w>
     <lb xml:id="Folio23v.6" n="6"/><w part="F">DICANDI</w> PLURIMUM DISTAT RATIO <w part="I">CONSI</w>
     <lb xml:id="Folio23v.7" n="7"/><w part="F">DERANTIS</w> A NECESSITATE INDIGENTIS SEU
     <lb xml:id="Folio23v.8" n="8"/>UOLUNTATE <app><rdg wit="#CSEL40">UOLUPTATE</rdg></app> CUPIENTIS CUM ISTA QUID
     <lb xml:id="Folio23v.9" n="9"/>PER SE IPSUM IN RERUM <choice><abbr>GRADIB&#183;</abbr><expan>GRADIB<ex>US</ex></expan></choice> PENDAT
     <lb xml:id="Folio23v.10" n="10"/>NECESSITAS AUTEM QUID PROPTER QUID
     <lb xml:id="Folio23v.11" n="11"/>EXPETAT COGITAT ET ISTA QUID UERUM
     <lb xml:id="Folio23v.12" n="12"/>LUCI MENTIS APPAREAT UOLUPTAS UERO
     <lb xml:id="Folio23v.13" n="13"/>QUID IUCUNDUM CORPORIS SENSIBUS
     <lb xml:id="Folio23v.14" n="14"/>BLANDIATUR EXPECTAT SED TANTUM UALET
     <lb xml:id="Folio23v.15" n="15"/>IN NATURIS RATIONALIBUS QUODDAM <w part="I">UEL</w>
     <lb xml:id="Folio23v.16" n="16"/><supplied reason="lost"><w part="F">UTI</w></supplied> PONDUS UOLUNTATIS ET AMORIS UT
     <lb xml:id="Folio23v.17" n="17"/>CUM ORDINE NATURAE ANGELI <choice><abbr>HOMINIB&#183;</abbr><expan>HOMINIB<ex>US</ex></expan></choice>
     <lb xml:id="Folio23v.18" n="18"/>TAMEN LEGI IUSTITIAE BONI HOMINES <w part="I">MA</w>
     <lb xml:id="Folio23v.19" n="19"/><note type="scholion" place="margin"><choice><abbr>&#42835;&#772;p&#772;</abbr><expan><ex>pro</ex>p<ex>terea</ex></expan></choice> <choice><abbr>natura&#772;</abbr><expan>natura<ex>m</ex></expan></choice> <choice><abbr>d&#383;&#772;</abbr><expan>d<ex>eu</ex>s</expan></choice> <choice><abbr>initiu&#772;</abbr><expan>initiu<ex>m</ex></expan></choice> <choice><abbr>figm&#772;ti</abbr><expan>figm<ex>en</ex>ti</expan></choice> <choice><abbr>d&#772;n&#772;i&#772;</abbr><expan>d<ex>omi</ex>ni</expan></choice> <choice><abbr>n&#772;</abbr><expan>n<ex>ostri</ex></expan></choice> <choice><abbr>p&#772;p&#772;</abbr><expan>p<ex>ro</ex>p<ex>ter</ex></expan></choice> <choice><abbr>malitia&#772;</abbr><expan>malitia<ex>m</ex></expan></choice> diaboli</note> <w part="F">LIS</w> ANGELIS PRAEFERANTUR &#8278; PROPTER
     <lb xml:id="Folio23v.20" n="20"/>NATURAM IGITUR NON PROPTER <choice><abbr>MALITIA &#772;</abbr><expan>MALITIA<ex>M</ex></expan></choice>
     <lb xml:id="Folio23v.21" n="21"/>DIABOLI DICTUM RECTE INTELLEGIMUS
     <lb xml:id="Folio23v.22" n="22"/>HOC EST INITIUM FIGMENTI <choice><abbr>D&#772;N&#772;I&#772;</abbr><expan>D<ex>OMI</ex>NI</expan></choice> QUIA <w part="I">SI</w>
     <lb xml:id="Folio23v.23" n="23"/><w part="F">NE</w> DUBIO UBI ESSET UITIUM MALITIAE
     <lb xml:id="Folio23v.24" n="24"/>NATURA NON UITIATA PRAECESSIT <choice><abbr>UITIUM &#772;</abbr><expan>UITIU<ex>M</ex></expan></choice>
     <lb xml:id="Folio23v.25" n="25"/>AUTEM ITA CONTRA NATURAM EST UT NON
     <lb xml:id="Folio23v.26" n="26"/>POSSIT NISI NOCERE NATURAE NON <w part="I">ITA</w>
     <lb xml:id="Folio23v.27" n="27"/><w part="F">QUE</w> ESSET UITIUM RECEDERE A <choice><abbr>D&#772;O&#772;</abbr><expan>D<ex>E</ex>O</expan></choice> NISI
     <lb xml:id="Folio23v.28" n="28"/>NATURAE CUIUS <del rend="strikethrough">ALI</del> ID UITIUM EST POTIUS  
     <lb xml:id="Folio23v.29" n="29"/>COMPETERET ESSE CUM <choice><abbr>D&#772;O&#772;</abbr><expan>D<ex>E</ex>O</expan></choice> QUAPROPTER
     <lb xml:id="Folio23v.30" n="30"/>ETIAM UOLUNTAS MALA GRANDE <w part="I">TESTIMO</w>
    </ab>  
   </div>
   
      </body>
    </text>  
  
</TEI>
