<?xml version="1.0" encoding="UTF-8"?>
<?xml-model RNGSchema="http://www.stoa.org/epidoc/schema/latest/tei-epidoc.rng" type="xml"?>
<?xml-stylesheet type="text/xsl" href="msxxviii26.xsl"?>
<TEI xmlns="http://www.tei-c.org/ns/1.0">
 <teiHeader>
  <fileDesc>
   
   <titleStmt>
    <title ref="http://data.perseus.org/catalog/urn:cts:latinLit:stoa0040.stoa003" xml:id="edition">Contra Paganos De Civitate Dei: A Digital Edition of the Oldest Surviving Manuscript</title>
    <author ref="http://data.perseus.org/catalog/urn:cts:latinLit:stoa0040">Aurelius Augustinus</author>
    <editor>Greta Franzini</editor>
    <respStmt>
     <persName>Greta Franzini</persName>
     <resp>PhD student</resp>
    </respStmt>
    <respStmt>
     <persName>Melissa Terras</persName>
     <resp>First supervisor</resp>
    </respStmt>
    <respStmt>
     <persName>Simon Mahony</persName>
     <resp>Second supervisor</resp>
    </respStmt>
   </titleStmt>
   
   <editionStmt>
    <edition n="1">First digital edition</edition>
   </editionStmt>
   
   <publicationStmt>
    <authority>Greta Franzini</authority>
    <idno>Fol_07r-43r.xml</idno>
    <authority>UCL Centre for Digital Humanities</authority>
    <availability>
     <p>Available under a Creative Commons Attribution-ShareAlike International 4.0 License</p>
    </availability>
    <date>2014</date>
   </publicationStmt>
   
   <sourceDesc>
    <msDesc>
     <msIdentifier>
      <settlement>Verona</settlement>
      <repository>Biblioteca Capitolare</repository>
      <idno>MS XXVIII(26)</idno>
     </msIdentifier>
     
     <msContents>
      <msItem>
       <locus>f. 7r-43r</locus>
       <explicit>
        <locus>f. 43r</locus>
        <lb />AUGUSTINI EPISCOPI 
        <lb />CATHOLICI DE CIUITATE <choice><abbr>D&#772;I&#772;</abbr><expan>D<ex>E</ex>I</expan></choice> 
        <lb />CONTRA PAGANOS 
        <lb />LIBER &#183; XI &#183; EXPLICIT
       </explicit>
      </msItem>
     </msContents>
     
     <physDesc>
      <objectDesc form="codex">
       <supportDesc material="parchment">
        <support><p>Parchment</p></support>
        <extent>ff.253 <dimensions scope="all" type="leaf" unit="mm">
         <height>292</height>
         <width>190</width>
        </dimensions>
        </extent>
       </supportDesc>
       <layoutDesc>
        <layout columns="1"><p>In a single column</p></layout>
       </layoutDesc>
      </objectDesc>
      
      <bindingDesc>
       <binding contemporary="unknown">
        <p>Bound in <material>rigid parchment</material>, possibly in 18th
         century, and rebound using the same support in 1926.</p>
       </binding>
      </bindingDesc>
     </physDesc>
     
     <history>
      <origin>
       <p>Written in <origPlace>North Africa</origPlace> in the <origDate>early 5th century.</origDate>
       </p>
      </origin>
     </history>
    </msDesc>
   </sourceDesc>
  </fileDesc>
  <encodingDesc>
   <p>The following text was encoded in accordance with EpiDoc standards.</p>
  </encodingDesc>
  <profileDesc>
   <langUsage>
    <language ident="la">Latin</language>
   </langUsage>
  </profileDesc>
  
 </teiHeader>
    
 
 <text>
  
  <body>
   <head>
    <title xml:id="book">Liber XI</title>
   </head>
   
   <div n="Folio 24r" type="edition">
    <ab>
     <lb xml:id="Folio24r.1" n="1"/><w part="F">NIUM</w> EST NATURAE <supplied reason="lost">BONAE SED DEUS <w part="I">SI</w></supplied>
     <lb xml:id="Folio24r.2" n="2"/><w part="F">CUT</w> NATURARUM BONA<supplied reason="lost">RUM OPTIMUS</supplied>
     <lb xml:id="Folio24r.3" n="3"/>CREATOR EST ITA MALARUM UOLUNT<supplied reason="lost">ATUM</supplied>
     <lb xml:id="Folio24r.4" n="4"/>IUSTISSIMUS ORDINATOR UT <supplied reason="lost">CUM ILLAE</supplied>
     <lb xml:id="Folio24r.5" n="5"/>MALE UTUNTUR NATURIS BONIS <supplied reason="lost">IPSE BENE</supplied> <note type="scholion" place="margin"><choice><abbr>R&#772;</abbr><expan>R<ex>equire</ex></expan></choice> <choice><abbr>q&#772;d&#772;</abbr><expan>q<ex>uo</ex>d</expan></choice> <choice><abbr>d&#772;&#383;&#772;</abbr><expan>d<ex>eu</ex>s</expan></choice> bene <choice><abbr>utu&#772;t&#772;</abbr><expan>utu<ex>n</ex>t<ex>ur</ex></expan></choice> <choice><abbr>uoluntatib;</abbr><expan>uoluntatib<ex>us</ex></expan></choice> malis</note>
     <lb xml:id="Folio24r.6" n="6"/>UTATUR ETIAM <choice><abbr>UOLUNTATIB;</abbr><expan>UOLUNTATIB<ex>US</ex></expan></choice> MAL<supplied reason="lost">IS</supplied>
     <lb xml:id="Folio24r.7" n="7"/><choice><abbr>ITAQ</abbr><expan>ITAQ<ex>UE</ex></expan></choice> FECIT UT DIABOLUS INSTITUTIONE ILLI<hi rend="ligature">US</hi>
     <lb xml:id="Folio24r.8" n="8"/>BONUS UOLUNTATE SUA MALUS IN <w part="I">INFERIO</w>
     <lb xml:id="Folio24r.9" n="9"/><w part="F">RIBUS</w> ORDINATUS INLUDERETUR AB <choice><abbr><w part="I">A &#772;</w>
     <lb xml:id="Folio24r.10" n="10"/><w part="F">GELIS</w></abbr><expan>A<ex>N</ex>GELIS</expan></choice> EIUS ID EST UT PROSINT TEMTATIONES <app><rdg wit="#CSEL40">TENTATIONES</rdg></app> <note type="scholion" place="margin"><choice><abbr>R&#772;</abbr><expan>R<ex>equire</ex></expan></choice> <choice><abbr>qd&#772;</abbr><expan>q<ex>uo</ex>d</expan></choice> <choice><abbr>&#42835;sint</abbr><expan>p<ex>ro</ex>sint</expan></choice> <choice><abbr>te&#772;ptationes</abbr><expan>te<ex>m</ex>ptationes</expan></choice> diaboli <choice><abbr>&#383;&#772;c&#772;i&#772;&#383;&#772;</abbr><expan>s<ex>an</ex>c<ex>t</ex>is</expan></choice></note> 
     <lb xml:id="Folio24r.11" n="11"/>EIUS SANCTIS QUIBUS EAS OBESSE <w part="I">DESIDE</w>
     <lb xml:id="Folio24r.12" n="12"/><w part="F">RAT</w> &#8278; ET QUONIAM <choice><abbr>D&#772;S&#772;</abbr><expan>D<ex>EU</ex>S</expan></choice> CUM EUM CONDERET
     <lb xml:id="Folio24r.13" n="13"/>FUTURAE MALIGNITATIS EIUS NON ERAT <w part="I">UTI</w>
     <lb xml:id="Folio24r.14" n="14"/><w part="F">QU<add place="above">E</add>M</w> <app><rdg wit="#CSEL40">UTIQUE</rdg></app> <del rend="strikethrough">UT</del> IGNARUS ET PRAEUIDEBAT QUAE
     <lb xml:id="Folio24r.15" n="15"/>BONA DE MALO EIUS ESSET IPSE FACTURUS
     <lb xml:id="Folio24r.16" n="16"/>PROPTEREA PSALMUS AIT DRACHO HIC <choice><abbr>QUE &#772;</abbr><expan>QUE<ex>M</ex></expan></choice>
     <lb xml:id="Folio24r.17" n="17"/>FINXISTI AD INLUDENDUM EI UT IN EO IPSO
     <lb xml:id="Folio24r.18" n="18"/>QUOD EUM FINXIT LICET PER SUAM <w part="I">BONI</w>
     <lb xml:id="Folio24r.19" n="19"/><w part="F">TATEM</w> BONUM IAM PER SUAM <choice><abbr><w part="I">PRAESCIE &#772;</w>
     <lb xml:id="Folio24r.20" n="20"/><w part="F">TIAM</w></abbr><expan>PRAESCIE<ex>N</ex>TIAM</expan></choice> PRAEPARASSE INTELLEGATUR QUO <w part="I">MO</w>
     <lb xml:id="Folio24r.21" n="21"/><w part="F">DO</w> ILLO UTERETUR ET MALO <choice><abbr>NEQ&#183;</abbr><expan>NEQ<ex>UE</ex></expan></choice> ENIM <note type="scholion" place="margin"><choice><abbr>dd.</abbr><expan>d<ex>uo</ex>d<ex>eviginti</ex></expan></choice></note>
     <lb xml:id="Folio24r.22" n="22"/><choice><abbr>D&#772;S&#772;</abbr><expan>D<ex>EU</ex>S</expan></choice> ULLUM NON DICO ANGELORUM SED UEL
     <lb xml:id="Folio24r.23" n="23"/>HOMINUM CREARET QUEM MALUM <w part="I">FU</w>
     <lb xml:id="Folio24r.24" n="24"/><w part="F">TURUM</w> ESSE PRAESCISSET NISI PARITER
     <lb xml:id="Folio24r.25" n="25"/>NOSSET <choice><abbr>QUIB;</abbr><expan>QUIB<ex>US</ex></expan></choice> EOS BONORUM <choice><abbr>USIB&#183;</abbr><expan>USIB<ex>US</ex></expan></choice> <w part="I">COM</w>
     <lb xml:id="Folio24r.26" n="26"/><w part="F">MODARET</w> <choice><abbr>ATQ&#183;</abbr><expan>ATQ<ex>UE</ex></expan></choice> <app><rdg wit="#CSEL40">ADQUE</rdg></app> ITA ORDINEM <choice><abbr>SAECULORU &#772;</abbr><expan>SAECULORU<ex>M</ex></expan></choice>
     <lb xml:id="Folio24r.27" n="27"/><choice><sic>TAMQ<del rend="strikethrough">UE</del></sic><corr>TAMQUAM</corr></choice> PULCHERRIMUM CARMEN <choice><abbr>ETIA &#772;</abbr><expan>ETIA<ex>M</ex></expan></choice>
     <lb xml:id="Folio24r.28" n="28"/>EX <choice><abbr>QUIB&#183;DAM</abbr><expan>QUIB<ex>US</ex>DAM</expan></choice> QUASI ANTITHETIS HONESTARET
     <lb xml:id="Folio24r.29" n="29"/>ANTITHETA ENIM QUAE APPELLANTUR IN <w part="I">OR</w> <note type="scholion" place="margin"><choice><abbr>R&#772;</abbr><expan>R<ex>equire</ex></expan></choice> antitheta</note>
     <lb xml:id="Folio24r.30" n="30"/><w part="F">NAMENTIS</w> ELOCUTIONIS SUNT <w part="I">DECENTIS</w> 
    </ab>   
   </div>
   
      </body>
    </text>  
  
</TEI>
