<?xml version="1.0" encoding="UTF-8"?>
<?xml-model RNGSchema="http://www.stoa.org/epidoc/schema/latest/tei-epidoc.rng" type="xml"?>
<?xml-stylesheet type="text/xsl" href="msxxviii26.xsl"?>
<TEI xmlns="http://www.tei-c.org/ns/1.0">
 <teiHeader>
  <fileDesc>
   
   <titleStmt>
    <title ref="http://data.perseus.org/catalog/urn:cts:latinLit:stoa0040.stoa003" xml:id="edition">Contra Paganos De Civitate Dei: A Digital Edition of the Oldest Surviving Manuscript</title>
    <author ref="http://data.perseus.org/catalog/urn:cts:latinLit:stoa0040">Aurelius Augustinus</author>
    <editor>Greta Franzini</editor>
    <respStmt>
     <persName>Greta Franzini</persName>
     <resp>PhD student</resp>
    </respStmt>
    <respStmt>
     <persName>Melissa Terras</persName>
     <resp>First supervisor</resp>
    </respStmt>
    <respStmt>
     <persName>Simon Mahony</persName>
     <resp>Second supervisor</resp>
    </respStmt>
   </titleStmt>
   
   <editionStmt>
    <edition n="1">First digital edition</edition>
   </editionStmt>
   
   <publicationStmt>
    <authority>Greta Franzini</authority>
    <idno>Fol_07r-43r.xml</idno>
    <authority>UCL Centre for Digital Humanities</authority>
    <availability>
     <p>Available under a Creative Commons Attribution-ShareAlike International 4.0 License</p>
    </availability>
    <date>2014</date>
   </publicationStmt>
   
   <sourceDesc>
    <msDesc>
     <msIdentifier>
      <settlement>Verona</settlement>
      <repository>Biblioteca Capitolare</repository>
      <idno>MS XXVIII(26)</idno>
     </msIdentifier>
     
     <msContents>
      <msItem>
       <locus>f. 7r-43r</locus>
       <explicit>
        <locus>f. 43r</locus>
        <lb />AUGUSTINI EPISCOPI 
        <lb />CATHOLICI DE CIUITATE <choice><abbr>D&#772;I&#772;</abbr><expan>D<ex>E</ex>I</expan></choice> 
        <lb />CONTRA PAGANOS 
        <lb />LIBER &#183; XI &#183; EXPLICIT
       </explicit>
      </msItem>
     </msContents>
     
     <physDesc>
      <objectDesc form="codex">
       <supportDesc material="parchment">
        <support><p>Parchment</p></support>
        <extent>ff.253 <dimensions scope="all" type="leaf" unit="mm">
         <height>292</height>
         <width>190</width>
        </dimensions>
        </extent>
       </supportDesc>
       <layoutDesc>
        <layout columns="1"><p>In a single column</p></layout>
       </layoutDesc>
      </objectDesc>
      
      <bindingDesc>
       <binding contemporary="unknown">
        <p>Bound in <material>rigid parchment</material>, possibly in 18th
         century, and rebound using the same support in 1926.</p>
       </binding>
      </bindingDesc>
     </physDesc>
     
     <history>
      <origin>
       <p>Written in <origPlace>North Africa</origPlace> in the <origDate>early 5th century.</origDate>
       </p>
      </origin>
     </history>
    </msDesc>
   </sourceDesc>
  </fileDesc>
  <encodingDesc>
   <p>The following text was encoded in accordance with EpiDoc standards.</p>
  </encodingDesc>
  <profileDesc>
   <langUsage>
    <language ident="la">Latin</language>
   </langUsage>
  </profileDesc>
  
 </teiHeader>
    
 
 <text>
  
  <body>
   <head>
    <title xml:id="book">Liber XI</title>
   </head>
   
   <div n="Folio 24v" type="edition">
    <ab>
     <lb xml:id="Folio24v.1" n="1"/><w part="F">SI<supplied reason="lost">MA</supplied></w> QUAE LATINE UT <app><rdg wit="#CSEL40">UEL</rdg></app> APPELLENTUR
     <lb xml:id="Folio24v.2" n="2"/>OPPOSITA <app><rdg wit="#CSEL40">OBPOSITA</rdg></app> UEL QUOD EXPRAESSIUS <app><rdg wit="#CSEL40">EXPRESSIUS</rdg></app> DICITUR
     <lb xml:id="Folio24v.3" n="3"/>CONTRAPOSITA NON EST APUD <app><rdg wit="#CSEL40">APUT</rdg></app> NOS HUIUS
     <lb xml:id="Folio24v.4" n="4"/>UOCABULI CONSUETUDO CUM TAMEN
     <lb xml:id="Folio24v.5" n="5"/>EISDEM ORNAMENTIS LOCUTIONIS ETIAM
     <lb xml:id="Folio24v.6" n="6"/>SERMO LATINUS UTATUR IMMO LINGUAE
     <lb xml:id="Folio24v.7" n="7"/><note type="scholion" place="margin"><choice><abbr>R&#772;</abbr><expan>R<ex>equire</ex></expan></choice> antithetis.</note> OMNIUM GENTIUM HIS ANTITHETIS <supplied reason="lost">ET</supplied>
     <lb xml:id="Folio24v.8" n="8"/>PAULUS APOSTOLUS IN SECUNDA AD <w part="I">CORIN</w>
     <lb xml:id="Folio24v.9" n="9"/><w part="F">THEOS</w> <app><rdg wit="#CSEL40">CORINTHIOS</rdg></app> EPISTULA ILLUM LOCUM SUAUITER 
     <lb xml:id="Folio24v.10" n="10"/>EXPLICAT UBI DICIT PER ARMA IUSTITIAE
     <lb xml:id="Folio24v.11" n="11"/>DEXTRA ET SINISTRA PER GLORIAM ET <w part="I">IGNOBI</w>
     <lb xml:id="Folio24v.12" n="12"/><w part="F">LITATEM</w> PER INFAMIAM ET BONAM <choice><abbr>FAMA &#772;</abbr><expan>FAMA<ex>M</ex></expan></choice>
     <lb xml:id="Folio24v.13" n="13"/>UT SEDUCTORES ET UERACES UT QUI <w part="I">IGNORA</w>
     <lb xml:id="Folio24v.14" n="14"/><w part="F">MUR</w> ET COGNOSCIMUR QUASI MORIENTES
     <lb xml:id="Folio24v.15" n="15"/>ET ECCE UIUIMUS UT COHERCITI ET NON <w part="I">MOR</w>
     <lb xml:id="Folio24v.16" n="16"/><w part="F">TIFICATI</w> UT TRISTES SEMPER AUTEM <choice><abbr><w part="I">GAUDE &#772;</w>
     <lb xml:id="Folio24v.17" n="17"/><w part="F">TES</w></abbr><expan>GAUDE<ex>N</ex>TES</expan></choice> SICUT EGENI MULTOS AUTEM DITANTES 
     <lb xml:id="Folio24v.18" n="18"/>TAMQUAM NIHIL HABENTES ET OMNIA <w part="I">POSSI</w>
     <lb xml:id="Folio24v.19" n="19"/><w part="F">DENTES</w> SICUT ERGO JSTA CONTRARIA <choice><abbr><w part="I">CO &#772;</w>
     <lb xml:id="Folio24v.20" n="20"/><w part="F">TRARIIS</w></abbr><expan>CO<ex>N</ex>TRARIIS</expan></choice> <sic>OPPOSSITA</sic> <app><rdg wit="#CSEL40">OBPOSITA</rdg></app> SERMONIS <sic><choice><abbr>PULCRITUDINE &#772;</abbr><expan>PULCRITUDINE<ex>M</ex></expan></choice></sic> <app><rdg wit="#CSEL40">PULCHRITUDINEM</rdg></app>
     <lb xml:id="Folio24v.21" n="21"/>REDDUNT ITA QUADAM NON UERBORUM
     <lb xml:id="Folio24v.22" n="22"/>SED RERUM ELOQUENTIA CONTRARIORUM
     <lb xml:id="Folio24v.23" n="23"/>OPPOSITIONE <app><rdg wit="#CSEL40">OBPOSITIONE</rdg></app> SAECULI PULCHRITUDO <w part="I">CONPO</w>
     <lb xml:id="Folio24v.24" n="24"/><w part="F">NITUR</w> APERTISSIME HOC POSITUM EST
     <lb xml:id="Folio24v.25" n="25"/>IN LIBRO ECCLESIASTICO ISTO MODO CONTRA
     <lb xml:id="Folio24v.26" n="26"/>MALUM BONUM EST ET CONTRA MORTEM
     <lb xml:id="Folio24v.27" n="27"/>UITA SIC CONTRA PIUM PECCATOR ET SIC <w part="I">IN</w>
     <lb xml:id="Folio24v.28" n="28"/><w part="F">TUERE</w> IN OMNIA OPERA ALTISSIMI BINA <w part="I">BI</w>
     <lb xml:id="Folio24v.29" n="29"/><note type="scholion" subtype="chapter" n="19" place="margin">XVIIII</note><w part="F">NA</w> UNUM CONTRA UNUM QUAMUIS <w part="I">ITA</w>
     <lb xml:id="Folio24v.30" n="30"/><w part="F">QUE</w> DIUINI SERMONIS OBSCURITAS <choice><abbr>ETIA &#772;</abbr><expan>ETIA<ex>M</ex></expan></choice>
    </ab>    
   </div>
   
      </body>
    </text>  
  
</TEI>
