<?xml version="1.0" encoding="UTF-8"?>
<?xml-model RNGSchema="http://www.stoa.org/epidoc/schema/latest/tei-epidoc.rng" type="xml"?>
<?xml-stylesheet type="text/xsl" href="msxxviii26.xsl"?>
<TEI xmlns="http://www.tei-c.org/ns/1.0">
 <teiHeader>
  <fileDesc>
   
   <titleStmt>
    <title ref="http://data.perseus.org/catalog/urn:cts:latinLit:stoa0040.stoa003" xml:id="edition">Contra Paganos De Civitate Dei: A Digital Edition of the Oldest Surviving Manuscript</title>
    <author ref="http://data.perseus.org/catalog/urn:cts:latinLit:stoa0040">Aurelius Augustinus</author>
    <editor>Greta Franzini</editor>
    <respStmt>
     <persName>Greta Franzini</persName>
     <resp>PhD student</resp>
    </respStmt>
    <respStmt>
     <persName>Melissa Terras</persName>
     <resp>First supervisor</resp>
    </respStmt>
    <respStmt>
     <persName>Simon Mahony</persName>
     <resp>Second supervisor</resp>
    </respStmt>
   </titleStmt>
   
   <editionStmt>
    <edition n="1">First digital edition</edition>
   </editionStmt>
   
   <publicationStmt>
    <authority>Greta Franzini</authority>
    <idno>Fol_07r-43r.xml</idno>
    <authority>UCL Centre for Digital Humanities</authority>
    <availability>
     <p>Available under a Creative Commons Attribution-ShareAlike International 4.0 License</p>
    </availability>
    <date>2014</date>
   </publicationStmt>
   
   <sourceDesc>
    <msDesc>
     <msIdentifier>
      <settlement>Verona</settlement>
      <repository>Biblioteca Capitolare</repository>
      <idno>MS XXVIII(26)</idno>
     </msIdentifier>
     
     <msContents>
      <msItem>
       <locus>f. 7r-43r</locus>
       <explicit>
        <locus>f. 43r</locus>
        <lb />AUGUSTINI EPISCOPI 
        <lb />CATHOLICI DE CIUITATE <choice><abbr>D&#772;I&#772;</abbr><expan>D<ex>E</ex>I</expan></choice> 
        <lb />CONTRA PAGANOS 
        <lb />LIBER &#183; XI &#183; EXPLICIT
       </explicit>
      </msItem>
     </msContents>
     
     <physDesc>
      <objectDesc form="codex">
       <supportDesc material="parchment">
        <support><p>Parchment</p></support>
        <extent>ff.253 <dimensions scope="all" type="leaf" unit="mm">
         <height>292</height>
         <width>190</width>
        </dimensions>
        </extent>
       </supportDesc>
       <layoutDesc>
        <layout columns="1"><p>In a single column</p></layout>
       </layoutDesc>
      </objectDesc>
      
      <bindingDesc>
       <binding contemporary="unknown">
        <p>Bound in <material>rigid parchment</material>, possibly in 18th
         century, and rebound using the same support in 1926.</p>
       </binding>
      </bindingDesc>
     </physDesc>
     
     <history>
      <origin>
       <p>Written in <origPlace>North Africa</origPlace> in the <origDate>early 5th century.</origDate>
       </p>
      </origin>
     </history>
    </msDesc>
   </sourceDesc>
  </fileDesc>
  <encodingDesc>
   <p>The following text was encoded in accordance with EpiDoc standards.</p>
  </encodingDesc>
  <profileDesc>
   <langUsage>
    <language ident="la">Latin</language>
   </langUsage>
  </profileDesc>
  
 </teiHeader>
    
 
 <text>
  
  <body>
   <head>
    <title xml:id="book">Liber XI</title>
   </head>
   
   <div n="Folio 25r" type="edition">
    <ab>
     <lb xml:id="Folio25r.1" n="1"/>AD HOC SIT UTILIS QUOD PLURES <w part="I">SENTEN</w>
     <lb xml:id="Folio25r.2" n="2"/><w part="F">TIAS</w> UERITATIS PARIT ET IN LUCEM NOTITIAE
     <lb xml:id="Folio25r.3" n="3"/>PRODUCIT DUM ALIUS EUM SIC ALIUS SIC <w part="I">IN</w>
     <lb xml:id="Folio25r.4" n="4"/><w part="F">TELLEGIT</w> ITA TAMEN UT QUOD IN OBSCURO
     <lb xml:id="Folio25r.5" n="5"/>LOCO INTELLEGITUR UEL ATTESTATIONE <app><rdg wit="#CSEL40">ADTESTATIONE</rdg></app> <w part="I">RE</w>
     <lb xml:id="Folio25r.6" n="6"/><w part="F">RUM</w> MANIFESTARUM UEL ALIIS LOCIS <w part="I">MINI</w>
     <lb xml:id="Folio25r.7" n="7"/><w part="F">ME</w> DUBIIS ASSERATUR <app><rdg wit="#CSEL40">ADSERATUR</rdg></app> SIUE CUM MULTA 
     <lb xml:id="Folio25r.8" n="8"/>TRACTANTUR AD ID <choice><abbr>QUOQ&#183;</abbr><expan>QUOQ<ex>UE</ex></expan></choice> PERUENIATUR
     <lb xml:id="Folio25r.9" n="9"/>QUOD SENSIT ILLE QUI SCRIBSIT <app><rdg wit="#CSEL40">SCRIPSIT</rdg></app> SIUE ID <w part="I">LA</w>
     <lb xml:id="Folio25r.10" n="10"/><w part="F">TEAT</w> SED EX OCCASIONE TRACTANDAE <w part="I">PRO</w>
     <lb xml:id="Folio25r.11" n="11"/><w part="F">FUNDAE</w> OBSCURITATIS ALIA QUAEDAM
     <lb xml:id="Folio25r.12" n="12"/><choice><sic><del rend="strikethrough">B</del>ERA</sic><corr>UERA</corr></choice> DICANTUR NON MIHI UIDETUR <supplied reason="lost">AB</supplied>
     <lb xml:id="Folio25r.13" n="13"/>OPERIBUS DEI <choice><sic>ABS<del rend="strikethrough">O</del>RDA</sic><corr>ABS<add place="above">U</add>RDA</corr></choice> SENTENTIA SI CUM&#772;
     <lb xml:id="Folio25r.14" n="14"/>LUX PRIMA ILLA FACTA EST ANGELI CREATI <w part="I">IN</w>
     <lb xml:id="Folio25r.15" n="15"/><w part="F">TELLEGUNTUR</w> INTER SANCTOS ANGELOS ET
     <lb xml:id="Folio25r.16" n="16"/>INMUNDOS FUISSE DISCRETUM UBI <choice><abbr>DICTU &#772;</abbr><expan>DICTU<ex>M</ex></expan></choice>
     <lb xml:id="Folio25r.17" n="17"/>EST ET DIUISIT <choice><abbr>D&#772;S&#772;</abbr><expan>D<ex>EU</ex>S</expan></choice> INTER LUCEM ET TENEBRAS
     <lb xml:id="Folio25r.18" n="18"/>ET UOCAUIT <choice><abbr>D&#772;S&#772;</abbr><expan>D<ex>EU</ex>S</expan></choice> &#183; LUCEM DIEM ET TENEBRAS
     <lb xml:id="Folio25r.19" n="19"/>UOCAUIT NOCTEM SOLUS QUIPPE ILLE ISTA
     <lb xml:id="Folio25r.20" n="20"/>DISCERNERE POTUIT QUI POTUIT ETIAM <w part="I">PRI<hi rend="ligature">US</hi></w>
     <lb xml:id="Folio25r.21" n="21"/><w part="F">QUAM</w> CADERENT PRAESCIRE CASUROS
     <lb xml:id="Folio25r.22" n="22"/>ET PRIUATOS LUMINE UERITATIS IN <w part="I">TENE</w> <note type="scholion" place="margin"><choice><abbr>R&#772;</abbr><expan>R<ex>equire</ex></expan></choice></note>
     <lb xml:id="Folio25r.23" n="23"/><w part="F">BROSA</w> SUPERBIA REMANSUROS &#183; NAM <w part="I">IN</w> 
     <lb xml:id="Folio25r.24" n="24"/><w part="F">TER</w> ISTUM NOBIS NOTISSIMUM DIEM ET
     <lb xml:id="Folio25r.25" n="25"/>NOCTEM ID EST INTER HANC LUCEM ET HAS     
     <lb xml:id="Folio25r.26" n="26"/>TENEBRAS <sic>UULGATISSIMAS</sic> <app><rdg wit="#CSEL40">UULGATISSIMA</rdg></app>
     <choice><abbr>SENSIB;</abbr><expan>SENSIB<ex>US</ex></expan></choice> <w part="I">NOS</w>
     <lb xml:id="Folio25r.27" n="27"/><w part="F">TRIS</w> LUMINARIA CAELI UT DIUIDERENT <w part="I">IM</w>
     <lb xml:id="Folio25r.28" n="28"/><w part="F">PERAUIT</w> FIANT INQUIT LUMINARIA IN
     <lb xml:id="Folio25r.29" n="29"/>FIRMAMENTO CAELI UT LUCEANT SUPER <w part="I">TER</w>
     <lb xml:id="Folio25r.30" n="30"/><w part="F">RAM</w> ET DIUIDANT INTER DIEM ET NOCTEM
    </ab>     
   </div>
   
      </body>
    </text>  
  
</TEI>
