<?xml version="1.0" encoding="UTF-8"?>
<?xml-model RNGSchema="http://www.stoa.org/epidoc/schema/latest/tei-epidoc.rng" type="xml"?>
<?xml-stylesheet type="text/xsl" href="msxxviii26.xsl"?>
<TEI xmlns="http://www.tei-c.org/ns/1.0">
 <teiHeader>
  <fileDesc>
   
   <titleStmt>
    <title ref="http://data.perseus.org/catalog/urn:cts:latinLit:stoa0040.stoa003" xml:id="edition">Contra Paganos De Civitate Dei: A Digital Edition of the Oldest Surviving Manuscript</title>
    <author ref="http://data.perseus.org/catalog/urn:cts:latinLit:stoa0040">Aurelius Augustinus</author>
    <editor>Greta Franzini</editor>
    <respStmt>
     <persName>Greta Franzini</persName>
     <resp>PhD student</resp>
    </respStmt>
    <respStmt>
     <persName>Melissa Terras</persName>
     <resp>First supervisor</resp>
    </respStmt>
    <respStmt>
     <persName>Simon Mahony</persName>
     <resp>Second supervisor</resp>
    </respStmt>
   </titleStmt>
   
   <editionStmt>
    <edition n="1">First digital edition</edition>
   </editionStmt>
   
   <publicationStmt>
    <authority>Greta Franzini</authority>
    <idno>Fol_07r-43r.xml</idno>
    <authority>UCL Centre for Digital Humanities</authority>
    <availability>
     <p>Available under a Creative Commons Attribution-ShareAlike International 4.0 License</p>
    </availability>
    <date>2014</date>
   </publicationStmt>
   
   <sourceDesc>
    <msDesc>
     <msIdentifier>
      <settlement>Verona</settlement>
      <repository>Biblioteca Capitolare</repository>
      <idno>MS XXVIII(26)</idno>
     </msIdentifier>
     
     <msContents>
      <msItem>
       <locus>f. 7r-43r</locus>
       <explicit>
        <locus>f. 43r</locus>
        <lb />AUGUSTINI EPISCOPI 
        <lb />CATHOLICI DE CIUITATE <choice><abbr>D&#772;I&#772;</abbr><expan>D<ex>E</ex>I</expan></choice> 
        <lb />CONTRA PAGANOS 
        <lb />LIBER &#183; XI &#183; EXPLICIT
       </explicit>
      </msItem>
     </msContents>
     
     <physDesc>
      <objectDesc form="codex">
       <supportDesc material="parchment">
        <support><p>Parchment</p></support>
        <extent>ff.253 <dimensions scope="all" type="leaf" unit="mm">
         <height>292</height>
         <width>190</width>
        </dimensions>
        </extent>
       </supportDesc>
       <layoutDesc>
        <layout columns="1"><p>In a single column</p></layout>
       </layoutDesc>
      </objectDesc>
      
      <bindingDesc>
       <binding contemporary="unknown">
        <p>Bound in <material>rigid parchment</material>, possibly in 18th
         century, and rebound using the same support in 1926.</p>
       </binding>
      </bindingDesc>
     </physDesc>
     
     <history>
      <origin>
       <p>Written in <origPlace>North Africa</origPlace> in the <origDate>early 5th century.</origDate>
       </p>
      </origin>
     </history>
    </msDesc>
   </sourceDesc>
  </fileDesc>
  <encodingDesc>
   <p>The following text was encoded in accordance with EpiDoc standards.</p>
  </encodingDesc>
  <profileDesc>
   <langUsage>
    <language ident="la">Latin</language>
   </langUsage>
  </profileDesc>
  
 </teiHeader>
    
 
 <text>
  
  <body>
   <head>
    <title xml:id="book">Liber XI</title>
   </head>
   
   <div n="Folio 26r" type="edition">
    <ab>
     <lb xml:id="Folio26r.1" n="1"/>LUCERE SUPER TERRAM ET PRAEESSE DIEI
     <lb xml:id="Folio26r.2" n="2"/>ET NOCTI ET SEPARARE INTER LUCEM ET <w part="I">TE</w>
     <lb xml:id="Folio26r.3" n="3"/><w part="F">NEBRAS</w> ET UIDIT <choice><abbr>D&#772;S&#772;</abbr><expan>D<ex>EU</ex>S</expan></choice> QUIA BONUM EST&#183;
     <lb xml:id="Folio26r.4" n="4"/><choice><abbr>UTRUMQ&#183;</abbr><expan>UTRUMQ<ex>UE</ex></expan></choice> PLACUIT QUIA <choice><abbr>UTRUMQ&#183;</abbr><expan>UTRUMQ<ex>UE</ex></expan></choice> SINE <w part="I">PEC</w>
     <lb xml:id="Folio26r.5" n="5"/><w part="F">CATO</w> EST IBI <app><rdg wit="#CSEL40">UBI</rdg></app> AUTEM DIXIT <choice><abbr>D&#772;S&#772;</abbr><expan>D<ex>EU</ex>S</expan></choice> &#183; FIAT LUX ET
     <lb xml:id="Folio26r.6" n="6"/>FACTA EST LUX ET UIDIT <choice><abbr>D&#772;S&#772;</abbr><expan>D<ex>EU</ex>S</expan></choice> LUCEM QUIA <w part="I">BO</w>
     <lb xml:id="Folio26r.7" n="7"/><w part="F">NA</w> EST ET POSTMODUM INFERTUR ET <w part="I">SEPA</w>
     <lb xml:id="Folio26r.8" n="8"/><w part="F">RAUIT</w> <choice><abbr>D&#772;S&#772;</abbr><expan>D<ex>EU</ex>S</expan></choice> INTER LUCEM ET TENEBRAS ET <w part="I">UO</w>
     <lb xml:id="Folio26r.9" n="9"/><w part="F">CAUIT</w> <choice><abbr>D&#772;S&#772;</abbr><expan>D<ex>EU</ex>S</expan></choice> LUCEM DIEM ET TENEBRAS <w part="I">UOCA</w>
     <lb xml:id="Folio26r.10" n="10"/><w part="F">UIT</w> NOCTEM NON HOC LOCO ADDITUM EST
     <lb xml:id="Folio26r.11" n="11"/>ET UIDIT <choice><abbr>D&#772;S&#772;</abbr><expan>D<ex>EU</ex>S</expan></choice> QUIA BONUM EST ET NE <w part="I">UTRUM</w>
     <lb xml:id="Folio26r.12" n="12"/><w part="F">QUE</w> APPELLARETUR BONUM CUM ESSET <w part="I">HO</w>
     <lb xml:id="Folio26r.13" n="13"/><w part="F">RUM</w> ALTERUM MALUM UITIO PROPRIO <choice><abbr>NO &#772;</abbr><expan>NO<ex>N</ex></expan></choice> <note type="scholion" place="margin"><choice><abbr>R&#772;</abbr><expan>R<ex>equire</ex></expan></choice></note>
     <lb xml:id="Folio26r.14" n="14"/>NATURA; ET IDEO SOLA IBI LUX PLACUIT <w part="I">CONDI</w>
     <lb xml:id="Folio26r.15" n="15"/><w part="F">TORI</w> TENEBRAE AUTEM ANGELICAE ETSI <w part="I">FUE</w>
     <lb xml:id="Folio26r.16" n="16"/><w part="F">RANT</w> ORDINANDAE NON TAMEN FUERANT
     <lb xml:id="Folio26r.17" n="17"/>APPROBANDAE <app><rdg wit="#CSEL40">ADPROBANDAE</rdg></app> QUID EST ENIM ALIUD <w part="I">INTEL</w>
     <lb xml:id="Folio26r.18" n="18"/><w part="F">LEGENDUM</w> IN EO QUOD PER OMNIA <w part="I">DICI</w>
     <lb xml:id="Folio26r.19" n="19"/><w part="F">TUR</w> UIDIT <choice><abbr>D&#772;S&#772;</abbr><expan>D<ex>EU</ex>S</expan></choice> &#183; QUIA BONUM EST NISI OPERIS
     <lb xml:id="Folio26r.20" n="20"/>APPROBATIO <app><rdg wit="#CSEL40">ADPROBATIO</rdg></app> SECUNDUM ARTEM FACTI QUAE
     <lb xml:id="Folio26r.21" n="21"/>SAPIENTIA <choice><abbr>D&#772;I&#772;</abbr><expan>D<ex>E</ex>I</expan></choice> &#183; EST <choice><abbr>D&#772;S&#772;</abbr><expan>D<ex>EU</ex>S</expan></choice> AUTEM <choice><abbr>USQ&#183;</abbr><expan>USQ<ex>UE</ex></expan></choice> ADEO
     <lb xml:id="Folio26r.22" n="22"/>NON CUM FACTUM EST TUNC DICIT <app><rdg wit="#CSEL40">DIDICIT</rdg></app> BONUM
     <lb xml:id="Folio26r.23" n="23"/>UT NIHIL EORUM FIERET SI EI FUISSET <w part="I">INCOG</w>
     <lb xml:id="Folio26r.24" n="24"/><w part="F">NITUM</w> DUM ERGO UIDET QUIA <choice><abbr>BONU &#772;</abbr><expan>BONU<ex>M</ex></expan></choice>
     <lb xml:id="Folio26r.25" n="25"/>EST QUOD NISI UIDISSET ANTEQUAM FIERET
     <lb xml:id="Folio26r.26" n="26"/>NON <choice><abbr>UTIQ&#183;</abbr><expan>UTIQ<ex>UE</ex></expan></choice> FIERET DOCET BONUM ESSE <choice><abbr>NO &#772;</abbr><expan>NO<ex>N</ex></expan></choice>
     <lb xml:id="Folio26r.27" n="27"/>DISCIT ET PLATO QUIDEM PLUS AUSUS EST
     <lb xml:id="Folio26r.28" n="28"/>DICERE ELATUM ESSE SCILICET <choice><abbr>D&#772;M&#772;</abbr><expan>D<ex>EU</ex>M</expan></choice> GAUDIO
     <lb xml:id="Folio26r.29" n="29"/>MUNDI UNIUERSITATE PERFECTA UBI ET
     <lb xml:id="Folio26r.30" n="30"/>IPSE NON <choice><abbr>USQ&#183;</abbr><expan>USQ<ex>UE</ex></expan></choice> ADEO DESIPIEBAT UT PUTARET
    </ab>     
   </div>
   
      </body>
    </text>  
  
</TEI>
