<?xml version="1.0" encoding="UTF-8"?>
<?xml-model RNGSchema="http://www.stoa.org/epidoc/schema/latest/tei-epidoc.rng" type="xml"?>
<?xml-stylesheet type="text/xsl" href="msxxviii26.xsl"?>
<TEI xmlns="http://www.tei-c.org/ns/1.0">
 <teiHeader>
  <fileDesc>
   
   <titleStmt>
    <title ref="http://data.perseus.org/catalog/urn:cts:latinLit:stoa0040.stoa003" xml:id="edition">Contra Paganos De Civitate Dei: A Digital Edition of the Oldest Surviving Manuscript</title>
    <author ref="http://data.perseus.org/catalog/urn:cts:latinLit:stoa0040">Aurelius Augustinus</author>
    <editor>Greta Franzini</editor>
    <respStmt>
     <persName>Greta Franzini</persName>
     <resp>PhD student</resp>
    </respStmt>
    <respStmt>
     <persName>Melissa Terras</persName>
     <resp>First supervisor</resp>
    </respStmt>
    <respStmt>
     <persName>Simon Mahony</persName>
     <resp>Second supervisor</resp>
    </respStmt>
   </titleStmt>
   
   <editionStmt>
    <edition n="1">First digital edition</edition>
   </editionStmt>
   
   <publicationStmt>
    <authority>Greta Franzini</authority>
    <idno>Fol_07r-43r.xml</idno>
    <authority>UCL Centre for Digital Humanities</authority>
    <availability>
     <p>Available under a Creative Commons Attribution-ShareAlike International 4.0 License</p>
    </availability>
    <date>2014</date>
   </publicationStmt>
   
   <sourceDesc>
    <msDesc>
     <msIdentifier>
      <settlement>Verona</settlement>
      <repository>Biblioteca Capitolare</repository>
      <idno>MS XXVIII(26)</idno>
     </msIdentifier>
     
     <msContents>
      <msItem>
       <locus>f. 7r-43r</locus>
       <explicit>
        <locus>f. 43r</locus>
        <lb />AUGUSTINI EPISCOPI 
        <lb />CATHOLICI DE CIUITATE <choice><abbr>D&#772;I&#772;</abbr><expan>D<ex>E</ex>I</expan></choice> 
        <lb />CONTRA PAGANOS 
        <lb />LIBER &#183; XI &#183; EXPLICIT
       </explicit>
      </msItem>
     </msContents>
     
     <physDesc>
      <objectDesc form="codex">
       <supportDesc material="parchment">
        <support><p>Parchment</p></support>
        <extent>ff.253 <dimensions scope="all" type="leaf" unit="mm">
         <height>292</height>
         <width>190</width>
        </dimensions>
        </extent>
       </supportDesc>
       <layoutDesc>
        <layout columns="1"><p>In a single column</p></layout>
       </layoutDesc>
      </objectDesc>
      
      <bindingDesc>
       <binding contemporary="unknown">
        <p>Bound in <material>rigid parchment</material>, possibly in 18th
         century, and rebound using the same support in 1926.</p>
       </binding>
      </bindingDesc>
     </physDesc>
     
     <history>
      <origin>
       <p>Written in <origPlace>North Africa</origPlace> in the <origDate>early 5th century.</origDate>
       </p>
      </origin>
     </history>
    </msDesc>
   </sourceDesc>
  </fileDesc>
  <encodingDesc>
   <p>The following text was encoded in accordance with EpiDoc standards.</p>
  </encodingDesc>
  <profileDesc>
   <langUsage>
    <language ident="la">Latin</language>
   </langUsage>
  </profileDesc>
  
 </teiHeader>
    
 
 <text>
  
  <body>
   <head>
    <title xml:id="book">Liber XI</title>
   </head>
   
   <div n="Folio 26v" type="edition">
    <ab>
     <lb xml:id="Folio26v.1" n="1"/><choice><abbr>D&#772;M&#772;</abbr><expan>D<ex>EU</ex>M</expan></choice> SUI OPERIS NOUITATE<del rend="strikethrough">M</del> FACTUM
     <lb xml:id="Folio26v.2" n="2"/>BEATIOREM SED SIC OSTENDERE UOLUIT
     <lb xml:id="Folio26v.3" n="3"/>ARTIFICI SUO PLACUISSE IAM FACTUM QUOD
     <lb xml:id="Folio26v.4" n="4"/>PLACUERAT JN ARTE FACIENDUM NON QUOD
     <lb xml:id="Folio26v.5" n="5"/>ULLO MODO <choice><abbr>D&#772;I&#772;</abbr><expan>D<ex>E</ex>I</expan></choice> SCIENTIA UARIETUR UT <w part="I">ALI</w>
     <lb xml:id="Folio26v.6" n="6"/><w part="F">UD</w> IN EA FACIANT QUAE NONDUM SUNT
     <lb xml:id="Folio26v.7" n="7"/>ALIUD QUAE IAM SUNT ALJUD QUAE FUERU<hi rend="ligature">NT</hi>
     <lb xml:id="Folio26v.8" n="8"/>NON ENIM MORE NOSTRO ILLE UEL QUOD <w part="I">FU</w>
     <lb xml:id="Folio26v.9" n="9"/><w part="F">TURUM</w> EST PRAEFICIT <app><rdg wit="#CSEL40">PROSPICIT</rdg></app> UEL QUOD PRAESENS
     <lb xml:id="Folio26v.10" n="10"/>EST ASPICIT UEL QUOD PRAETERITUM EST <w part="I">RES</w>
     <lb xml:id="Folio26v.11" n="11"/><w part="F">PICIT</w> SED ALIO MODO QUODAM A <choice><abbr>NOSTRARU &#772;</abbr><expan>NOSTRARU<ex>M</ex></expan></choice>
     <lb xml:id="Folio26v.12" n="12"/>COGITATIONUM CONSUETUDINE LONGE
     <lb xml:id="Folio26v.13" n="13"/>ALTEQUE DIUERSO ILLE QUIPPE NON EX HOC
     <lb xml:id="Folio26v.14" n="14"/>IN ILLUD COGITATIONE MUTATA SED OMNINO
     <lb xml:id="Folio26v.15" n="15"/>INCOMMUTABILITER UIDET ITA UT ILLA <w part="I">QUI</w>
     <lb xml:id="Folio26v.16" n="16"/><w part="F">DEM</w> QUAE TEMPORALITER FIUNT ET FUTURA
     <lb xml:id="Folio26v.17" n="17"/>NONDUM SINT ET PRAESENTIA IAM SINT
     <lb xml:id="Folio26v.18" n="18"/><supplied reason="lost">ET PR</supplied>AETERITA IAM NON SINT IPSE UERO
     <lb xml:id="Folio26v.19" n="19"/>HAEC OMNIA STABILI AC SEMPITERNA <w part="I">PRAE</w>
     <lb xml:id="Folio26v.20" n="20"/><w part="F">SENTIA</w> CONPRAEHENDAT <app><rdg wit="#CSEL40">COMPREHENDAT</rdg></app> NEC ALITER OCULIS
     <lb xml:id="Folio26v.21" n="21"/>ALITER MENTE NON ENIM EX ANIMO <w part="I">CONS</w>
     <lb xml:id="Folio26v.22" n="22"/><w part="F">TAT</w> ET CORPORE NEC ALITER NUNC ET ALITER
     <lb xml:id="Folio26v.23" n="23"/>ANTEA ET ALITER POSTEA QUONIAM NON SICUT
     <lb xml:id="Folio26v.24" n="24"/>NOSTRA ITA EIUS QUOQUE SCIENTIA TRIUM
     <lb xml:id="Folio26v.25" n="25"/>TEMPORUM PRAESENTIS UIDELICET ET <w part="I">PR&#198;</w>
     <lb xml:id="Folio26v.26" n="26"/><w part="F">TERITI</w> UEL FUTURI UARIETATE MUTATUR APUD <app><rdg wit="#CSEL40">APUT</rdg></app>
     <lb xml:id="Folio26v.27" n="27"/>QUEM NON EST IMMUTATIO <app><rdg wit="#CSEL40">INMUTATIO</rdg></app> NEC <w part="I">MOMEN</w>
     <lb xml:id="Folio26v.28" n="28"/><w part="F">TI</w> OBUMBRATIO NEQUE ENIM EIUS <choice><abbr><w part="I">INTE &#772;</w>
     <lb xml:id="Folio26v.29" n="29"/><w part="F">TIO</w></abbr><expan>INTE<ex>N</ex>TIO</expan></choice> DE COGITATIONE IN COGITATIONEM <choice><abbr><w part="I">TRA &#772;</w>
     <lb xml:id="Folio26v.30" n="30"/><w part="F">SIT</w></abbr><expan>TRA<ex>N</ex>SIT</expan></choice> IN CUIUS INCORPOREO CONTUITU SIMUL
    </ab>     
   </div>
   
      </body>
    </text>  
  
</TEI>
