<?xml version="1.0" encoding="UTF-8"?>
<?xml-model RNGSchema="http://www.stoa.org/epidoc/schema/latest/tei-epidoc.rng" type="xml"?>
<?xml-stylesheet type="text/xsl" href="msxxviii26.xsl"?>
<TEI xmlns="http://www.tei-c.org/ns/1.0">
 <teiHeader>
  <fileDesc>
   
   <titleStmt>
    <title ref="http://data.perseus.org/catalog/urn:cts:latinLit:stoa0040.stoa003" xml:id="edition">Contra Paganos De Civitate Dei: A Digital Edition of the Oldest Surviving Manuscript</title>
    <author ref="http://data.perseus.org/catalog/urn:cts:latinLit:stoa0040">Aurelius Augustinus</author>
    <editor>Greta Franzini</editor>
    <respStmt>
     <persName>Greta Franzini</persName>
     <resp>PhD student</resp>
    </respStmt>
    <respStmt>
     <persName>Melissa Terras</persName>
     <resp>First supervisor</resp>
    </respStmt>
    <respStmt>
     <persName>Simon Mahony</persName>
     <resp>Second supervisor</resp>
    </respStmt>
   </titleStmt>
   
   <editionStmt>
    <edition n="1">First digital edition</edition>
   </editionStmt>
   
   <publicationStmt>
    <authority>Greta Franzini</authority>
    <idno>Fol_07r-43r.xml</idno>
    <authority>UCL Centre for Digital Humanities</authority>
    <availability>
     <p>Available under a Creative Commons Attribution-ShareAlike International 4.0 License</p>
    </availability>
    <date>2014</date>
   </publicationStmt>
   
   <sourceDesc>
    <msDesc>
     <msIdentifier>
      <settlement>Verona</settlement>
      <repository>Biblioteca Capitolare</repository>
      <idno>MS XXVIII(26)</idno>
     </msIdentifier>
     
     <msContents>
      <msItem>
       <locus>f. 7r-43r</locus>
       <explicit>
        <locus>f. 43r</locus>
        <lb />AUGUSTINI EPISCOPI 
        <lb />CATHOLICI DE CIUITATE <choice><abbr>D&#772;I&#772;</abbr><expan>D<ex>E</ex>I</expan></choice> 
        <lb />CONTRA PAGANOS 
        <lb />LIBER &#183; XI &#183; EXPLICIT
       </explicit>
      </msItem>
     </msContents>
     
     <physDesc>
      <objectDesc form="codex">
       <supportDesc material="parchment">
        <support><p>Parchment</p></support>
        <extent>ff.253 <dimensions scope="all" type="leaf" unit="mm">
         <height>292</height>
         <width>190</width>
        </dimensions>
        </extent>
       </supportDesc>
       <layoutDesc>
        <layout columns="1"><p>In a single column</p></layout>
       </layoutDesc>
      </objectDesc>
      
      <bindingDesc>
       <binding contemporary="unknown">
        <p>Bound in <material>rigid parchment</material>, possibly in 18th
         century, and rebound using the same support in 1926.</p>
       </binding>
      </bindingDesc>
     </physDesc>
     
     <history>
      <origin>
       <p>Written in <origPlace>North Africa</origPlace> in the <origDate>early 5th century.</origDate>
       </p>
      </origin>
     </history>
    </msDesc>
   </sourceDesc>
  </fileDesc>
  <encodingDesc>
   <p>The following text was encoded in accordance with EpiDoc standards.</p>
  </encodingDesc>
  <profileDesc>
   <langUsage>
    <language ident="la">Latin</language>
   </langUsage>
  </profileDesc>
  
 </teiHeader>
    
 
 <text>
  
  <body>
   <head>
    <title xml:id="book">Liber XI</title>
   </head>
   
   <div n="Folio 27r" type="edition">
    <ab>
     <lb xml:id="Folio27r.1" n="1"/>ADSUNT CUNCTA <supplied reason="lost">QUAE NOUIT QUONIAM</supplied>
     <lb xml:id="Folio27r.2" n="2"/>TEMPORA ITA NO<supplied reason="lost">UIT NULLIS SUIS</supplied> <choice><abbr><w part="I">TEMPO</w>
     <lb xml:id="Folio27r.3" n="3"/><w part="F">RALIB;</w></abbr><expan>TEMPORALIB<ex>US</ex></expan></choice> <choice><abbr>NOTIONIB&#183;</abbr><expan>NOTIONIB<ex>US</ex></expan></choice> QUEM AMMODUM <app><rdg wit="#CSEL40">AD MODUM</rdg></app> <choice><abbr><w part="I">TE &#772;</w>
     <lb xml:id="Folio27r.4" n="4"/><w part="F">PORALIA</w></abbr><expan>TE<ex>M</ex>PORALIA</expan></choice> MOUET <supplied reason="lost">NU</supplied>LLIS SUIS <choice><abbr>TEMPORALIB&#183;</abbr><expan>TEMPORALIB<ex>US</ex></expan></choice>
     <lb xml:id="Folio27r.5" n="5"/><choice><abbr>MOTIB&#183;</abbr><expan>MOTIB<ex>US</ex></expan></choice> IBI ERGO UIDIT BONUM ESSE
     <lb xml:id="Folio27r.6" n="6"/>QUOD FECIT UBI BONUM ESSE UIDIT UT <w part="I">FA</w>
     <lb xml:id="Folio27r.7" n="7"/><w part="F">CERET</w> NEC QUIA FACTUM UIDIT SCIENTIA <app><rdg wit="#CSEL40">SCIENTIAM</rdg></app>
     <lb xml:id="Folio27r.8" n="8"/>DUPLICAUIT <choice><sic>UT LEX</sic><corr>UEL EX</corr></choice> ALIQUA PARTE AUXIT <choice><abbr><w part="I">TA &#772;</w>
     <lb xml:id="Folio27r.9" n="9"/><w part="F">QUAM</w></abbr><expan>TA<ex>M</ex>QUAM</expan></choice> MINORIS SCIENTIAE FUERIT <w part="I">PRI<hi rend="ligature">US</hi></w>
     <lb xml:id="Folio27r.10" n="10"/><w part="F">QUAM</w> FACERET QUOD UIDERET QUI TAM <w part="I">PER</w>
     <lb xml:id="Folio27r.11" n="11"/><w part="F">FECTE</w> NON OPERARETUR NISI TAM <w part="I">PERFEC</w>
     <lb xml:id="Folio27r.12" n="12"/><w part="F">TA</w> SCIENTIA CUI NIHIL EX EIUS <choice><abbr>OPERIB&#183;</abbr><expan>OPERIB<ex>US</ex></expan></choice> <w part="I">ADDE</w>
     <lb xml:id="Folio27r.13" n="13"/><w part="F">RETUR</w> QUAPROPTER SI TANTUMMODO
     <lb xml:id="Folio27r.14" n="14"/>NOBIS INSINUANDUM ESSET QUIS FECERIT
     <lb xml:id="Folio27r.15" n="15"/>LUCEM SUFFICERET DICERE FECIT <choice><abbr>DS&#772;</abbr><expan>D<ex>EU</ex>S</expan></choice>&#183; LUCEM
     <lb xml:id="Folio27r.16" n="16"/>SJ AUTEM NON SOLUM QUIS FECERIT <choice><abbr>UERU &#772;</abbr><expan>UERU<ex>M</ex></expan></choice>
     <lb xml:id="Folio27r.17" n="17"/>ETIAM PER QUID FECERIT SATIS ESSET ITA <w part="I"><supplied reason="lost">ENUN</supplied></w>
     <lb xml:id="Folio27r.18" n="18"/><w part="F">TIARI</w> ET DIXIT <choice><abbr>D&#772;S&#772;</abbr><expan>D<ex>EU</ex>S</expan></choice>&#183; FIAT LUX ET FACTA EST LUX
     <lb xml:id="Folio27r.19" n="19"/>UT NON TANTUM <choice><abbr>D&#772;M&#772;</abbr><expan>D<ex>EU</ex>M</expan></choice>&#183; SED ETIAM PER <w part="I">UER</w>
     <lb xml:id="Folio27r.20" n="20"/><w part="F">BUM</w> LUCEM FECISSE NOSSEMUS QUIA <w part="I">UE</w>
     <lb xml:id="Folio27r.21" n="21"/><w part="F">RO</w> TRIA QUAEDAM MAXIME SCIENDA DE 
     <lb xml:id="Folio27r.22" n="22"/>CREATURA NOBIS OPORTUIT INTIMARI QUIS
     <lb xml:id="Folio27r.23" n="23"/>EAM FECERIT PER QUID FECERIT QUARE <w part="I">FE</w>
     <lb xml:id="Folio27r.24" n="24"/><w part="F">CERIT</w> DIXIT <choice><abbr>D&#772;S&#772;</abbr><expan>D<ex>EU</ex>S</expan></choice> INQUIT FIAT LUX ET FACTA EST
     <lb xml:id="Folio27r.25" n="25"/>LUX ET UIDIT <choice><abbr>D&#772;S&#772;</abbr><expan>D<ex>EU</ex>S</expan></choice> LUCEM QUIA BONA EST SI <w part="I">ER</w>
     <lb xml:id="Folio27r.26" n="26"/><w part="F">GO</w> QUAERIMUS QUIS FECERIT <choice><abbr>DS&#772;</abbr><expan>D<ex>EU</ex>S</expan></choice> EST SI PER
     <lb xml:id="Folio27r.27" n="27"/>QUID FECERIT DIXIT FIAT ET FACTA EST SI <w part="I">QUA</w>
     <lb xml:id="Folio27r.28" n="28"/><w part="F">RE</w> FECERIT QUIA BONA EST NEC AUCTOR
     <lb xml:id="Folio27r.29" n="29"/>EST EXCELLENTIOR <choice><abbr>D&#772;O&#772;</abbr><expan>D<ex>E</ex>O</expan></choice> NEC ARS EFFICACIOR
     <lb xml:id="Folio27r.30" n="30"/><choice><abbr>DI&#772;</abbr><expan>D<ex>E</ex>I</expan></choice> UERBO NEC CAUSA MELIOR QUAM UT
    </ab>     
   </div>
   
      </body>
    </text>  
  
</TEI>
