<?xml version="1.0" encoding="UTF-8"?>
<?xml-model RNGSchema="http://www.stoa.org/epidoc/schema/latest/tei-epidoc.rng" type="xml"?>
<?xml-stylesheet type="text/xsl" href="msxxviii26.xsl"?>
<TEI xmlns="http://www.tei-c.org/ns/1.0">
 <teiHeader>
  <fileDesc>
   
   <titleStmt>
    <title ref="http://data.perseus.org/catalog/urn:cts:latinLit:stoa0040.stoa003" xml:id="edition">Contra Paganos De Civitate Dei: A Digital Edition of the Oldest Surviving Manuscript</title>
    <author ref="http://data.perseus.org/catalog/urn:cts:latinLit:stoa0040">Aurelius Augustinus</author>
    <editor>Greta Franzini</editor>
    <respStmt>
     <persName>Greta Franzini</persName>
     <resp>PhD student</resp>
    </respStmt>
    <respStmt>
     <persName>Melissa Terras</persName>
     <resp>First supervisor</resp>
    </respStmt>
    <respStmt>
     <persName>Simon Mahony</persName>
     <resp>Second supervisor</resp>
    </respStmt>
   </titleStmt>
   
   <editionStmt>
    <edition n="1">First digital edition</edition>
   </editionStmt>
   
   <publicationStmt>
    <authority>Greta Franzini</authority>
    <idno>Fol_07r-43r.xml</idno>
    <authority>UCL Centre for Digital Humanities</authority>
    <availability>
     <p>Available under a Creative Commons Attribution-ShareAlike International 4.0 License</p>
    </availability>
    <date>2014</date>
   </publicationStmt>
   
   <sourceDesc>
    <msDesc>
     <msIdentifier>
      <settlement>Verona</settlement>
      <repository>Biblioteca Capitolare</repository>
      <idno>MS XXVIII(26)</idno>
     </msIdentifier>
     
     <msContents>
      <msItem>
       <locus>f. 7r-43r</locus>
       <explicit>
        <locus>f. 43r</locus>
        <lb />AUGUSTINI EPISCOPI 
        <lb />CATHOLICI DE CIUITATE <choice><abbr>D&#772;I&#772;</abbr><expan>D<ex>E</ex>I</expan></choice> 
        <lb />CONTRA PAGANOS 
        <lb />LIBER &#183; XI &#183; EXPLICIT
       </explicit>
      </msItem>
     </msContents>
     
     <physDesc>
      <objectDesc form="codex">
       <supportDesc material="parchment">
        <support><p>Parchment</p></support>
        <extent>ff.253 <dimensions scope="all" type="leaf" unit="mm">
         <height>292</height>
         <width>190</width>
        </dimensions>
        </extent>
       </supportDesc>
       <layoutDesc>
        <layout columns="1"><p>In a single column</p></layout>
       </layoutDesc>
      </objectDesc>
      
      <bindingDesc>
       <binding contemporary="unknown">
        <p>Bound in <material>rigid parchment</material>, possibly in 18th
         century, and rebound using the same support in 1926.</p>
       </binding>
      </bindingDesc>
     </physDesc>
     
     <history>
      <origin>
       <p>Written in <origPlace>North Africa</origPlace> in the <origDate>early 5th century.</origDate>
       </p>
      </origin>
     </history>
    </msDesc>
   </sourceDesc>
  </fileDesc>
  <encodingDesc>
   <p>The following text was encoded in accordance with EpiDoc standards.</p>
  </encodingDesc>
  <profileDesc>
   <langUsage>
    <language ident="la">Latin</language>
   </langUsage>
  </profileDesc>
  
 </teiHeader>
    
 
 <text>
  
  <body>
   <head>
    <title xml:id="book">Liber XI</title>
   </head>
   
   <div n="Folio 27v" type="edition">
    <ab>
     <lb xml:id="Folio27v.1" n="1"/>BONUM CREARETUR <supplied reason="lost">A</supplied> BONO <app><rdg wit="#CSEL40">A DEO BONO</rdg></app> HANC
     <lb xml:id="Folio27v.2" n="2"/><supplied reason="lost">ETIAM PLATO CAUSAM CONDEN</supplied>DI MUNDI
     <lb xml:id="Folio27v.3" n="3"/><supplied reason="lost">IUSTISSIMAM DICIT UT A BONO</supplied> <choice><abbr>D&#772;O&#772;</abbr><expan>D<ex>E</ex>O</expan></choice> BONA <w part="I">OPE</w>
     <lb xml:id="Folio27v.4" n="4"/><w part="F">RA</w> FIERENT SIUE ISTA LEGERINT SIUE AB HIS
     <lb xml:id="Folio27v.5" n="5"/>QUI LEGERANT FORTE COGNOUERIT SIUE <w part="I">ACER</w>
     <lb xml:id="Folio27v.6" n="6"/><w part="F">RIMO</w> INGENIO INUISIBILI <choice><abbr>DI&#772;</abbr><expan>D<ex>E</ex>I</expan></choice> PER EA QU&#198;
     <lb xml:id="Folio27v.7" n="7"/>FACTA SUNT INTELLECTA CONSPEXERIT <w part="I">SI</w>
     <lb xml:id="Folio27v.8" n="8"/><w part="F">UE</w> AB HS QUI ISTA CONSPEXERANT ET IPSE <w part="I">DI</w>
     <lb xml:id="Folio27v.9" n="9"/><w part="F">DICERIT</w> <note type="scholion" subtype="chapter" n="22" place="margin">XXII</note>HANC TAMEN CAUSAM ID EST AD
     <lb xml:id="Folio27v.10" n="10"/>BONA CREANDA BONITATEM <choice><abbr>DI&#772;</abbr><expan>D<ex>E</ex>I</expan></choice> HANC <w part="I">IN</w>
     <lb xml:id="Folio27v.11" n="11"/><w part="F">QUAM</w> CAUSAM TAM IUSTAM <choice><abbr>ATQ&#183;</abbr><expan>ATQ<ex>UE</ex></expan></choice> <app><rdg wit="#CSEL40">ADQUE</rdg></app> <choice><abbr>IDONEA &#772;</abbr><expan>IDONEA<ex>M</ex></expan></choice>
     <lb xml:id="Folio27v.12" n="12"/>QUAE DILIGENTER CONSIDERATA ET PIE <w part="I">CO</w>
     <lb xml:id="Folio27v.13" n="13"/><w part="F">GITATA</w> OMNES CONTROUERSIAS <choice><abbr><w part="I">QUAERE &#772;</w>
     <lb xml:id="Folio27v.14" n="14"/><w part="F">TIUM</w></abbr><expan>QUAERE<ex>N</ex>TIUM</expan></choice> MUNDI ORIGINEM TERMINAT <w part="I">QUI</w>
     <lb xml:id="Folio27v.15" n="15"/><w part="F">DAM</w> HERETICI NON UIDERUNT QUI <app><rdg wit="#CSEL40">QUIA</rdg></app> <choice><abbr>EGENA &#772;</abbr><expan>EGENA<ex>M</ex></expan></choice>
     <lb xml:id="Folio27v.16" n="16"/>CARNIS HUIUS <choice><abbr>FRAGILEMQ&#183;</abbr><expan>FRAGILEMQ<ex>UE</ex></expan></choice> <choice><abbr>MORTALITATE &#772;</abbr><expan>MORTALITATE<ex>M</ex></expan></choice>
     <lb xml:id="Folio27v.17" n="17"/>IAM DE IUSTO SUPPLICIO UENIENTEM <choice><abbr>DU &#772;</abbr><expan>DU<ex>M</ex></expan></choice>
     <lb xml:id="Folio27v.18" n="18"/>EI NON CONUENIUNT PLURIMA <w part="I">OFFEN</w>
     <lb xml:id="Folio27v.19" n="19"/><w part="F">DUNT</w> SICUT <supplied reason="lost">IGNIS AUT</supplied> FRIGUS <supplied reason="lost">AUT</supplied> FERA <w part="I">BES</w> 
     <lb xml:id="Folio27v.20" n="20"/><supplied reason="lost"><w part="F">TIA</w> AUT</supplied> QUID EIUS MODI <supplied reason="lost">ADT</supplied>ENDU<hi rend="ligature">NT</hi>
     <lb xml:id="Folio27v.21" n="21"/>QUAM UEL IN SUIS LOCIS <choice><abbr>NATURISQ&#183;</abbr><expan>NATURISQ<ex>UE</ex></expan></choice> <w part="I">UIGE</w>
     <lb xml:id="Folio27v.22" n="22"/><w part="F">ANT</w> PULCHROQUE <supplied reason="lost">ORDINE</supplied> DISPONANTUR
     <lb xml:id="Folio27v.23" n="23"/>QUANTUMUE UNIUERSITATI RERUM
     <lb xml:id="Folio27v.24" n="24"/>PRO SUIS <choice><abbr><supplied reason="lost">PORTIO</supplied>NIB&#183;</abbr><expan>PORTIONIB<ex>US</ex></expan></choice> <app><rdg wit="#CSEL40">SUI PORTIONE</rdg></app> DECORIS TAMQUAM
     <lb xml:id="Folio27v.25" n="25"/>IN COMMUNEM REM PUBLICAM <w part="I">CONFE</w>
     <lb xml:id="Folio27v.26" n="26"/><w part="F">RANT</w> UEL NOBIS IPSIS SI EIS <w part="I">CONGRUEN</w>
     <lb xml:id="Folio27v.27" n="27"/><w part="F">TER</w> <choice><abbr>ATQ&#183;</abbr><expan>ATQ<ex>UE</ex></expan></choice> <app><rdg wit="#CSEL40">ADQUE</rdg></app> SCIENTER UTAMUR <w part="I">COMMODITA</w>
     <lb xml:id="Folio27v.28" n="28"/><w part="F">TIS</w> ATTRIBUANT <app><rdg wit="#CSEL40">ADTRIBUANT</rdg></app> ITA UT UENENA IPSA QU&#198;
     <lb xml:id="Folio27v.29" n="29"/>PER INCOMUENIENTIAM PERNICIOSA SU<hi rend="ligature">NT</hi>
     <lb xml:id="Folio27v.30" n="30"/>CONUENIENTER ADHIBITA IN SALUBRIA
    </ab>     
   </div>
   
      </body>
    </text>  
  
</TEI>
