<?xml version="1.0" encoding="UTF-8"?>
<?xml-model RNGSchema="http://www.stoa.org/epidoc/schema/latest/tei-epidoc.rng" type="xml"?>
<?xml-stylesheet type="text/xsl" href="msxxviii26.xsl"?>
<TEI xmlns="http://www.tei-c.org/ns/1.0">
 <teiHeader>
  <fileDesc>
   
   <titleStmt>
    <title ref="http://data.perseus.org/catalog/urn:cts:latinLit:stoa0040.stoa003" xml:id="edition">Contra Paganos De Civitate Dei: A Digital Edition of the Oldest Surviving Manuscript</title>
    <author ref="http://data.perseus.org/catalog/urn:cts:latinLit:stoa0040">Aurelius Augustinus</author>
    <editor>Greta Franzini</editor>
    <respStmt>
     <persName>Greta Franzini</persName>
     <resp>PhD student</resp>
    </respStmt>
    <respStmt>
     <persName>Melissa Terras</persName>
     <resp>First supervisor</resp>
    </respStmt>
    <respStmt>
     <persName>Simon Mahony</persName>
     <resp>Second supervisor</resp>
    </respStmt>
   </titleStmt>
   
   <editionStmt>
    <edition n="1">First digital edition</edition>
   </editionStmt>
   
   <publicationStmt>
    <authority>Greta Franzini</authority>
    <idno>Fol_07r-43r.xml</idno>
    <authority>UCL Centre for Digital Humanities</authority>
    <availability>
     <p>Available under a Creative Commons Attribution-ShareAlike International 4.0 License</p>
    </availability>
    <date>2014</date>
   </publicationStmt>
   
   <sourceDesc>
    <msDesc>
     <msIdentifier>
      <settlement>Verona</settlement>
      <repository>Biblioteca Capitolare</repository>
      <idno>MS XXVIII(26)</idno>
     </msIdentifier>
     
     <msContents>
      <msItem>
       <locus>f. 7r-43r</locus>
       <explicit>
        <locus>f. 43r</locus>
        <lb />AUGUSTINI EPISCOPI 
        <lb />CATHOLICI DE CIUITATE <choice><abbr>D&#772;I&#772;</abbr><expan>D<ex>E</ex>I</expan></choice> 
        <lb />CONTRA PAGANOS 
        <lb />LIBER &#183; XI &#183; EXPLICIT
       </explicit>
      </msItem>
     </msContents>
     
     <physDesc>
      <objectDesc form="codex">
       <supportDesc material="parchment">
        <support><p>Parchment</p></support>
        <extent>ff.253 <dimensions scope="all" type="leaf" unit="mm">
         <height>292</height>
         <width>190</width>
        </dimensions>
        </extent>
       </supportDesc>
       <layoutDesc>
        <layout columns="1"><p>In a single column</p></layout>
       </layoutDesc>
      </objectDesc>
      
      <bindingDesc>
       <binding contemporary="unknown">
        <p>Bound in <material>rigid parchment</material>, possibly in 18th
         century, and rebound using the same support in 1926.</p>
       </binding>
      </bindingDesc>
     </physDesc>
     
     <history>
      <origin>
       <p>Written in <origPlace>North Africa</origPlace> in the <origDate>early 5th century.</origDate>
       </p>
      </origin>
     </history>
    </msDesc>
   </sourceDesc>
  </fileDesc>
  <encodingDesc>
   <p>The following text was encoded in accordance with EpiDoc standards.</p>
  </encodingDesc>
  <profileDesc>
   <langUsage>
    <language ident="la">Latin</language>
   </langUsage>
  </profileDesc>
  
 </teiHeader>
    
 
 <text>
  
  <body>
   <head>
    <title xml:id="book">Liber XI</title>
   </head>
   
   <div n="Folio 28v" type="edition">
    <ab>
     <lb xml:id="Folio28v.1" n="1"/>MALAM PUTANT ESSE NATURAM SUO
     <lb xml:id="Folio28v.2" n="2"/>QUODAM CONTRARIO EXORTAM <choice><abbr><w part="I">PROPA</w>
     <lb xml:id="Folio28v.3" n="3"/><w part="F">GATAMQ&#183;</w></abbr><expan>PROPAGATAMQ<ex>UE</ex></expan></choice> PRINCIPIO NOLUNT ACCIPERE <choice><abbr>ISTA &#772;</abbr></choice><expan>ISTA<ex>M</ex></expan>
     <lb xml:id="Folio28v.4" n="4"/>CAUSAM CREAITONIS RERUM UT BONUS
     <lb xml:id="Folio28v.5" n="5"/><choice><abbr>D&#772;S&#772;</abbr><expan>D<ex>EU</ex>S</expan></choice> CONUERET BONA CREDENTES EUM <w part="I">PO</w>
     <lb xml:id="Folio28v.6" n="6"/><w part="F">TIUS</w> AD HAEC MUNDANAM OLIJM IN ARE
     <lb xml:id="Folio28v.7" n="7"/>BELLANTIS ADUERSUM SE MALI <w part="I">REPELLEN</w>
     <lb xml:id="Folio28v.8" n="8"/><w part="F">DI</w> EA TREMA NECESSITATE PER DUCTUM
     <lb xml:id="Folio28v.9" n="9"/><choice><abbr>SUAMQ&#183;</abbr><expan>SUAMQ<ex>UE</ex></expan></choice> NATURAM BONAM MALO <w part="I">COHER</w>
     <lb xml:id="Folio28v.10" n="10"/><w part="F">CENDO</w> <choice><abbr>SUPERANDOQ&#183;</abbr><expan>SUPERANDOQ<ex>UE</ex></expan></choice> MISCUISSE QUAM
     <lb xml:id="Folio28v.11" n="11"/>TURPISSIME POLLUTAM ET CRUDELISSIME
     <lb xml:id="Folio28v.12" n="12"/>CAPTIUATAM ET OPPRAESSAM LABORE <w part="I">MAG</w>
     <lb xml:id="Folio28v.13" n="13"/><w part="F">NO</w> UIX MUNDET AC LIBERET NON <choice><abbr>TAME &#772;</abbr><expan>TAME<ex>N</ex></expan></choice>
     <lb xml:id="Folio28v.14" n="14"/>TOTAM SED QUOD EIUS NON POTUERIT AB
     <lb xml:id="Folio28v.15" n="15"/>ILLA INQUINATIONE PURGARI TEGMEN AC
     <lb xml:id="Folio28v.16" n="16"/>UINCULUM FUTURUM HOSTIS UICTI ET <w part="I">IN</w>
     <lb xml:id="Folio28v.17" n="17"/><w part="F">CLUSI</w> SIC AUTEM MANICHEI NON <w part="I">DESIPE</w>
     <lb xml:id="Folio28v.18" n="18"/><w part="F">RENT</w> UEL POTIUS INSANIRENT SI <choice><abbr>D&#772;I&#772;</abbr><expan>D<ex>E</ex>I</expan></choice> <w part="I">NATU</w>
     <lb xml:id="Folio28v.19" n="19"/><w part="F">RAM</w> SICUTI EST INCOMMUTABILEM <choice><abbr>ATQ&#183;</abbr><expan>ATQ<ex>UE</ex></expan></choice>
     <lb xml:id="Folio28v.20" n="20"/>OMNINO INCORRUPTIBILEM CREDERE<hi rend="ligature">NT</hi>
     <lb xml:id="Folio28v.21" n="21"/>CUI NOCERE NULLA RES POSSIT &#183; ANIMAM
     <lb xml:id="Folio28v.22" n="22"/>UERO QUAE UOLUNTATE MUTARI IN <w part="I">DETE</w>
     <lb xml:id="Folio28v.23" n="23"/><w part="F">RIUS</w> ET PECCATO CORRUMPI POTUIT <choice><abbr>ATQ&#183;</abbr><expan>ATQ<ex>UE</ex></expan></choice> ITA
     <lb xml:id="Folio28v.24" n="24"/>INCOMMUTABILIS UERITATIS LUCE <w part="I">PRIUA</w>
     <lb xml:id="Folio28v.25" n="25"/><w part="F">RI</w> NON DEI PARTEM NEC EIUS NATURAE
     <lb xml:id="Folio28v.26" n="26"/>QUAE <choice><abbr>D&#772;I&#772;</abbr><expan>D<ex>E</ex>I</expan></choice> EST SED AB ILLO CONDITAM <w part="I">LON</w>
     <lb xml:id="Folio28v.27" n="27"/><w part="F">GE</w> IN PAREM CONDITORI <choice><abbr>XP&#772;I&#772;ANA</abbr><expan>CHRI<ex>STI</ex>ANA</expan></choice> SANITATE
     <lb xml:id="Folio28v.28" n="28"/><note type="scholion" subtype="chapter" n="23">XXIII</note> SENTIRENT SED MULTO EST <choice><abbr>MIRANDU &#772;</abbr><expan>MIRANDU<ex>M</ex></expan></choice>
     <lb xml:id="Folio28v.29" n="29"/>AMPLIUS <del rend="expunction">QUAM</del> <app><note>Dots above QUAM mark characters to be deleted. Top expunction as opposed to the more common bottom expunction</note></app> QUOD ETIAM QUIDAM QUI
     <lb xml:id="Folio28v.30" n="30"/>UNUM NOBISCUM CREDUNT OMNIUM
    </ab>     
   </div>
   
      </body>
    </text>  
  
</TEI>
