<?xml version="1.0" encoding="UTF-8"?>
<?xml-model RNGSchema="http://www.stoa.org/epidoc/schema/latest/tei-epidoc.rng" type="xml"?>
<?xml-stylesheet type="text/xsl" href="msxxviii26.xsl"?>
<TEI xmlns="http://www.tei-c.org/ns/1.0">
 <teiHeader>
  <fileDesc>
   
   <titleStmt>
    <title ref="http://data.perseus.org/catalog/urn:cts:latinLit:stoa0040.stoa003" xml:id="edition">Contra Paganos De Civitate Dei: A Digital Edition of the Oldest Surviving Manuscript</title>
    <author ref="http://data.perseus.org/catalog/urn:cts:latinLit:stoa0040">Aurelius Augustinus</author>
    <editor>Greta Franzini</editor>
    <respStmt>
     <persName>Greta Franzini</persName>
     <resp>PhD student</resp>
    </respStmt>
    <respStmt>
     <persName>Melissa Terras</persName>
     <resp>First supervisor</resp>
    </respStmt>
    <respStmt>
     <persName>Simon Mahony</persName>
     <resp>Second supervisor</resp>
    </respStmt>
   </titleStmt>
   
   <editionStmt>
    <edition n="1">First digital edition</edition>
   </editionStmt>
   
   <publicationStmt>
    <authority>Greta Franzini</authority>
    <idno>Fol_07r-43r.xml</idno>
    <authority>UCL Centre for Digital Humanities</authority>
    <availability>
     <p>Available under a Creative Commons Attribution-ShareAlike International 4.0 License</p>
    </availability>
    <date>2014</date>
   </publicationStmt>
   
   <sourceDesc>
    <msDesc>
     <msIdentifier>
      <settlement>Verona</settlement>
      <repository>Biblioteca Capitolare</repository>
      <idno>MS XXVIII(26)</idno>
     </msIdentifier>
     
     <msContents>
      <msItem>
       <locus>f. 7r-43r</locus>
       <explicit>
        <locus>f. 43r</locus>
        <lb />AUGUSTINI EPISCOPI 
        <lb />CATHOLICI DE CIUITATE <choice><abbr>D&#772;I&#772;</abbr><expan>D<ex>E</ex>I</expan></choice> 
        <lb />CONTRA PAGANOS 
        <lb />LIBER &#183; XI &#183; EXPLICIT
       </explicit>
      </msItem>
     </msContents>
     
     <physDesc>
      <objectDesc form="codex">
       <supportDesc material="parchment">
        <support><p>Parchment</p></support>
        <extent>ff.253 <dimensions scope="all" type="leaf" unit="mm">
         <height>292</height>
         <width>190</width>
        </dimensions>
        </extent>
       </supportDesc>
       <layoutDesc>
        <layout columns="1"><p>In a single column</p></layout>
       </layoutDesc>
      </objectDesc>
      
      <bindingDesc>
       <binding contemporary="unknown">
        <p>Bound in <material>rigid parchment</material>, possibly in 18th
         century, and rebound using the same support in 1926.</p>
       </binding>
      </bindingDesc>
     </physDesc>
     
     <history>
      <origin>
       <p>Written in <origPlace>North Africa</origPlace> in the <origDate>early 5th century.</origDate>
       </p>
      </origin>
     </history>
    </msDesc>
   </sourceDesc>
  </fileDesc>
  <encodingDesc>
   <p>The following text was encoded in accordance with EpiDoc standards.</p>
  </encodingDesc>
  <profileDesc>
   <langUsage>
    <language ident="la">Latin</language>
   </langUsage>
  </profileDesc>
  
 </teiHeader>
    
 
 <text>
  
  <body>
   <head>
    <title xml:id="book">Liber XI</title>
   </head>
   
   <div n="Folio 29r" type="edition">
    <ab>
     <lb xml:id="Folio29r.1" n="1"/>RERUM ESSE PRINCIPIUM ULLAMQUE
     <lb xml:id="Folio29r.2" n="2"/>NATURAM QUAE NON EST QUOD <choice><abbr>D&#772;S&#772;</abbr><expan>D<ex>EU</ex>S</expan></choice> EST <add place="above">NISI</add> AB
     <lb xml:id="Folio29r.3" n="3"/>ILLO CONDITORE ESSE NON POSSE <w part="I">NOLUE</w>
     <lb xml:id="Folio29r.4" n="4"/><w part="F">RUNT</w> TAMEN ISTAM CAUSAM FABRICAN<supplied reason="lost">DI</supplied>
     <lb xml:id="Folio29r.5" n="5"/>MUNDI TAM BONAM AC SIMPLICEM BENE
     <lb xml:id="Folio29r.6" n="6"/>AC SIMPLICITER CREDERE UT <choice><abbr>D&#772;S&#772;</abbr><expan>D<ex>EU</ex>S</expan></choice> BONUS <choice><abbr><w part="I">CO &#772;</w>
     <lb xml:id="Folio29r.7" n="7"/><w part="F">DERET</w></abbr><expan>CO<ex>N</ex>DERET</expan></choice> BONA ET ESSENT POST <choice><abbr>D&#772;M&#772;</abbr><expan>D<ex>EU</ex>M</expan></choice> QUAE <choice><abbr>NO &#772;</abbr><expan>NO<ex>N</ex></expan></choice>
     <lb xml:id="Folio29r.8" n="8"/>ESSENT QUOD EST <choice><abbr>D&#772;S&#772;</abbr><expan>D<ex>EU</ex>S</expan></choice> BONA TAMEN QUAE
     <lb xml:id="Folio29r.9" n="9"/>NON FACERET NISI BONUS <choice><abbr>D&#772;S&#772;</abbr><expan>D<ex>EU</ex>S</expan></choice> SED ANIMAS
     <lb xml:id="Folio29r.10" n="10"/>DICUNT NON QUIDEM PARTES <choice><abbr>D&#772;I&#772;</abbr><expan>D<ex>E</ex>I</expan></choice> SED <w part="I">FAC</w>
     <lb xml:id="Folio29r.11" n="11"/><w part="F">TAS</w> A <choice><abbr>D&#772;O&#772;</abbr><expan>D<ex>E</ex>O</expan></choice> PECCASSE A CONDITORE <choice><abbr><w part="I"><supplied reason="lost">RE</supplied>CEDE &#772;</w>
     <lb xml:id="Folio29r.12" n="12"/><w part="F">DO</w></abbr><expan>RECEDE<ex>N</ex>DO</expan></choice> ET DIUERSIS <choice><abbr>PROGRESSIB&#183;</abbr><expan>PROGRESSIB<ex>US</ex></expan></choice> PRO <w part="I">DIUERSI</w>
     <lb xml:id="Folio29r.13" n="13"/><w part="F">TATE</w> PECCATORUM A CAELIS <choice><abbr>USQ&#183;</abbr><expan>USQ<ex>UE</ex></expan></choice> AD <supplied reason="lost">TERRAS</supplied>
     <lb xml:id="Folio29r.14" n="14"/>DIUERSA CORPORA QUASI UINCULA <w part="I">MERU</w> 
     <lb xml:id="Folio29r.15" n="15"/><w part="F">ISSE</w> ET HUNC ESSE MUNDUM EAMQUE
     <lb xml:id="Folio29r.16" n="16"/>CAUSAM MUNDI FUISSE FACIENDI NON
     <lb xml:id="Folio29r.17" n="17"/>UT CONDERENTUR BONA SED UT MALA <w part="I">CO</w>
     <lb xml:id="Folio29r.18" n="18"/><w part="F">HIBERENTUR</w> HINC ORIGENES IURE <w part="I">CUL</w> <note type="scholion" place="margin">hic dicit de origine...</note>
     <lb xml:id="Folio29r.19" n="19"/><w part="F">PATUR</w> IN LIBRIS ENIM QUOS APPELLAT PERI 
     <lb xml:id="Folio29r.20" n="20"/>&#8278; ARCHON <app><note>Translitteration of the Greek περὶ ἀρχῶν</note></app> ID EST DE PRINCIPIIS HOC SENSIT
     <lb xml:id="Folio29r.21" n="21"/>HOC SCRIBSIT <app><rdg wit="#CSEL40">SCRIPSIT</rdg></app> UBI PLUS QUAM DICI POTEST <note type="scholion" place="margin">&#8278; peri archon</note>
     <lb xml:id="Folio29r.22" n="22"/>MIROR HOMINEM IN ECCLESIASTICIS <w part="I">LIT</w>
     <lb xml:id="Folio29r.23" n="23"/><w part="F">TERIS</w> TAM DOCTUM ET EXERCITATUM <choice><abbr>NO &#772;</abbr><expan>NO<ex>N</ex></expan></choice>
     <lb xml:id="Folio29r.24" n="24"/>ATTENDISSE <app><rdg wit="#CSEL40">ADTENDISSE</rdg></app> PRIMUM QUAM HOC ESSET
     <lb xml:id="Folio29r.25" n="25"/>CONTRARIUM SCRIBTURAE <app><rdg wit="#CSSEL40">SCRIPTURAE</rdg></app> HUIUS TANTAE
     <lb xml:id="Folio29r.26" n="26"/>AUCTORITATIS INTENTIONI QUAE PER <w part="I">OM</w>
     <lb xml:id="Folio29r.27" n="27"/><w part="F">NIA</w> OPERA <choice><abbr>D&#772;I&#772;</abbr><expan>D<ex>E</ex>I</expan></choice> SUBIUNGENS ET UIDIT <choice><abbr>D&#772;S&#772;</abbr><expan>D<ex>EU</ex>S</expan></choice> QUIA
     <lb xml:id="Folio29r.28" n="28"/>BONUM EST <choice><abbr>COMPLETISQ&#183;</abbr><expan>COMPLETISQ<ex>UE</ex></expan></choice> <choice><abbr>OMNIB&#183;</abbr><expan>OMNIB<ex>US</ex></expan></choice> INFERE<hi rend="ligature">NS</hi>
     <lb xml:id="Folio29r.29" n="29"/>ET UIDIT <choice><abbr>D&#772;S&#772;</abbr><expan>D<ex>EU</ex>S</expan></choice> OMNIA QUAE FECIT ET ECCE <w part="I">BO</w>
     <lb xml:id="Folio29r.30" n="30"/><w part="F">NA</w> UALDE NULLAM ALIAM CAUSAM <w part="I">FACIE &#772;</w>  <!--how to encode abbreviation across two folia?-->
    </ab>     
   </div>
   
      </body>
    </text>  
  
</TEI>
