<?xml version="1.0" encoding="UTF-8"?>
<?xml-model RNGSchema="http://www.stoa.org/epidoc/schema/latest/tei-epidoc.rng" type="xml"?>
<?xml-stylesheet type="text/xsl" href="msxxviii26.xsl"?>
<TEI xmlns="http://www.tei-c.org/ns/1.0">
 <teiHeader>
  <fileDesc>
   
   <titleStmt>
    <title ref="http://data.perseus.org/catalog/urn:cts:latinLit:stoa0040.stoa003" xml:id="edition">Contra Paganos De Civitate Dei: A Digital Edition of the Oldest Surviving Manuscript</title>
    <author ref="http://data.perseus.org/catalog/urn:cts:latinLit:stoa0040">Aurelius Augustinus</author>
    <editor>Greta Franzini</editor>
    <respStmt>
     <persName>Greta Franzini</persName>
     <resp>PhD student</resp>
    </respStmt>
    <respStmt>
     <persName>Melissa Terras</persName>
     <resp>First supervisor</resp>
    </respStmt>
    <respStmt>
     <persName>Simon Mahony</persName>
     <resp>Second supervisor</resp>
    </respStmt>
   </titleStmt>
   
   <editionStmt>
    <edition n="1">First digital edition</edition>
   </editionStmt>
   
   <publicationStmt>
    <authority>Greta Franzini</authority>
    <idno>Fol_07r-43r.xml</idno>
    <authority>UCL Centre for Digital Humanities</authority>
    <availability>
     <p>Available under a Creative Commons Attribution-ShareAlike International 4.0 License</p>
    </availability>
    <date>2014</date>
   </publicationStmt>
   
   <sourceDesc>
    <msDesc>
     <msIdentifier>
      <settlement>Verona</settlement>
      <repository>Biblioteca Capitolare</repository>
      <idno>MS XXVIII(26)</idno>
     </msIdentifier>
     
     <msContents>
      <msItem>
       <locus>f. 7r-43r</locus>
       <explicit>
        <locus>f. 43r</locus>
        <lb />AUGUSTINI EPISCOPI 
        <lb />CATHOLICI DE CIUITATE <choice><abbr>D&#772;I&#772;</abbr><expan>D<ex>E</ex>I</expan></choice> 
        <lb />CONTRA PAGANOS 
        <lb />LIBER &#183; XI &#183; EXPLICIT
       </explicit>
      </msItem>
     </msContents>
     
     <physDesc>
      <objectDesc form="codex">
       <supportDesc material="parchment">
        <support><p>Parchment</p></support>
        <extent>ff.253 <dimensions scope="all" type="leaf" unit="mm">
         <height>292</height>
         <width>190</width>
        </dimensions>
        </extent>
       </supportDesc>
       <layoutDesc>
        <layout columns="1"><p>In a single column</p></layout>
       </layoutDesc>
      </objectDesc>
      
      <bindingDesc>
       <binding contemporary="unknown">
        <p>Bound in <material>rigid parchment</material>, possibly in 18th
         century, and rebound using the same support in 1926.</p>
       </binding>
      </bindingDesc>
     </physDesc>
     
     <history>
      <origin>
       <p>Written in <origPlace>North Africa</origPlace> in the <origDate>early 5th century.</origDate>
       </p>
      </origin>
     </history>
    </msDesc>
   </sourceDesc>
  </fileDesc>
  <encodingDesc>
   <p>The following text was encoded in accordance with EpiDoc standards.</p>
  </encodingDesc>
  <profileDesc>
   <langUsage>
    <language ident="la">Latin</language>
   </langUsage>
  </profileDesc>
  
 </teiHeader>
    
 
 <text>
  
  <body>
   <head>
    <title xml:id="book">Liber XI</title>
   </head>
   
   <div n="Folio 30r" type="edition">
    <ab>
     <lb xml:id="Folio30r.1" n="1"/>ESSE PENSANDA AERIUM PESSIMUS
     <lb xml:id="Folio30r.2" n="2"/>DAEMON HOMO AUTEM ET NUNC LICET 
     <lb xml:id="Folio30r.3" n="3"/>MALUS LONGE MINORIS MITIORISQUE
     <lb xml:id="Folio30r.4" n="4"/>MALITIAE; ET CERTE ANTE PECCATUM <choice><abbr>TAME &#772;</abbr><expan>TAME<ex>N</ex></expan></choice>
     <lb xml:id="Folio30r.5" n="5"/>LUTEUM CORPUS ACCEPIT QUID AUTEM
     <lb xml:id="Folio30r.6" n="6"/>STULTIUS DICI POTEST QUAM ISTUM SOLE
     <lb xml:id="Folio30r.7" n="7"/>UT IN UNO MUNDO UNUS ESSET NON <choice><sic><w part="I">DE</w>
     <lb xml:id="Folio30r.8" n="8"/><w part="F">COR<del rend="strikethrough">E</del></w></sic><corr>DECOR<add place="above">I</add></corr></choice> <sic>PULCRITUDINIS</sic> <app><rdg wit="#CSEL40">PULCHRITUDINIS</rdg></app> UEL ETIAM SALUTI
     <lb xml:id="Folio30r.9" n="9"/>RERUM CORPORALIUM CONSULUISSE <w part="I">AR</w>
     <lb xml:id="Folio30r.10" n="10"/><w part="F">TIFICEM</w> <choice><abbr>D&#772;M&#772;</abbr><expan>D<ex>EU</ex>M</expan></choice> SED HOC POTIUS EUENISSE QUIA
     <lb xml:id="Folio30r.11" n="11"/>UNA ANIMA SIC PECCAUERAT UT <supplied reason="lost">TALI</supplied> <w part="I">COR</w>
     <lb xml:id="Folio30r.12" n="12"/><w part="F">PORE</w> MERERETUR INCLUDI AC PER HOC SI
     <lb xml:id="Folio30r.13" n="13"/>CONTIGISSET UT NON UNA SED DUAE <w part="I">IM</w>
     <lb xml:id="Folio30r.14" n="14"/><w part="F">MO</w> NON DUAE SED DECEM UEL CENTUM
     <lb xml:id="Folio30r.15" n="15"/>SIMILITER AEQUALITERQUE PECCASSENT
     <lb xml:id="Folio30r.16" n="16"/>CENTUM SOLES HABERET HIC MUNDUS
     <lb xml:id="Folio30r.17" n="17"/>QUOD UT NON FIERET NON OPIFICIS <w part="I">PRO</w>
     <lb xml:id="Folio30r.18" n="18"/><w part="F">UISIONE</w> MIRABILI AD RERUM <w part="I">CORPORA</w>
     <lb xml:id="Folio30r.19" n="19"/><w part="F">LIUM</w> SALUTEM DECOREMQUE <choice><abbr>CONSULTU &#772;</abbr><expan>CONSULTU<ex>M</ex></expan></choice>
     <lb xml:id="Folio30r.20" n="20"/>EST SED CONTIGIT POTIUS TANTA UNIUS <w part="I">ANI</w>
     <lb xml:id="Folio30r.21" n="21"/><w part="F">MAE</w> PROGRESSIONE PECCANTI<add place="above">S</add> <supplied reason="lost">UT SOLA</supplied>
     <lb xml:id="Folio30r.22" n="22"/>CORPUS TALE MERERETUR NON <supplied reason="lost">PLANE</supplied>
     <lb xml:id="Folio30r.23" n="23"/>ANIMARUM DE <choice><abbr>QUIB&#183;</abbr><expan>QUIB<ex>US</ex></expan></choice> NESCIUNT QUID
     <lb xml:id="Folio30r.24" n="24"/>LOQUANTUR SED EORUM IPSORUM QUI
     <lb xml:id="Folio30r.25" n="25"/>TALIA SAPIUNT MULTUM LONGE A <w part="I">UERITA</w>
     <lb xml:id="Folio30r.26" n="26"/><w part="F">TE</w> ET MERITO EST COHERCENDA <w part="I">PROGRES</w>
     <lb xml:id="Folio30r.27" n="27"/><w part="F">SIO</w> HAEC ERGO TRIA QUAE SUPERIUS <choice><abbr><w part="I">CO &#772;</w>
     <lb xml:id="Folio30r.28" n="28"/><w part="F">MENDAUI</w></abbr><expan>CO<ex>M</ex>MENDAUI</expan></choice> CUM IN UNAQUAEQUE <app><rdg wit="#CSEL40">UNAQUAQUE</rdg></app> <w part="I">CREA</w>
     <lb xml:id="Folio30r.29" n="29"/><w part="F">TURA</w> REQUIRANTUR QUIS EAM FECERIT
     <lb xml:id="Folio30r.30" n="30"/>PER QUID FECERIT QUARE FECERIT UT <w part="I">RES</w>
    </ab>     
   </div>
   
      </body>
    </text>  
  
</TEI>
