<?xml version="1.0" encoding="UTF-8"?>
<?xml-model RNGSchema="http://www.stoa.org/epidoc/schema/latest/tei-epidoc.rng" type="xml"?>
<?xml-stylesheet type="text/xsl" href="msxxviii26.xsl"?>
<TEI xmlns="http://www.tei-c.org/ns/1.0">
 <teiHeader>
  <fileDesc>
   
   <titleStmt>
    <title ref="http://data.perseus.org/catalog/urn:cts:latinLit:stoa0040.stoa003" xml:id="edition">Contra Paganos De Civitate Dei: A Digital Edition of the Oldest Surviving Manuscript</title>
    <author ref="http://data.perseus.org/catalog/urn:cts:latinLit:stoa0040">Aurelius Augustinus</author>
    <editor>Greta Franzini</editor>
    <respStmt>
     <persName>Greta Franzini</persName>
     <resp>PhD student</resp>
    </respStmt>
    <respStmt>
     <persName>Melissa Terras</persName>
     <resp>First supervisor</resp>
    </respStmt>
    <respStmt>
     <persName>Simon Mahony</persName>
     <resp>Second supervisor</resp>
    </respStmt>
   </titleStmt>
   
   <editionStmt>
    <edition n="1">First digital edition</edition>
   </editionStmt>
   
   <publicationStmt>
    <authority>Greta Franzini</authority>
    <idno>Fol_07r-43r.xml</idno>
    <authority>UCL Centre for Digital Humanities</authority>
    <availability>
     <p>Available under a Creative Commons Attribution-ShareAlike International 4.0 License</p>
    </availability>
    <date>2014</date>
   </publicationStmt>
   
   <sourceDesc>
    <msDesc>
     <msIdentifier>
      <settlement>Verona</settlement>
      <repository>Biblioteca Capitolare</repository>
      <idno>MS XXVIII(26)</idno>
     </msIdentifier>
     
     <msContents>
      <msItem>
       <locus>f. 7r-43r</locus>
       <explicit>
        <locus>f. 43r</locus>
        <lb />AUGUSTINI EPISCOPI 
        <lb />CATHOLICI DE CIUITATE <choice><abbr>D&#772;I&#772;</abbr><expan>D<ex>E</ex>I</expan></choice> 
        <lb />CONTRA PAGANOS 
        <lb />LIBER &#183; XI &#183; EXPLICIT
       </explicit>
      </msItem>
     </msContents>
     
     <physDesc>
      <objectDesc form="codex">
       <supportDesc material="parchment">
        <support><p>Parchment</p></support>
        <extent>ff.253 <dimensions scope="all" type="leaf" unit="mm">
         <height>292</height>
         <width>190</width>
        </dimensions>
        </extent>
       </supportDesc>
       <layoutDesc>
        <layout columns="1"><p>In a single column</p></layout>
       </layoutDesc>
      </objectDesc>
      
      <bindingDesc>
       <binding contemporary="unknown">
        <p>Bound in <material>rigid parchment</material>, possibly in 18th
         century, and rebound using the same support in 1926.</p>
       </binding>
      </bindingDesc>
     </physDesc>
     
     <history>
      <origin>
       <p>Written in <origPlace>North Africa</origPlace> in the <origDate>early 5th century.</origDate>
       </p>
      </origin>
     </history>
    </msDesc>
   </sourceDesc>
  </fileDesc>
  <encodingDesc>
   <p>The following text was encoded in accordance with EpiDoc standards.</p>
  </encodingDesc>
  <profileDesc>
   <langUsage>
    <language ident="la">Latin</language>
   </langUsage>
  </profileDesc>
  
 </teiHeader>
    
 
 <text>
  
  <body>
   <head>
    <title xml:id="book">Liber XI</title>
   </head>
   
   <div n="Folio 30v" type="edition">
    <ab>
     <note type="scholion" place="top"><choice><abbr>L&#772;I&#772;B&#772;</abbr><expan>LIB<ex>ER</ex></expan></choice> X&#772;I&#772;</note>
     <lb xml:id="Folio30v.1" n="1"/><w part="F">PONDEATUR</w> <choice><abbr>D&#772;S&#772;</abbr><expan>D<ex>EU</ex>S</expan></choice> PER UERBUM QUJA <w part="I">BO</w>
     <lb xml:id="Folio30v.2" n="2"/><w part="F">NA</w> EST UTRUM ALTITUDINE MYSTICA <w part="I">NO</w>
     <lb xml:id="Folio30v.3" n="3"/><w part="F">BIS</w> IPSA TRINITAS INTJMETUR HOC EST PATER
     <lb xml:id="Folio30v.4" n="4"/>ET FILIUS ET <choice><abbr>S&#772;P&#772;S&#772;</abbr><expan>SP<ex>IRITU</ex>S</expan></choice> <choice><abbr>S&#772;C&#772;S&#772;</abbr><expan>S<ex>AN</ex>C<ex>TU</ex>S</expan></choice> AN ALIQUID OCCURRAT
     <lb xml:id="Folio30v.5" n="5"/>QUOD HOC LOCO SCRIBTURARUM <app><rdg wit="#CSEL40">SCRIPTURARUM</rdg></app> ID <choice><abbr><w part="I">ACCIPIE &#772;</w>
     <lb xml:id="Folio30v.6" n="6"/><w part="F">DUM</w></abbr><expan>ACCIPIE<ex>N</ex>DUM</expan></choice> ESSE PROHIBEAT MULTI SERMONIS EST
     <lb xml:id="Folio30v.7" n="7"/>QUAESTIO NEC OMNIA UNO UOLUMINE UT <w part="I">EX</w>
     <lb xml:id="Folio30v.8" n="8"/><note type="scholion" place="margin" subtype="chapter" n="24">profissio fidei XXIIII</note> <note type="scholion" place="margin"><choice><abbr>R&#772;</abbr><expan>R<ex>equire</ex></expan></choice> ...</note> <w part="F">PLICEMUS</w> URGENDUM EST &#9769; CREDIMUS <app><note>Cross/plus symbol above the C in CREDIMUS</note></app> ET
     <lb xml:id="Folio30v.9" n="9"/>TENEMUS ET FIDELITER PRAEDICAMUS QUOD
     <lb xml:id="Folio30v.10" n="10"/>PATER GENUERIT UERBUM HOC EST <choice><abbr>SAPIENTIA &#772;</abbr><expan>SAPIENTIA<ex>M</ex></expan></choice>
     <lb xml:id="Folio30v.11" n="11"/>PER QUAM FACTA SUNT OMNIA UNIGENITUM
     <lb xml:id="Folio30v.12" n="12"/>FILIUM UNUS UNUM AETERNUS <w part="I">COAETER</w>
     <lb xml:id="Folio30v.13" n="13"/><w part="F">NUM</w> SUMME BONUS AEQUALITER <choice><abbr>BONU &#772;</abbr><expan>BONU<ex>M</ex></expan></choice>
     <lb xml:id="Folio30v.14" n="14"/><note type="scholion" place="margin"><choice><abbr>qd&#772;</abbr><expan>q<ex>uo</ex>d</expan></choice> <choice><abbr>s&#772;p&#772;s&#772;</abbr><expan>sp<ex>iritu</ex>s</expan></choice> <choice><abbr>s&#772;c&#772;s&#772;</abbr><expan>s<ex>an</ex>c<ex>tu</ex>s</expan></choice> <choice><abbr>&#38;</abbr><expan><ex>et</ex></expan></choice> patriis <choice><abbr>&#38;</abbr><expan><ex>et</ex></expan></choice> filis <choice><abbr>s&#772;p&#772;s&#772;</abbr><expan>sp<ex>iritu</ex>s</expan></choice> sit</note> ET QUOD <choice><abbr>S&#772;P&#772;S&#772;</abbr><expan>SP<ex>IRITU</ex>S</expan></choice> <choice><abbr>S&#772;C&#772;S&#772;</abbr><expan>S<ex>AN</ex>C<ex>TU</ex>S</expan></choice> SIMUL ET PATRIS ET FILII SIT <choice><abbr>S&#772;P&#772;S&#772;</abbr><expan>SP<ex>IRITU</ex>S</expan></choice> 
     <lb xml:id="Folio30v.15" n="15"/>ET IPSE CONSUBSTANTIALIS ET COAETERN<hi rend="ligature">US</hi>
     <lb xml:id="Folio30v.16" n="16"/>AMBOBUS <choice><abbr>ATQ&#183;</abbr><expan>ATQ<ex>UE</ex></expan></choice> <app><rdg wit="#CSEL40">ADQUE</rdg></app> HOC TOTUM ET TRINITAS SIT
     <lb xml:id="Folio30v.17" n="17"/>PROPTER PROPRIETATEM PERSONARUM ET
     <lb xml:id="Folio30v.18" n="18"/>UNUS <choice><abbr>D&#772;S&#772;</abbr><expan>D<ex>EU</ex>S</expan></choice> PROPTER INSEPARABILEM <w part="I">DIUINI</w>
     <lb xml:id="Folio30v.19" n="19"/><w part="F">TATEM</w> SICUT UNUS OMNIPOTENS <w part="I">PROP</w>
     <lb xml:id="Folio30v.20" n="20"/><w part="F">TER</w> INSEPARABILEM OMNIPOTENTIAM ITA
     <lb xml:id="Folio30v.21" n="21"/>TAMEN UT ETIAM CUM DE SINGULIS <w part="I">QUAE</w>
     <lb xml:id="Folio30v.22" n="22"/><w part="F">RITUR</w> UNUSQUI<add place="above">S</add>QUE EORUM ET <choice><abbr>D&#772;S&#772;</abbr><expan>D<ex>EU</ex>S</expan></choice> ET <w part="I">OM</w>
     <lb xml:id="Folio30v.23" n="23"/><w part="F">NIPOTENS</w> ESSE RESPONDEATUR; CUM UERO
     <lb xml:id="Folio30v.24" n="24"/>DE <choice><abbr>OMNIB&#183;</abbr><expan>OMNIB<ex>US</ex></expan></choice> SIMUL NON TRES <sic><choice><abbr>D&#772;I&#772;</abbr><expan>D<ex>E</ex>I</expan></choice></sic> <app><rdg wit="#CSEL40">DI</rdg></app> UEL TRES
     <lb xml:id="Folio30v.25" n="25"/>OMNIPOTENTES SED UNUS <choice><abbr>D&#772;S&#772;</abbr><expan>D<ex>EU</ex>S</expan></choice> <w part="I">OMNIPO</w>
     <lb xml:id="Folio30v.26" n="26"/><w part="F">TENS</w> TANTA IBI EST IN <choice><abbr>TRIB&#183;</abbr><expan>TRIB<ex>US</ex></expan></choice> INSEPARABILIS
     <lb xml:id="Folio30v.27" n="27"/><note type="scholion" place="margin">quae sic se uoluit <choice><abbr>p&#772;dicari</abbr><expan>p<ex>rae</ex>dicari</expan></choice></note> UNITAS QUAE SIC SE UOLUIT PRAEDICARI
     <lb xml:id="Folio30v.28" n="28"/>UTRUM AUTEM BONI PATRIS ET BONI <sic>FILI</sic> <app><rdg wit="#CSEL40">FILII</rdg></app>
     <lb xml:id="Folio30v.29" n="29"/><choice><abbr>S&#772;P&#772;S&#772;</abbr><expan>SP<ex>IRITU</ex>S</expan></choice> <choice><abbr>S&#772;C&#772;S&#772;</abbr><expan>S<ex>AN</ex>C<ex>TU</ex>S</expan></choice> QUIA COMMUNIS AMBOBUS EST
     <lb xml:id="Folio30v.30" n="30"/>RECTE BONITAS DICI POSSIT AMBORUM <choice><abbr>NO &#772;</abbr><expan>NO<ex>N</ex></expan></choice>
     <note type="scholion" place="bottom"><choice><abbr>q&#42841;&#772;</abbr><expan>q<ex>uaternio</ex></expan></choice> I&#772;I&#772;I&#772;</note> 
    </ab>     
   </div>
   
      </body>
    </text>  
  
</TEI>
