<?xml version="1.0" encoding="UTF-8"?>
<?xml-model RNGSchema="http://www.stoa.org/epidoc/schema/latest/tei-epidoc.rng" type="xml"?>
<?xml-stylesheet type="text/xsl" href="msxxviii26.xsl"?>
<TEI xmlns="http://www.tei-c.org/ns/1.0">
 <teiHeader>
  <fileDesc>
   
   <titleStmt>
    <title ref="http://data.perseus.org/catalog/urn:cts:latinLit:stoa0040.stoa003" xml:id="edition">Contra Paganos De Civitate Dei: A Digital Edition of the Oldest Surviving Manuscript</title>
    <author ref="http://data.perseus.org/catalog/urn:cts:latinLit:stoa0040">Aurelius Augustinus</author>
    <editor>Greta Franzini</editor>
    <respStmt>
     <persName>Greta Franzini</persName>
     <resp>PhD student</resp>
    </respStmt>
    <respStmt>
     <persName>Melissa Terras</persName>
     <resp>First supervisor</resp>
    </respStmt>
    <respStmt>
     <persName>Simon Mahony</persName>
     <resp>Second supervisor</resp>
    </respStmt>
   </titleStmt>
   
   <editionStmt>
    <edition n="1">First digital edition</edition>
   </editionStmt>
   
   <publicationStmt>
    <authority>Greta Franzini</authority>
    <idno>Fol_07r-43r.xml</idno>
    <authority>UCL Centre for Digital Humanities</authority>
    <availability>
     <p>Available under a Creative Commons Attribution-ShareAlike International 4.0 License</p>
    </availability>
    <date>2014</date>
   </publicationStmt>
   
   <sourceDesc>
    <msDesc>
     <msIdentifier>
      <settlement>Verona</settlement>
      <repository>Biblioteca Capitolare</repository>
      <idno>MS XXVIII(26)</idno>
     </msIdentifier>
     
     <msContents>
      <msItem>
       <locus>f. 7r-43r</locus>
       <explicit>
        <locus>f. 43r</locus>
        <lb />AUGUSTINI EPISCOPI 
        <lb />CATHOLICI DE CIUITATE <choice><abbr>D&#772;I&#772;</abbr><expan>D<ex>E</ex>I</expan></choice> 
        <lb />CONTRA PAGANOS 
        <lb />LIBER &#183; XI &#183; EXPLICIT
       </explicit>
      </msItem>
     </msContents>
     
     <physDesc>
      <objectDesc form="codex">
       <supportDesc material="parchment">
        <support><p>Parchment</p></support>
        <extent>ff.253 <dimensions scope="all" type="leaf" unit="mm">
         <height>292</height>
         <width>190</width>
        </dimensions>
        </extent>
       </supportDesc>
       <layoutDesc>
        <layout columns="1"><p>In a single column</p></layout>
       </layoutDesc>
      </objectDesc>
      
      <bindingDesc>
       <binding contemporary="unknown">
        <p>Bound in <material>rigid parchment</material>, possibly in 18th
         century, and rebound using the same support in 1926.</p>
       </binding>
      </bindingDesc>
     </physDesc>
     
     <history>
      <origin>
       <p>Written in <origPlace>North Africa</origPlace> in the <origDate>early 5th century.</origDate>
       </p>
      </origin>
     </history>
    </msDesc>
   </sourceDesc>
  </fileDesc>
  <encodingDesc>
   <p>The following text was encoded in accordance with EpiDoc standards.</p>
  </encodingDesc>
  <profileDesc>
   <langUsage>
    <language ident="la">Latin</language>
   </langUsage>
  </profileDesc>
  
 </teiHeader>
    
 
 <text>
  
  <body>
   <head>
    <title xml:id="book">Liber XI</title>
   </head>
   
   <div n="Folio 31v" type="edition">
    <ab>
     <lb xml:id="Folio31v.1" n="1"/>DICITUR UT RES QUAE FACTA EST <w part="I">CON</w>
     <lb xml:id="Folio31v.2" n="2"/><w part="F">GRUERE</w> BONITATI PROPTER QUAM <w part="I">FAC</w>
     <lb xml:id="Folio31v.3" n="3"/><note type="scholion" place="margin"><choice><abbr>R&#772;</abbr><expan>R<ex>equire</ex></expan></choice> <choice><abbr>qu&#281;</abbr><expan>qu<ex>ae</ex></expan></choice> bonitas nisi <choice><abbr>s&#772;p&#772;s&#772;</abbr><expan>sp<ex>iritu</ex>s</expan></choice> <choice><abbr>s&#772;c&#772;s&#772;</abbr><expan>s<ex>an</ex>c<ex>tu</ex>s</expan></choice> intellegit</note> <w part="F">TA</w> EST INDICETUR &#8278; QUAE BONITAS NISI <app><rdg wit="#CSEL40">BONITAS SI</rdg></app>
     <lb xml:id="Folio31v.4" n="4"/><choice><abbr>S&#772;P&#772;S&#772;</abbr><expan>SP<ex>IRITU</ex>S</expan></choice> <choice><abbr>S&#772;C&#772;S&#772;</abbr><expan>S<ex>AN</ex>C<ex>TU</ex>S</expan></choice> RECTE INTELLEGITUR UNIUERSA
     <lb xml:id="Folio31v.5" n="5"/>NOBIS TRINITAS IN SUIS <choice><abbr>OPERIB&#183;</abbr><expan>OPERIB<ex>US</ex></expan></choice> <w part="I">INTIMA</w>
     <lb xml:id="Folio31v.6" n="6"/><w part="F">TUR</w>; INDE EST CIUITATIS SACTAE QUAE
     <lb xml:id="Folio31v.7" n="7"/>IN SANCTIS ANGELIS SURSUM EST ET ORIGO
     <lb xml:id="Folio31v.8" n="8"/>ET INFORMATIO ET BEATITUDO NAM SI
     <lb xml:id="Folio31v.9" n="9"/>QUAERATUR UNDE SIT <choice><abbr>D&#772;S&#772;</abbr><expan>D<ex>EU</ex>S</expan></choice> EAM CONDIDIT,
     <lb xml:id="Folio31v.10" n="10"/>SI UNDE SIT SAPIENS A <choice><abbr>D&#772;O&#772;</abbr><expan>D<ex>E</ex>O</expan></choice> INLUMINATUR;
     <lb xml:id="Folio31v.11" n="11"/>SI UNDE SIT FELIX <choice><abbr>D&#772;O&#772;</abbr><expan>D<ex>E</ex>O</expan></choice> FRUITUR; SUBSISTE<hi rend="ligature">NS</hi>
     <lb xml:id="Folio31v.12" n="12"/>MODIFICATUR CONTEMPLANS <w part="I">INLUSTRA</w>
     <lb xml:id="Folio31v.13" n="13"/><note type="scholion" place="margin"><!--illegible--></note> <w part="F">TUR</w> INHERENS <app><rdg wit="#CSEL40">INHAERENS</rdg></app> IUCUNDATUR; EST UIDET
     <lb xml:id="Folio31v.14" n="14"/>AMAT IN AETERNITATE <choice><abbr>D&#772;I&#772;</abbr><expan>D<ex>E</ex>I</expan></choice> <choice><sic>UIDET</sic><corr>UIGET</corr></choice> IN <w part="I">UERI</w>   <!--add a del rend for the D-g?-->
     <lb xml:id="Folio31v.15" n="15"/><w part="F">TATE</w> <choice><abbr>D&#772;I&#772;</abbr><expan>D<ex>E</ex>I</expan></choice> LUCET IN BONITATE <choice><abbr>D&#772;I&#772;</abbr><expan>D<ex>E</ex>I</expan></choice> GAUDET
     <lb xml:id="Folio31v.16" n="16"/><note type="scholion" subtype="chapter" n="25">XXV</note> QUANTUM INTELLEGI DATUR HINC <w part="I">PHILOSO</w>
     <lb xml:id="Folio31v.17" n="17"/><w part="F">PI</w> <app><rdg wit="#CSEL40">PHILOSOPHI</rdg></app> SAPIENTIAE DISCIPLINAM TRIPERTITAM
     <lb xml:id="Folio31v.18" n="18"/>ESSE UOLUERUNT IMMO TRIPERTITAM
     <lb xml:id="Folio31v.19" n="19"/>ESSE ANIMADUERTERE POTUERUNT <w part="I">NE</w>
     <lb xml:id="Folio31v.20" n="20"/><w part="F">QUE</w> ENIM IPSI INSTITUERUNT UT ITA ESSET
     <lb xml:id="Folio31v.21" n="21"/>SED ITA ESSE POTIUS INUENERUNT CUIUS
     <lb xml:id="Folio31v.22" n="22"/><note type="scholion" place="margin">phisica <!--illegible--></note> UNA <supplied reason="lost">PARS</supplied> APPELLARETUR PHYSICA ALTERA
     <lb xml:id="Folio31v.23" n="23"/><supplied reason="lost">LOGICA</supplied> TERTIA HETICA <app><rdg wit="#CSEL40">ETHICA</rdg></app> QUARUM NOMINA 
     <lb xml:id="Folio31v.24" n="24"/><supplied reason="lost">LATINA IAM MULT</supplied>ORUM LITTERIS <choice><abbr><w part="I">FREQUE &#772;</w>
     <lb xml:id="Folio31v.25" n="25"/><w part="F">TATA</w></abbr><expan>FREQUE<ex>N</ex>TATA</expan></choice> SUNT UT RATIONALIS NATURALIS <app><rdg wit="#CSEL40">NATURALIS RATIONALIS</rdg></app> <w part="I">MO</w>
     <lb xml:id="Folio31v.26" n="26"/><w part="F">RALISQUE</w> UOCARENTUR QUAS ETJAM IN <w part="I">OC</w>
     <lb xml:id="Folio31v.27" n="27"/><w part="F">TA<supplied reason="lost">UO</supplied></w> LIBRO BREUITER INSTRINXIMUS <app><rdg wit="#CSEL40">STRINXIMUS</rdg></app>
     <lb xml:id="Folio31v.28" n="28"/>NON QUO SIT CONSEQUENS UT ISTI IN HIS
     <lb xml:id="Folio31v.29" n="29"/><supplied reason="lost">TRIBUS</supplied> ALIQUID SECUNDUM <choice><abbr>D&#772;M&#772;</abbr><expan>D<ex>EU</ex>M</expan></choice> DE <w part="I">TRINI</w>
     <lb xml:id="Folio31v.30" n="30"/><w part="F">TATE</w> COGITAUERINT QUAMUIS PLATO PRIM<hi rend="ligature">US</hi>
    </ab>     
   </div>
   
      </body>
    </text>  
  
</TEI>
