<?xml version="1.0" encoding="UTF-8"?>
<?xml-model RNGSchema="http://www.stoa.org/epidoc/schema/latest/tei-epidoc.rng" type="xml"?>
<?xml-stylesheet type="text/xsl" href="msxxviii26.xsl"?>
<TEI xmlns="http://www.tei-c.org/ns/1.0">
 <teiHeader>
  <fileDesc>
   
   <titleStmt>
    <title ref="http://data.perseus.org/catalog/urn:cts:latinLit:stoa0040.stoa003" xml:id="edition">Contra Paganos De Civitate Dei: A Digital Edition of the Oldest Surviving Manuscript</title>
    <author ref="http://data.perseus.org/catalog/urn:cts:latinLit:stoa0040">Aurelius Augustinus</author>
    <editor>Greta Franzini</editor>
    <respStmt>
     <persName>Greta Franzini</persName>
     <resp>PhD student</resp>
    </respStmt>
    <respStmt>
     <persName>Melissa Terras</persName>
     <resp>First supervisor</resp>
    </respStmt>
    <respStmt>
     <persName>Simon Mahony</persName>
     <resp>Second supervisor</resp>
    </respStmt>
   </titleStmt>
   
   <editionStmt>
    <edition n="1">First digital edition</edition>
   </editionStmt>
   
   <publicationStmt>
    <authority>Greta Franzini</authority>
    <idno>Fol_07r-43r.xml</idno>
    <authority>UCL Centre for Digital Humanities</authority>
    <availability>
     <p>Available under a Creative Commons Attribution-ShareAlike International 4.0 License</p>
    </availability>
    <date>2014</date>
   </publicationStmt>
   
   <sourceDesc>
    <msDesc>
     <msIdentifier>
      <settlement>Verona</settlement>
      <repository>Biblioteca Capitolare</repository>
      <idno>MS XXVIII(26)</idno>
     </msIdentifier>
     
     <msContents>
      <msItem>
       <locus>f. 7r-43r</locus>
       <explicit>
        <locus>f. 43r</locus>
        <lb />AUGUSTINI EPISCOPI 
        <lb />CATHOLICI DE CIUITATE <choice><abbr>D&#772;I&#772;</abbr><expan>D<ex>E</ex>I</expan></choice> 
        <lb />CONTRA PAGANOS 
        <lb />LIBER &#183; XI &#183; EXPLICIT
       </explicit>
      </msItem>
     </msContents>
     
     <physDesc>
      <objectDesc form="codex">
       <supportDesc material="parchment">
        <support><p>Parchment</p></support>
        <extent>ff.253 <dimensions scope="all" type="leaf" unit="mm">
         <height>292</height>
         <width>190</width>
        </dimensions>
        </extent>
       </supportDesc>
       <layoutDesc>
        <layout columns="1"><p>In a single column</p></layout>
       </layoutDesc>
      </objectDesc>
      
      <bindingDesc>
       <binding contemporary="unknown">
        <p>Bound in <material>rigid parchment</material>, possibly in 18th
         century, and rebound using the same support in 1926.</p>
       </binding>
      </bindingDesc>
     </physDesc>
     
     <history>
      <origin>
       <p>Written in <origPlace>North Africa</origPlace> in the <origDate>early 5th century.</origDate>
       </p>
      </origin>
     </history>
    </msDesc>
   </sourceDesc>
  </fileDesc>
  <encodingDesc>
   <p>The following text was encoded in accordance with EpiDoc standards.</p>
  </encodingDesc>
  <profileDesc>
   <langUsage>
    <language ident="la">Latin</language>
   </langUsage>
  </profileDesc>
  
 </teiHeader>
    
 
 <text>
  
  <body>
   <head>
    <title xml:id="book">Liber XI</title>
   </head>
   
   <div n="Folio 32r" type="edition">
    <ab>
     <lb xml:id="Folio32r.1" n="1"/>ISTAM DISTRIBUTIONEM REPPERISSE ET
     <lb xml:id="Folio32r.2" n="2"/>COMMENDASSE DICATUR CUI NEQUE <w part="I">NATU</w>
     <lb xml:id="Folio32r.3" n="3"/><w part="F">RARUM</w> OMNIUM AUCTOR NISI <choice><abbr>D&#772;S&#772;</abbr><expan>D<ex>EU</ex>S</expan></choice> UISUS
     <lb xml:id="Folio32r.4" n="4"/>EST <choice><abbr>NEQ&#183;</abbr><expan>NEQ<ex>UE</ex></expan></choice> INTELLEGENTIAE DATOR <choice><abbr>NEQ&#183;</abbr><expan>NEQ<ex>UE</ex></expan></choice> <w part="I">AMO</w>
     <lb xml:id="Folio32r.5" n="5"/><w part="F">RIS</w> QUOLIBET QUO BENE <app><rdg wit="#CSEL40">AMORIS QUO BENE</rdg></app> <choice><abbr>BEATEQ&#183;</abbr><expan>BEATEQ<ex>UE</ex></expan></choice> UIUITUR
     <lb xml:id="Folio32r.6" n="6"/>INSPIRATOR SED CERTE CUM ET DE NATURA <w part="I">RE</w>
     <lb xml:id="Folio32r.7" n="7"/><w part="F">RUM</w> ET DE RATIONE JNDAGANDAE <w part="I">UERITA</w>
     <lb xml:id="Folio32r.8" n="8"/><w part="F">TIS</w> ET DE BONI FINE AT <app><rdg wit="#CSEL40">AD</rdg></app> QUEM CUNCTA QUAE
     <lb xml:id="Folio32r.9" n="9"/>AGIMUS REFERRE DEBEMUS DIUERSI <w part="I">DI</w>
     <lb xml:id="Folio32r.10" n="10"/><w part="F">UERSA</w> SENTIANT IN HIS TAMEN TRIBUS
     <lb xml:id="Folio32r.11" n="11"/>MAGNIS ET <choice><abbr>GENERALIB&#183;</abbr><expan>GENERALIB<ex>US</ex></expan></choice> <choice><abbr>QUAESTIONIB&#183;</abbr><expan>QUAESTIONIB<ex>US</ex></expan></choice> <w part="I">OM</w>
     <lb xml:id="Folio32r.12" n="12"/><w part="F">NIS</w> EORUM UERSATUR INTENTIO ITA CUM
     <lb xml:id="Folio32r.13" n="13"/>IN UNAQUAQUE EARUM QUID QUISQUE
     <lb xml:id="Folio32r.14" n="14"/>SECTETUR MULTIPLEX DISCREPANTIA SIT
     <lb xml:id="Folio32r.15" n="15"/>OPINIONUM ESSE TAMEN ALIQUAM <w part="I">NA</w>
     <lb xml:id="Folio32r.16" n="16"/><w part="F">TURAE</w> CAUSAM SCIENTIAE FORMAM <w part="I">UI</w>
     <lb xml:id="Folio32r.17" n="17"/><w part="F">TAE</w> SUMMAM NEMO CUNCTATUR TRIA
     <lb xml:id="Folio32r.18" n="18"/>ETIAM SUNT QUAE IN UNOQUOQUE <w part="I">HOMI</w>
     <lb xml:id="Folio32r.19" n="19"/><w part="F">NE</w> ARTIFICE SPECTANTUR UT ALIQUID <w part="I">EFFI</w>
     <lb xml:id="Folio32r.20" n="20"/><w part="F">CIAT</w> NATURA DOCTRINA USUS; &#8224; NATURA
     <lb xml:id="Folio32r.21" n="21"/>INGENIO DOCTRINA SCIENTIA USUS FRUCTU
     <lb xml:id="Folio32r.22" n="22"/>DIIUDICANDUS EST NEC IGNORO QUOD
     <lb xml:id="Folio32r.23" n="23"/>PROPRIAE <app><rdg wit="#CSEL40">PROPRIE</rdg></app> FRUCTUS FRUENTIS <supplied reason="lost">USUS <w part="I">UTEN</w></supplied>
     <lb xml:id="Folio32r.24" n="24"/><w part="F">TIS</w> SIT <choice><abbr>ATQ&#183;</abbr><expan>ATQ<ex>UE</ex></expan></choice> <app><rdg wit="#CSEL40">ADQUE</rdg></app> HOC INTERESSE UIDEATUR
     <lb xml:id="Folio32r.25" n="25"/>QUOD EA RE FRUI <choice><sic>DICIMU<del rend="strikethrough">S</del></sic><corr>DICIMU<add place="above">R</add></corr></choice> QUAE NOS <supplied reason="lost">NON</supplied>
     <lb xml:id="Folio32r.26" n="26"/><add place="left">AD</add> ALIUD REFERENDA PER SE IPSA DELE<supplied reason="lost">CTAT</supplied>
     <lb xml:id="Folio32r.27" n="27"/>UTI UERO EA RE QUAM PROPTER ALIUD <w part="I">QUAE</w> <note type="scholion" place="margin"><choice><abbr>R&#772;</abbr><expan>R<ex>equire</ex></expan></choice> temporalia utend... et .. fru..<!--illegible--></note>
     <lb xml:id="Folio32r.28" n="28"/><w part="F">RIMUS</w>: UNDE <choice><abbr>TEMPORALIB&#183;</abbr><expan>TEMPORALIB<ex>US</ex></expan></choice> MAGIS <choice><abbr><w part="I">UTE &#772;</w>
     <lb xml:id="Folio32r.29" n="29"/><w part="F">DUM</w></abbr><expan>UTE<ex>N</ex>DUM</expan></choice> EST QUAM FRUENDUM UT FRUI <w part="I">ME</w>
     <lb xml:id="Folio32r.30" n="30"/><w part="F">REAMUR</w> AETERNIS NON SICUT PERUERSI
    </ab>     
   </div>
   
      </body>
    </text>  
  
</TEI>
