<?xml version="1.0" encoding="UTF-8"?>
<?xml-model RNGSchema="http://www.stoa.org/epidoc/schema/latest/tei-epidoc.rng" type="xml"?>
<?xml-stylesheet type="text/xsl" href="msxxviii26.xsl"?>
<TEI xmlns="http://www.tei-c.org/ns/1.0">
 <teiHeader>
  <fileDesc>
   
   <titleStmt>
    <title ref="http://data.perseus.org/catalog/urn:cts:latinLit:stoa0040.stoa003" xml:id="edition">Contra Paganos De Civitate Dei: A Digital Edition of the Oldest Surviving Manuscript</title>
    <author ref="http://data.perseus.org/catalog/urn:cts:latinLit:stoa0040">Aurelius Augustinus</author>
    <editor>Greta Franzini</editor>
    <respStmt>
     <persName>Greta Franzini</persName>
     <resp>PhD student</resp>
    </respStmt>
    <respStmt>
     <persName>Melissa Terras</persName>
     <resp>First supervisor</resp>
    </respStmt>
    <respStmt>
     <persName>Simon Mahony</persName>
     <resp>Second supervisor</resp>
    </respStmt>
   </titleStmt>
   
   <editionStmt>
    <edition n="1">First digital edition</edition>
   </editionStmt>
   
   <publicationStmt>
    <authority>Greta Franzini</authority>
    <idno>Fol_07r-43r.xml</idno>
    <authority>UCL Centre for Digital Humanities</authority>
    <availability>
     <p>Available under a Creative Commons Attribution-ShareAlike International 4.0 License</p>
    </availability>
    <date>2014</date>
   </publicationStmt>
   
   <sourceDesc>
    <msDesc>
     <msIdentifier>
      <settlement>Verona</settlement>
      <repository>Biblioteca Capitolare</repository>
      <idno>MS XXVIII(26)</idno>
     </msIdentifier>
     
     <msContents>
      <msItem>
       <locus>f. 7r-43r</locus>
       <explicit>
        <locus>f. 43r</locus>
        <lb />AUGUSTINI EPISCOPI 
        <lb />CATHOLICI DE CIUITATE <choice><abbr>D&#772;I&#772;</abbr><expan>D<ex>E</ex>I</expan></choice> 
        <lb />CONTRA PAGANOS 
        <lb />LIBER &#183; XI &#183; EXPLICIT
       </explicit>
      </msItem>
     </msContents>
     
     <physDesc>
      <objectDesc form="codex">
       <supportDesc material="parchment">
        <support><p>Parchment</p></support>
        <extent>ff.253 <dimensions scope="all" type="leaf" unit="mm">
         <height>292</height>
         <width>190</width>
        </dimensions>
        </extent>
       </supportDesc>
       <layoutDesc>
        <layout columns="1"><p>In a single column</p></layout>
       </layoutDesc>
      </objectDesc>
      
      <bindingDesc>
       <binding contemporary="unknown">
        <p>Bound in <material>rigid parchment</material>, possibly in 18th
         century, and rebound using the same support in 1926.</p>
       </binding>
      </bindingDesc>
     </physDesc>
     
     <history>
      <origin>
       <p>Written in <origPlace>North Africa</origPlace> in the <origDate>early 5th century.</origDate>
       </p>
      </origin>
     </history>
    </msDesc>
   </sourceDesc>
  </fileDesc>
  <encodingDesc>
   <p>The following text was encoded in accordance with EpiDoc standards.</p>
  </encodingDesc>
  <profileDesc>
   <langUsage>
    <language ident="la">Latin</language>
   </langUsage>
  </profileDesc>
  
 </teiHeader>
    
 
 <text>
  
  <body>
   <head>
    <title xml:id="book">Liber XI</title>
   </head>
   
   <div n="Folio 33v" type="edition">
    <ab>
     <lb xml:id="Folio33v.1" n="1"/>MODO ESSE ME FALLOR QUANDO <choice><abbr>CERTU &#772;</abbr><expan>CERTU<ex>M</ex></expan></choice>
     <lb xml:id="Folio33v.2" n="2"/>EST ME ESSE SI FALLOR QUIA IGITUR <choice><abbr>ESSE &#772;</abbr><expan>ESSE<ex>M</ex></expan></choice>
     <lb xml:id="Folio33v.3" n="3"/>QUI FALLERER ETIAMSI FALLERER PROCUL
     <lb xml:id="Folio33v.4" n="4"/>DUBIO IN EO QUOD ME NOUI ESSE NON <w part="I">FAL</w>
     <lb xml:id="Folio33v.5" n="5"/><w part="F">LOR</w> CONSEQUENS EST AUTEM UT IAM <app><rdg wit="#CSEL40">ETIAM</rdg></app> IN EO 
     <lb xml:id="Folio33v.6" n="6"/>QUOD ME NOUI NOSSE NON FALLOR <app><rdg wit="#CSEL40">FALLAR</rdg></app> SIC<hi rend="ligature">UT</hi>
     <lb xml:id="Folio33v.7" n="7"/>ENIM NOUI ESSE ME ITA NOUI ETIAM HOC
     <lb xml:id="Folio33v.8" n="8"/>IPSUM NOSSE ME EAQUAE <app><rdg wit="#CSEL40">EAQUE</rdg></app> DUO CUM AMO
     <lb xml:id="Folio33v.9" n="9"/>EUNDEM <choice><abbr>QUOQ&#183;</abbr><expan>QUOQ<ex>UE</ex></expan></choice> AMOREM QUIDDAM <w part="I">TER</w>
     <lb xml:id="Folio33v.10" n="10"/><w part="F">TIUM</w> NEC INPARIS AESTIMATIONIS EIS QUAS
     <lb xml:id="Folio33v.11" n="11"/>NOUI <choice><abbr>REB&#183;</abbr><expan>REB<ex>US</ex></expan></choice> ADIUNGO <choice><abbr>NEQ&#183;</abbr><expan>NEQ<ex>UE</ex></expan></choice> ENIM FALLOR
     <lb xml:id="Folio33v.12" n="12"/>AMARE ME CUM IN HIS QUAE AMO NON
     <lb xml:id="Folio33v.13" n="13"/>FALLAR QUAMQUAM ETSI ILLA FALSA <del rend="strikethrough">NON</del>
     <lb xml:id="Folio33v.14" n="14"/>ESSENT FALSA ME AMARE UERUM ESSET
     <lb xml:id="Folio33v.15" n="15"/>NAM QUO PACTO RECTE REPRAEHENDERER <app><rdg wit="#CSEL40">REPREHENDERER</rdg></app>
     <lb xml:id="Folio33v.16" n="16"/>ET RECTE PROHIBERER AB AMORE <choice><abbr>FALSORU &#772;</abbr><expan>FALSORU<ex>M</ex></expan></choice>
     <lb xml:id="Folio33v.17" n="17"/>SI ME ILLA AMARE FALSUM ESSET CUM <w part="I">UE</w>
     <lb xml:id="Folio33v.18" n="18"/><w part="F">RO</w> ET ILLA UERA <choice><abbr>ATQ&#183;</abbr><expan>ATQ<ex>UE</ex></expan></choice> <app><rdg wit="#CSEL40">ADQUE</rdg></app> CERTA SINT QUIS <w part="I">DUBI</w>
     <lb xml:id="Folio33v.19" n="19"/><w part="F">TET</w> QUOD EORUM CUM AMANTUR ET IPSE
     <lb xml:id="Folio33v.20" n="20"/>AMOR UERUS ET CERTUS EST TAM PORRO
     <lb xml:id="Folio33v.21" n="21"/>NEMO EST QUI NON ESSE BEATUS UELIT <app><rdg wit="#CSEL40">TAM PORRO NEMO EST QUI ESSE SE NOLIT QUAM NEMO EST QUI NON ESSE BEATUS UELIT</rdg></app> <note type="scholion" place="inline">NEMO EST QUI ESSE SE NOLIT QUAM</note>
     <lb xml:id="Folio33v.22" n="22"/><note type="scholion" place="margin"><choice><abbr>R&#772;</abbr><expan>R<ex>equire</ex></expan></choice></note> QUO MODO ENIM POTEST BEATUS ESSE 
     <lb xml:id="Folio33v.23" n="23"/>SI NIHIL SIT <note type="scholion" subtype="chapter" place="margin" n="27">XXVII</note> ITA UERO UI QUADAM <w part="I">NATU</w>
     <lb xml:id="Folio33v.24" n="24"/><w part="F">RALI</w> IPSUM ESSE IUCUNDUM EST UT <choice><abbr>NO &#772;</abbr><expan>NO<ex>N</ex></expan></choice>
     <lb xml:id="Folio33v.25" n="25"/>OB ALIUD ET HI QUI MISERI SUNT NOLINT
     <lb xml:id="Folio33v.26" n="26"/>INTERIRE ET CUM SE MISEROS ESSE <w part="I">SEN</w>
     <lb xml:id="Folio33v.27" n="27"/><w part="F">TIANT</w> NON SE IPSOS DE <choice><abbr>REB&#183;</abbr><expan>REB<ex>US</ex></expan></choice> SED <choice><abbr>MISERIA &#772;</abbr><expan>MISERIA<ex>M</ex></expan></choice>
     <lb xml:id="Folio33v.28" n="28"/>SUAM POTIUS AUFERRI UELINT ILLIS
     <lb xml:id="Folio33v.29" n="29"/>ETIAM QUI ET SIBI MISERRIMI APPARE<hi rend="ligature">NT</hi>
     <lb xml:id="Folio33v.30" n="30"/>ET PLANE SUNT ET NON SOLUM A <w part="I">SAPIEN</w>
    </ab> 
   </div>
   
      </body>
    </text>  
  
</TEI>
