<?xml version="1.0" encoding="UTF-8"?>
<?xml-model RNGSchema="http://www.stoa.org/epidoc/schema/latest/tei-epidoc.rng" type="xml"?>
<?xml-stylesheet type="text/xsl" href="msxxviii26.xsl"?>
<TEI xmlns="http://www.tei-c.org/ns/1.0">
 <teiHeader>
  <fileDesc>
   
   <titleStmt>
    <title ref="http://data.perseus.org/catalog/urn:cts:latinLit:stoa0040.stoa003" xml:id="edition">Contra Paganos De Civitate Dei: A Digital Edition of the Oldest Surviving Manuscript</title>
    <author ref="http://data.perseus.org/catalog/urn:cts:latinLit:stoa0040">Aurelius Augustinus</author>
    <editor>Greta Franzini</editor>
    <respStmt>
     <persName>Greta Franzini</persName>
     <resp>PhD student</resp>
    </respStmt>
    <respStmt>
     <persName>Melissa Terras</persName>
     <resp>First supervisor</resp>
    </respStmt>
    <respStmt>
     <persName>Simon Mahony</persName>
     <resp>Second supervisor</resp>
    </respStmt>
   </titleStmt>
   
   <editionStmt>
    <edition n="1">First digital edition</edition>
   </editionStmt>
   
   <publicationStmt>
    <authority>Greta Franzini</authority>
    <idno>Fol_07r-43r.xml</idno>
    <authority>UCL Centre for Digital Humanities</authority>
    <availability>
     <p>Available under a Creative Commons Attribution-ShareAlike International 4.0 License</p>
    </availability>
    <date>2014</date>
   </publicationStmt>
   
   <sourceDesc>
    <msDesc>
     <msIdentifier>
      <settlement>Verona</settlement>
      <repository>Biblioteca Capitolare</repository>
      <idno>MS XXVIII(26)</idno>
     </msIdentifier>
     
     <msContents>
      <msItem>
       <locus>f. 7r-43r</locus>
       <explicit>
        <locus>f. 43r</locus>
        <lb />AUGUSTINI EPISCOPI 
        <lb />CATHOLICI DE CIUITATE <choice><abbr>D&#772;I&#772;</abbr><expan>D<ex>E</ex>I</expan></choice> 
        <lb />CONTRA PAGANOS 
        <lb />LIBER &#183; XI &#183; EXPLICIT
       </explicit>
      </msItem>
     </msContents>
     
     <physDesc>
      <objectDesc form="codex">
       <supportDesc material="parchment">
        <support><p>Parchment</p></support>
        <extent>ff.253 <dimensions scope="all" type="leaf" unit="mm">
         <height>292</height>
         <width>190</width>
        </dimensions>
        </extent>
       </supportDesc>
       <layoutDesc>
        <layout columns="1"><p>In a single column</p></layout>
       </layoutDesc>
      </objectDesc>
      
      <bindingDesc>
       <binding contemporary="unknown">
        <p>Bound in <material>rigid parchment</material>, possibly in 18th
         century, and rebound using the same support in 1926.</p>
       </binding>
      </bindingDesc>
     </physDesc>
     
     <history>
      <origin>
       <p>Written in <origPlace>North Africa</origPlace> in the <origDate>early 5th century.</origDate>
       </p>
      </origin>
     </history>
    </msDesc>
   </sourceDesc>
  </fileDesc>
  <encodingDesc>
   <p>The following text was encoded in accordance with EpiDoc standards.</p>
  </encodingDesc>
  <profileDesc>
   <langUsage>
    <language ident="la">Latin</language>
   </langUsage>
  </profileDesc>
  
 </teiHeader>
    
 
 <text>
  
  <body>
   <head>
    <title xml:id="book">Liber XI</title>
   </head>
   
   <div n="Folio 34v" type="edition">
    <ab>
     <lb xml:id="Folio34v.1" n="1"/><w part="F">QUE</w> FRUTICES <choice><abbr>QUIB&#183;</abbr><expan>QUIB<ex>US</ex></expan></choice> NULLUS EST SENS<hi rend="ligature">US</hi>
     <lb xml:id="Folio34v.2" n="2"/>AD UITANDAM MANIFESTAM <choice><abbr>MOTIONE &#772;</abbr><expan>MOTIONE<ex>M</ex></expan></choice> <app><rdg wit="#CSEL40">MANIFESTA MOTIONE</rdg></app>
     <lb xml:id="Folio34v.3" n="3"/>PERNICIEM NONNE UT IN AURAS TUTUM
     <lb xml:id="Folio34v.4" n="4"/>CA<add place="above">CU</add>MINIS GERMEN EMITTANT ALIUD TERRAE
     <lb xml:id="Folio34v.5" n="5"/>RADICIS ADFIGUNT QUO ALIMENTUM TRAHA<hi rend="ligature">NT</hi>
     <lb xml:id="Folio34v.6" n="6"/><choice><abbr>ATQ&#183;</abbr><expan>ATQ<ex>UE</ex></expan></choice> <app><rdg wit="#CSEL40">ADQUE</rdg></app> ITA SUUM QUODAM MODO ESSE <w part="I">CON</w>
     <lb xml:id="Folio34v.7" n="7"/><w part="F">SERUENT</w> IPSA POSTREMO CORPORA <w part="I">QUI</w>
     <lb xml:id="Folio34v.8" n="8"/><w part="F">BUS</w> NON SOLUM SENSUS SED NEC ULLA <w part="I">SAL</w>
     <lb xml:id="Folio34v.9" n="9"/><w part="F">TEM</w> SEMINALIS EST UITA ITA TAMEN UEL <w part="I">EXI</w>
     <lb xml:id="Folio34v.10" n="10"/><w part="F">LIUNT</w> IN SUPERNA UEL <choice><sic><del rend="strikethrough">A</del>NIMA</sic><corr><add place="above">I</add>N IMA</corr></choice> <w part="I">DESCEN</w>
     <lb xml:id="Folio34v.11" n="11"/><w part="F">DUNT</w> UEL LIBRANTUR IN MEDIIS UT <w part="I">ESSEN<del rend="strikethrough">T</del></w> 
     <lb xml:id="Folio34v.12" n="12"/><w part="F">TIAM</w> SUAM UBI SECUNDUM NATURAM <w part="I">POS</w>
     <lb xml:id="Folio34v.13" n="13"/><w part="F">SUNT</w> ESSE <choice><sic>CUSTODI<del rend="strikethrough">U</del>NT</sic><corr>CUSTODI<add place="above">A</add>NT</corr></choice> IAM UERO NOSSE
     <lb xml:id="Folio34v.14" n="14"/>QUANTUM <del rend="strikethrough">DE</del> AMETUR <choice><abbr>QUAMQ&#183;</abbr><expan>QUAMQ<ex>UE</ex></expan></choice> FALLI NOLIT
     <lb xml:id="Folio34v.15" n="15"/>HUMANA NATURA UEL HINC INTELLEGI POTEST
     <lb xml:id="Folio34v.16" n="16"/>QUOD LAMENTARI <choice><abbr>QUISQ&#183;</abbr><expan>QUISQ<ex>UE</ex></expan></choice> SANA MENTE <w part="I">MA</w>
     <lb xml:id="Folio34v.17" n="17"/><w part="F">UULT</w> QUAM LAETARI IN AMENTIA QUAE UIS
     <lb xml:id="Folio34v.18" n="18"/>MAGNA <choice><abbr>ATQ&#183;</abbr><expan>ATQ<ex>UE</ex></expan></choice> <app><rdg wit="#CSEL40">ADQUE</rdg></app> MIRABILIS <choice><abbr>MORTALIB&#183;</abbr><expan>MORTALIB<ex>US</ex></expan></choice> PRAETER
     <lb xml:id="Folio34v.19" n="19"/>HOMINI <choice><abbr>ANIMANTIB&#183;</abbr><expan>ANIMANTIB<ex>US</ex></expan></choice> NULLA EST LICET <choice><abbr>EORU &#772;</abbr><expan>EORU<ex>M</ex></expan></choice>
     <lb xml:id="Folio34v.20" n="20"/><choice><abbr>QUIB&#183;DAM</abbr><expan>QUIB<ex>US</ex>DAM</expan></choice> AD ISTAM LUCEM <choice><abbr>CONTUENDA &#772;</abbr><expan>CONTUENDA<ex>M</ex></expan></choice>
     <lb xml:id="Folio34v.21" n="21"/>MULTO QUAM <supplied reason="lost">NOBIS</supplied> SIT ACRIOR SENSUS
     <lb xml:id="Folio34v.22" n="22"/>OCULORUM SED LUCEM ILLAM <choice><abbr>INCORPOREA &#772;</abbr><expan>INCORPOREA<ex>M</ex></expan></choice>
     <lb xml:id="Folio34v.23" n="23"/>CONTINGERE <choice><sic>NEQUE<del rend="strikethrough">U</del>NT</sic><corr>NEQUE<add place="above">A</add>NT</corr></choice> <app><rdg wit="#CSEL40">NEQUEUNT</rdg></app> QU<del rend="strikethrough">I</del>A MENS <w part="I">NOS</w>
     <lb xml:id="Folio34v.24" n="24"/><w part="F">TRA</w> QUODAM MODO RADIATUR UT DE HIS
     <lb xml:id="Folio34v.25" n="25"/><choice><abbr>OMNIB&#183;</abbr><expan>OMNIB<ex>US</ex></expan></choice> RECTE IUDICARE POSSIMUS NAM
     <lb xml:id="Folio34v.26" n="26"/>IN QUANTUM EAM CAPIMUS IN TANTUM AD <app><rdg wit="#CSEL40">IN TANTUM ID</rdg></app>
     <lb xml:id="Folio34v.27" n="27"/>ID POSSUMUS UERUM TAMEN INEST IN
     <lb xml:id="Folio34v.28" n="28"/><choice><abbr>SENSIB&#183;</abbr><expan>SENSIB<ex>US</ex></expan></choice> INRATIONALIUM ANIMANTIUM
     <lb xml:id="Folio34v.29" n="29"/>ETSI SCIENTIA NULLO MODO AD <app><rdg wit="#CSEL40">AT</rdg></app> CERTE <w part="I">QU&#198;</w>
     <lb xml:id="Folio34v.30" n="30"/><w part="F">DAM</w> SCIENTIA<add place="above">E</add> SIMILITUDO CETERA <choice><abbr>AUTE &#772;</abbr><expan>AUTE<ex>M</ex></expan></choice>
    </ab> 
   </div>
   
      </body>
    </text>  
  
</TEI>
