<?xml version="1.0" encoding="UTF-8"?>
<?xml-model RNGSchema="http://www.stoa.org/epidoc/schema/latest/tei-epidoc.rng" type="xml"?>
<?xml-stylesheet type="text/xsl" href="msxxviii26.xsl"?>
<TEI xmlns="http://www.tei-c.org/ns/1.0">
 <teiHeader>
  <fileDesc>
   
   <titleStmt>
    <title ref="http://data.perseus.org/catalog/urn:cts:latinLit:stoa0040.stoa003" xml:id="edition">Contra Paganos De Civitate Dei: A Digital Edition of the Oldest Surviving Manuscript</title>
    <author ref="http://data.perseus.org/catalog/urn:cts:latinLit:stoa0040">Aurelius Augustinus</author>
    <editor>Greta Franzini</editor>
    <respStmt>
     <persName>Greta Franzini</persName>
     <resp>PhD student</resp>
    </respStmt>
    <respStmt>
     <persName>Melissa Terras</persName>
     <resp>First supervisor</resp>
    </respStmt>
    <respStmt>
     <persName>Simon Mahony</persName>
     <resp>Second supervisor</resp>
    </respStmt>
   </titleStmt>
   
   <editionStmt>
    <edition n="1">First digital edition</edition>
   </editionStmt>
   
   <publicationStmt>
    <authority>Greta Franzini</authority>
    <idno>Fol_07r-43r.xml</idno>
    <authority>UCL Centre for Digital Humanities</authority>
    <availability>
     <p>Available under a Creative Commons Attribution-ShareAlike International 4.0 License</p>
    </availability>
    <date>2014</date>
   </publicationStmt>
   
   <sourceDesc>
    <msDesc>
     <msIdentifier>
      <settlement>Verona</settlement>
      <repository>Biblioteca Capitolare</repository>
      <idno>MS XXVIII(26)</idno>
     </msIdentifier>
     
     <msContents>
      <msItem>
       <locus>f. 7r-43r</locus>
       <explicit>
        <locus>f. 43r</locus>
        <lb />AUGUSTINI EPISCOPI 
        <lb />CATHOLICI DE CIUITATE <choice><abbr>D&#772;I&#772;</abbr><expan>D<ex>E</ex>I</expan></choice> 
        <lb />CONTRA PAGANOS 
        <lb />LIBER &#183; XI &#183; EXPLICIT
       </explicit>
      </msItem>
     </msContents>
     
     <physDesc>
      <objectDesc form="codex">
       <supportDesc material="parchment">
        <support><p>Parchment</p></support>
        <extent>ff.253 <dimensions scope="all" type="leaf" unit="mm">
         <height>292</height>
         <width>190</width>
        </dimensions>
        </extent>
       </supportDesc>
       <layoutDesc>
        <layout columns="1"><p>In a single column</p></layout>
       </layoutDesc>
      </objectDesc>
      
      <bindingDesc>
       <binding contemporary="unknown">
        <p>Bound in <material>rigid parchment</material>, possibly in 18th
         century, and rebound using the same support in 1926.</p>
       </binding>
      </bindingDesc>
     </physDesc>
     
     <history>
      <origin>
       <p>Written in <origPlace>North Africa</origPlace> in the <origDate>early 5th century.</origDate>
       </p>
      </origin>
     </history>
    </msDesc>
   </sourceDesc>
  </fileDesc>
  <encodingDesc>
   <p>The following text was encoded in accordance with EpiDoc standards.</p>
  </encodingDesc>
  <profileDesc>
   <langUsage>
    <language ident="la">Latin</language>
   </langUsage>
  </profileDesc>
  
 </teiHeader>
    
 
 <text>
  
  <body>
   <head>
    <title xml:id="book">Liber XI</title>
   </head>
   
   <div n="Folio 35v" type="edition">
    <ab>
     <lb xml:id="Folio35v.1" n="1"/>SATIS DIXIMUS DE AMORE AUTEM QUO
     <lb xml:id="Folio35v.2" n="2"/>AMANTUR UTRUM ET IPSE AMOR AMET<hi rend="ligature">UR</hi>
     <lb xml:id="Folio35v.3" n="3"/>NON DICTUM EST AMATUR AUTEM ET HINC
     <lb xml:id="Folio35v.4" n="4"/>PROBAMUS QUOD IN <choice><abbr>HOMINIB&#183;</abbr><expan>HOMINIB<ex>US</ex></expan></choice> QUI RECTI<hi rend="ligature">US</hi>
     <lb xml:id="Folio35v.5" n="5"/>AMANTUR IPSE MAGIS AMATUR <choice><abbr>NEQ&#183;</abbr><expan>NEQ<ex>UE</ex></expan></choice> <choice><abbr>ENI &#772;</abbr><expan>ENI<ex>M</ex></expan></choice>
     <lb xml:id="Folio35v.6" n="6"/>UIR BONUS MERITO DICITUR QUI SCIT QUOD
     <lb xml:id="Folio35v.7" n="7"/>BONUM EST SED QUI DILIGIT QUUR ERGO
     <lb xml:id="Folio35v.8" n="8"/>ET IN NOBIS IPSIS NON ET IPSUM AMOREM
     <lb xml:id="Folio35v.9" n="9"/>NOS AMARE SENTIMUS QUO AMAMU<del rend="strikethrough">I</del>S
     <lb xml:id="Folio35v.10" n="10"/>QUIDQUID BONI AMAMUS EST ENIM ET
     <lb xml:id="Folio35v.11" n="11"/>AMOR QUO AMATUR ET QUOD AMANDUM
     <lb xml:id="Folio35v.12" n="12"/>NON EST ET ISTUM AMOREM ODIT IN SE QUI
     <lb xml:id="Folio35v.13" n="13"/>ILLUM DILIGIT QUO<del rend="erasure">D</del> ID AMATUR QUOD <choice><abbr><w part="I">AMA &#772;</w>
     <lb xml:id="Folio35v.14" n="14"/><w part="F">DUM</w></abbr><expan>AMA<ex>N</ex>DUM</expan></choice> EST POSSUNT ENIM AMBO ESSE IN
     <lb xml:id="Folio35v.15" n="15"/>UNO HOMINE ET HOC BONUM EST HOMINI
     <lb xml:id="Folio35v.16" n="16"/>UT ILLO PROFICIENTE QUO BENE UIUIMUS
     <lb xml:id="Folio35v.17" n="17"/>ISTE DEFICIAT QUO MALE UIUIMUS DONEC
     <lb xml:id="Folio35v.18" n="18"/>AD PERFECTUM SANETUR ET IN BONUM <choice><abbr><w part="I">CO &#772;</w>
     <lb xml:id="Folio35v.19" n="19"/><w part="F">MUTETUR</w></abbr><expan>CO<ex>M</ex>MUTETUR</expan></choice> OMNE QUOD UIUIMUS SI <choice><abbr>ENI &#772;</abbr><expan>ENI<ex>M</ex></expan></choice>
     <lb xml:id="Folio35v.20" n="20"/>PECORA ESSEMUS CARNALEM UITAM ET QUOD
     <lb xml:id="Folio35v.21" n="21"/>SECUNDUM SENSUM EIUS EST AMAREM<hi rend="ligature">US</hi>
     <lb xml:id="Folio35v.22" n="22"/><choice><abbr>IDQ&#183;</abbr><expan>IDQ<ex>UE</ex></expan></choice> ESSET SUFFICIENS BONUM NOSTRUM
     <lb xml:id="Folio35v.23" n="23"/>ET SECUNDUM HOC CUM ESSET NOBIS <w part="I">BE</w>
     <lb xml:id="Folio35v.24" n="24"/><w part="F">NE</w> NIHIL ALIUD QUAEREREMUS ITEM SI
     <lb xml:id="Folio35v.25" n="25"/>ARBORES ESSEMUS NIHIL QUIDEM <choice><abbr><w part="I">SENTIE &#772;</w>
     <lb xml:id="Folio35v.26" n="26"/><w part="F">TE</w></abbr><expan>SENTIE<ex>N</ex>TE</expan></choice> MOTU AMARE POSSEMUS UERUM <choice><abbr>TAME &#772;</abbr><expan>TAME<ex>N</ex></expan></choice>
     <lb xml:id="Folio35v.27" n="27"/>ID QUASI APPETERE <app><rdg wit="#CSEL40">ADPETERE</rdg></app> UIDEREMUR QUO <w part="I">FERA</w>
     <lb xml:id="Folio35v.28" n="28"/><w part="F">CIUS</w> ESSEMUS <choice><abbr>UBERIUSQ&#183;</abbr><expan>UBERIUSQ<ex>UE</ex></expan></choice> FRUCTUOSAE
     <lb xml:id="Folio35v.29" n="29"/>SI ESSEMUS LAPIDES AUT FLUCTUS AUT UENT<hi rend="ligature">US</hi>
     <lb xml:id="Folio35v.30" n="30"/>AUT FLAMMA UEL QUID HUIUS MODI SINE
    </ab> 
   </div>
   
      </body>
    </text>  
  
</TEI>
