<?xml version="1.0" encoding="UTF-8"?>
<?xml-model RNGSchema="http://www.stoa.org/epidoc/schema/latest/tei-epidoc.rng" type="xml"?>
<?xml-stylesheet type="text/xsl" href="msxxviii26.xsl"?>
<TEI xmlns="http://www.tei-c.org/ns/1.0">
 <teiHeader>
  <fileDesc>
   
   <titleStmt>
    <title ref="http://data.perseus.org/catalog/urn:cts:latinLit:stoa0040.stoa003" xml:id="edition">Contra Paganos De Civitate Dei: A Digital Edition of the Oldest Surviving Manuscript</title>
    <author ref="http://data.perseus.org/catalog/urn:cts:latinLit:stoa0040">Aurelius Augustinus</author>
    <editor>Greta Franzini</editor>
    <respStmt>
     <persName>Greta Franzini</persName>
     <resp>PhD student</resp>
    </respStmt>
    <respStmt>
     <persName>Melissa Terras</persName>
     <resp>First supervisor</resp>
    </respStmt>
    <respStmt>
     <persName>Simon Mahony</persName>
     <resp>Second supervisor</resp>
    </respStmt>
   </titleStmt>
   
   <editionStmt>
    <edition n="1">First digital edition</edition>
   </editionStmt>
   
   <publicationStmt>
    <authority>Greta Franzini</authority>
    <idno>Fol_07r-43r.xml</idno>
    <authority>UCL Centre for Digital Humanities</authority>
    <availability>
     <p>Available under a Creative Commons Attribution-ShareAlike International 4.0 License</p>
    </availability>
    <date>2014</date>
   </publicationStmt>
   
   <sourceDesc>
    <msDesc>
     <msIdentifier>
      <settlement>Verona</settlement>
      <repository>Biblioteca Capitolare</repository>
      <idno>MS XXVIII(26)</idno>
     </msIdentifier>
     
     <msContents>
      <msItem>
       <locus>f. 7r-43r</locus>
       <explicit>
        <locus>f. 43r</locus>
        <lb />AUGUSTINI EPISCOPI 
        <lb />CATHOLICI DE CIUITATE <choice><abbr>D&#772;I&#772;</abbr><expan>D<ex>E</ex>I</expan></choice> 
        <lb />CONTRA PAGANOS 
        <lb />LIBER &#183; XI &#183; EXPLICIT
       </explicit>
      </msItem>
     </msContents>
     
     <physDesc>
      <objectDesc form="codex">
       <supportDesc material="parchment">
        <support><p>Parchment</p></support>
        <extent>ff.253 <dimensions scope="all" type="leaf" unit="mm">
         <height>292</height>
         <width>190</width>
        </dimensions>
        </extent>
       </supportDesc>
       <layoutDesc>
        <layout columns="1"><p>In a single column</p></layout>
       </layoutDesc>
      </objectDesc>
      
      <bindingDesc>
       <binding contemporary="unknown">
        <p>Bound in <material>rigid parchment</material>, possibly in 18th
         century, and rebound using the same support in 1926.</p>
       </binding>
      </bindingDesc>
     </physDesc>
     
     <history>
      <origin>
       <p>Written in <origPlace>North Africa</origPlace> in the <origDate>early 5th century.</origDate>
       </p>
      </origin>
     </history>
    </msDesc>
   </sourceDesc>
  </fileDesc>
  <encodingDesc>
   <p>The following text was encoded in accordance with EpiDoc standards.</p>
  </encodingDesc>
  <profileDesc>
   <langUsage>
    <language ident="la">Latin</language>
   </langUsage>
  </profileDesc>
  
 </teiHeader>
    
 
 <text>
  
  <body>
   <head>
    <title xml:id="book">Liber XI</title>
   </head>
   
   <div n="Folio 37v" type="edition">
    <ab>
     <lb xml:id="Folio37v.1" n="1"/>SICUT <choice><abbr>QUORUMQ&#183;</abbr><expan>QUORUMQ<ex>UE</ex></expan></choice> IN TERRA <choice><abbr>GRADIENTIU &#772;</abbr><expan>GRADIENTIU<ex>M</ex></expan></choice>
     <lb xml:id="Folio37v.2" n="2"/><choice><abbr>ATQ&#183;</abbr><expan>ATQ<ex>UE</ex></expan></choice> <app><rdg wit="#CSEL40">ADQUE</rdg></app> REPENTIUM ET IPSIUS HOMINIS QUI
     <lb xml:id="Folio37v.3" n="3"/>CUNCTIS IN TERRA REBUS EXCELLERET
     <lb xml:id="Folio37v.4" n="4"/>OMNIA HAEC ALITER IN UERBO <choice><abbr>D&#772;I&#772;</abbr><expan>D<ex>E</ex>I</expan></choice>&#183; <w part="I">COGNOS</w>
     <lb xml:id="Folio37v.5" n="5"/><w part="F">CUNTUR</w> AB ANGELIS UBI HABENT CAUSAS
     <lb xml:id="Folio37v.6" n="6"/><choice><abbr>RATIONESQ&#183;</abbr><expan>RATIONESQ<ex>UE</ex></expan></choice> SUAS ID EST SECUNDUM QUAS
     <lb xml:id="Folio37v.7" n="7"/>FACTA SUNT INCOMMUTABILITER <w part="I">PERMA</w>
     <lb xml:id="Folio37v.8" n="8"/><w part="F">NENTES</w> ALITER IN SE IPSIS ILLA CLARIORE HAC
     <lb xml:id="Folio37v.9" n="9"/>OBSCURIORE COGNITIONE UELUT ARTIS
     <lb xml:id="Folio37v.10" n="10"/><choice><abbr>ATQ&#183;</abbr><expan>ATQ<ex>UE</ex></expan></choice> <app><rdg wit="#CSEL40">ADQUE</rdg></app> OPERUM QUAE TAMEN OPERA CUM
     <lb xml:id="Folio37v.11" n="11"/>AD IPSIUS CREATORIS LAUDEM <choice><abbr><w part="I">UENERA</w>
     <lb xml:id="Folio37v.12" n="12"/><w part="F">TIONEMQ&#183;</w></abbr><expan>UENERATIONEMQ<ex>UE</ex></expan></choice> REFERUNTUR TAMQUAM <w part="I">MA</w>
     <lb xml:id="Folio37v.13" n="13"/><w part="F">NE</w> LUCESCIT IN <choice><abbr>MENTIB&#183;</abbr><expan>MENTIB<ex>US</ex></expan></choice> <w part="I">CONTEMPLAN</w>
     <lb xml:id="Folio37v.14" n="14"/><w part="F">TIUM</w> <note type="scholion" subtype="chapter" n="30" place="margin">XXX</note> HAEC AUTEM PROPTER SENARII
     <lb xml:id="Folio37v.15" n="15"/>NUMERI PERFECTIONEM EODEM DIE
     <lb xml:id="Folio37v.16" n="16"/>SEXIENS REPETITO SEX <choice><abbr>DIEB&#183;</abbr><expan>DIEB<ex>US</ex></expan></choice> PERFECTA <w part="I">NAR</w>
     <lb xml:id="Folio37v.17" n="17"/><w part="F">RANTUR</w> NON QUIA <choice><abbr>D&#772;O&#772;</abbr><expan>D<ex>E</ex>O</expan></choice> FUERIT <w part="I">NECESSA</w>
     <lb xml:id="Folio37v.18" n="18"/><w part="F">RIA</w> MORA TEMPORUM QUASI QUI NON <w part="I">PO</w>
     <lb xml:id="Folio37v.19" n="19"/><w part="F">TUERIT</w> CREARE OMNIA <choice><abbr>SIMULQ&#183;</abbr><expan>SIMULQ<ex>UE</ex></expan></choice> <app><rdg wit="#CSEL40">SIMUL QUAE DEINCEPS</rdg></app> CONGR<hi rend="ligature">UI</hi>S
     <lb xml:id="Folio37v.20" n="20"/><choice><abbr>MOTIB&#183;</abbr><expan>MOTIB<ex>US</ex></expan></choice> PERGERENT <app><rdg wit="#CSEL40">PERAGERENT</rdg></app> TEMPORA SED QUIA
     <lb xml:id="Folio37v.21" n="21"/>PER SENARIUM NUMERUM EST <choice><abbr>OPERU &#772;</abbr><expan>OPERU<ex>M</ex></expan></choice>
     <lb xml:id="Folio37v.22" n="22"/><note type="scholion" place="margin">senarius <choice><abbr>nu&#772;m</abbr><expan>num<ex>erus</ex></expan></choice></note> SIGNIFICATA PERFECTIO; NUMERUS <w part="I">QUIP</w>
     <lb xml:id="Folio37v.23" n="23"/><w part="F">PE</w> SENARIUS PRIMUS COMPLETUR <app><rdg wit="#CSEL40">CONPLETUR</rdg></app> SUIS
     <lb xml:id="Folio37v.24" n="24"/><choice><abbr>PARTIB&#183;</abbr><expan>PARTIB<ex>US</ex></expan></choice> ID EST SEXTA SUI PARTE ET TERTIA ET
     <lb xml:id="Folio37v.25" n="25"/>DIMIDIA QUAE SUNT UNUM ET DUO ET TRIA
     <lb xml:id="Folio37v.26" n="26"/>QUAE IN SUMMUM <app><rdg wit="#CSEL40">SUMMAM</rdg></app> DUCTA SEX FIUNT
     <lb xml:id="Folio37v.27" n="27"/><note type="scholion" place="margin">de.... pars <!--illegible--></note> PARTES AUTEM IN HAC CONSIDERATIONE <w part="I">NU</w>
     <lb xml:id="Folio37v.28" n="28"/><w part="F">MERORUM</w> ILLAE INTELLEGENDAE SU<hi rend="ligature">NT</hi>
     <lb xml:id="Folio37v.29" n="29"/>QUAE QUOTAE SINT DICI POTEST SICUT <w part="I">DIMI</w>
     <lb xml:id="Folio37v.30" n="30"/><w part="F">DIA</w> TERTIA QUARTA ET DEINCEPS AB ALIQUO 
    </ab>   
   </div>
   
      </body>
    </text>  
  
</TEI>
