<?xml version="1.0" encoding="UTF-8"?>
<?xml-model RNGSchema="http://www.stoa.org/epidoc/schema/latest/tei-epidoc.rng" type="xml"?>
<?xml-stylesheet type="text/xsl" href="msxxviii26.xsl"?>
<TEI xmlns="http://www.tei-c.org/ns/1.0">
 <teiHeader>
  <fileDesc>
   
   <titleStmt>
    <title ref="http://data.perseus.org/catalog/urn:cts:latinLit:stoa0040.stoa003" xml:id="edition">Contra Paganos De Civitate Dei: A Digital Edition of the Oldest Surviving Manuscript</title>
    <author ref="http://data.perseus.org/catalog/urn:cts:latinLit:stoa0040">Aurelius Augustinus</author>
    <editor>Greta Franzini</editor>
    <respStmt>
     <persName>Greta Franzini</persName>
     <resp>PhD student</resp>
    </respStmt>
    <respStmt>
     <persName>Melissa Terras</persName>
     <resp>First supervisor</resp>
    </respStmt>
    <respStmt>
     <persName>Simon Mahony</persName>
     <resp>Second supervisor</resp>
    </respStmt>
   </titleStmt>
   
   <editionStmt>
    <edition n="1">First digital edition</edition>
   </editionStmt>
   
   <publicationStmt>
    <authority>Greta Franzini</authority>
    <idno>Fol_07r-43r.xml</idno>
    <authority>UCL Centre for Digital Humanities</authority>
    <availability>
     <p>Available under a Creative Commons Attribution-ShareAlike International 4.0 License</p>
    </availability>
    <date>2014</date>
   </publicationStmt>
   
   <sourceDesc>
    <msDesc>
     <msIdentifier>
      <settlement>Verona</settlement>
      <repository>Biblioteca Capitolare</repository>
      <idno>MS XXVIII(26)</idno>
     </msIdentifier>
     
     <msContents>
      <msItem>
       <locus>f. 7r-43r</locus>
       <explicit>
        <locus>f. 43r</locus>
        <lb />AUGUSTINI EPISCOPI 
        <lb />CATHOLICI DE CIUITATE <choice><abbr>D&#772;I&#772;</abbr><expan>D<ex>E</ex>I</expan></choice> 
        <lb />CONTRA PAGANOS 
        <lb />LIBER &#183; XI &#183; EXPLICIT
       </explicit>
      </msItem>
     </msContents>
     
     <physDesc>
      <objectDesc form="codex">
       <supportDesc material="parchment">
        <support><p>Parchment</p></support>
        <extent>ff.253 <dimensions scope="all" type="leaf" unit="mm">
         <height>292</height>
         <width>190</width>
        </dimensions>
        </extent>
       </supportDesc>
       <layoutDesc>
        <layout columns="1"><p>In a single column</p></layout>
       </layoutDesc>
      </objectDesc>
      
      <bindingDesc>
       <binding contemporary="unknown">
        <p>Bound in <material>rigid parchment</material>, possibly in 18th
         century, and rebound using the same support in 1926.</p>
       </binding>
      </bindingDesc>
     </physDesc>
     
     <history>
      <origin>
       <p>Written in <origPlace>North Africa</origPlace> in the <origDate>early 5th century.</origDate>
       </p>
      </origin>
     </history>
    </msDesc>
   </sourceDesc>
  </fileDesc>
  <encodingDesc>
   <p>The following text was encoded in accordance with EpiDoc standards.</p>
  </encodingDesc>
  <profileDesc>
   <langUsage>
    <language ident="la">Latin</language>
   </langUsage>
  </profileDesc>
  
 </teiHeader>
    
 
 <text>
  
  <body>
   <head>
    <title xml:id="book">Liber XI</title>
   </head>
   
   <div n="Folio 38r" type="edition">
    <ab>
     <lb xml:id="Folio38r.1" n="1"/>NUMERO DENOMINATAE <choice><abbr>NEQ&#183;</abbr><expan>NEQ<ex>UE</ex></expan></choice> <choice><abbr>ENI &#772;</abbr><expan>ENI<ex>M</ex></expan></choice> <note type="scholion" place="margin"><!--illegible--></note>
     <lb xml:id="Folio38r.2" n="2"/>EXEMPLI GRATIA QUIA IN NOUENARIO <w part="I">NU</w> 
     <lb xml:id="Folio38r.3" n="3"/><w part="F">MERO</w> QUATTUOR PARS ALIQUA EIUS EST IDEO
     <lb xml:id="Folio38r.4" n="4"/>DICI POTEST QUOTA EIUS SIT UNUM <choice><abbr>AUTE &#772;</abbr><expan>AUTE<ex>M</ex></expan></choice>
     <lb xml:id="Folio38r.5" n="5"/>POTEST NAM NONA EIUS EST ET TRIA POTEST
     <lb xml:id="Folio38r.6" n="6"/>NAM TERTIA EIUS E<del rend="erasure">IU</del>ST CONIUNCTAE
     <lb xml:id="Folio38r.7" n="7"/>UERO ISTAE DUAE PARTES EIUS NONA <w part="I">SCI</w>
     <lb xml:id="Folio38r.8" n="8"/><w part="F">LICET</w> <choice><abbr>ATQ&#183;</abbr><expan>ATQ<ex>UE</ex></expan></choice> <app><rdg wit="#CSEL40">ADQUE</rdg></app> TERTIA ID EST UNUM ET TRIA <choice><abbr><w part="I">LO &#772;</w>
     <lb xml:id="Folio38r.9" n="9"/><w part="F">GE</w></abbr><expan>LO<ex>N</ex>GE</expan></choice> SUNT A TOTA SUMMA EIUS QUOD EST
     <lb xml:id="Folio38r.10" n="10"/>NOUEM <choice><abbr>ITEMQ&#183;</abbr><expan>ITEMQ<ex>UE</ex></expan></choice> IN DENARIO <w part="I">QUATER</w> <note type="scholion" place="margin">denarius</note>
     <lb xml:id="Folio38r.11" n="11"/><w part="F">NARIUS</w> EST ALIQUA PARS EIUS SED QUOTA
     <lb xml:id="Folio38r.12" n="12"/>SIT DICI NON POTEST UNUM AUTEM POTEST
     <lb xml:id="Folio38r.13" n="13"/>NAM DECIMA PARS EIUS EST HABET ET <choice><abbr><w part="I">QUI &#772;</w>
     <lb xml:id="Folio38r.14" n="14"/><w part="F">TAM</w></abbr><expan>QUI<ex>N</ex>TAM</expan></choice> QUOD SUNT DUO HABET ET <choice><abbr>DIMIDIA &#772;</abbr><expan>DIMIDIA<ex>M</ex></expan></choice>
     <lb xml:id="Folio38r.15" n="15"/>QUOD SUNT QUINQUE SED HAE TRES <w part="I">PAR</w>
     <lb xml:id="Folio38r.16" n="16"/><w part="F">TES</w> EIUS DECIMA ET QUINTA ET DIMIDIA
     <lb xml:id="Folio38r.17" n="17"/>ID EST UNUM ET DUO ET QUINQUE SIMUL
     <lb xml:id="Folio38r.18" n="18"/>DUCTAE NON CONPLENT DECEM SUNT <choice><abbr>ENI &#772;</abbr><expan>ENI<ex>M</ex></expan></choice>
     <lb xml:id="Folio38r.19" n="19"/>OCTO<add>;</add> DUODENARI <app><rdg wit="#CSEL40">DUODENARII</rdg></app> UERO NUMERI PARTES <note type="scholion" place="margin">duodenarius</note>
     <lb xml:id="Folio38r.20" n="20"/>IN SUMMAM DUCTAE TRANSEUNT <choice><abbr>EU &#772;</abbr><expan>EU<ex>M</ex></expan></choice>
     <lb xml:id="Folio38r.21" n="21"/>HABET ENIM DUODECIMAM QUOD EST
     <lb xml:id="Folio38r.22" n="22"/>UNUM HABET SEXTAM QUAE SUNT <add place="above">DUO HABET</add> <w part="I">QUA<add place="left">R</add>T</w> <add place="right">TAM</add>
     <lb xml:id="Folio38r.23" n="23"/><add place="above">QUAE SUNT TRIA HABET TERTIAM QUAE SUNT <w part="I">QUAT</w></add> <w part="F">TUOR</w> HABET <app><rdg wit="#CSEL40">HABET ET</rdg></app> DIMIDIAM QUAE SUNT
     <lb xml:id="Folio38r.24" n="24"/>SEX UNUM AUTEM ET DUO ET TRIA ET <w part="I">QUAT</w>
     <lb xml:id="Folio38r.25" n="25"/><w part="F">TUOR</w> ET SEX NON DUODECUM SED AMPLI<hi rend="ligature">US</hi>
     <lb xml:id="Folio38r.26" n="26"/>ID EST SEDECIM FIUNT HOC BREUITER
     <lb xml:id="Folio38r.27" n="27"/>COMMEMORANDUM PUTAUI AD <w part="I">COM</w>
     <lb xml:id="Folio38r.28" n="28"/><w part="F">MENDANDAM</w> SENARI <app><rdg wit="#CSEL40">SENARII</rdg></app> NUMERI <w part="I">PER</w>
     <lb xml:id="Folio38r.29" n="29"/><w part="F">FECTIONEM</w> QUI PRIUS <app><rdg wit="#CSEL40">PRIMUS</rdg></app> UT DIXI <choice><abbr>PARTIB&#183;</abbr><expan>PARTIB<ex>US</ex></expan></choice>
     <lb xml:id="Folio38r.30" n="30"/>SUIS IN SUMMAM REDACTIS IPSE <w part="I">PERFI</w>
    </ab>  
   </div>
   
      </body>
    </text>  
  
</TEI>
