<?xml version="1.0" encoding="UTF-8"?>
<?xml-model RNGSchema="http://www.stoa.org/epidoc/schema/latest/tei-epidoc.rng" type="xml"?>
<?xml-stylesheet type="text/xsl" href="msxxviii26.xsl"?>
<TEI xmlns="http://www.tei-c.org/ns/1.0">
 <teiHeader>
  <fileDesc>
   
   <titleStmt>
    <title ref="http://data.perseus.org/catalog/urn:cts:latinLit:stoa0040.stoa003" xml:id="edition">Contra Paganos De Civitate Dei: A Digital Edition of the Oldest Surviving Manuscript</title>
    <author ref="http://data.perseus.org/catalog/urn:cts:latinLit:stoa0040">Aurelius Augustinus</author>
    <editor>Greta Franzini</editor>
    <respStmt>
     <persName>Greta Franzini</persName>
     <resp>PhD student</resp>
    </respStmt>
    <respStmt>
     <persName>Melissa Terras</persName>
     <resp>First supervisor</resp>
    </respStmt>
    <respStmt>
     <persName>Simon Mahony</persName>
     <resp>Second supervisor</resp>
    </respStmt>
   </titleStmt>
   
   <editionStmt>
    <edition n="1">First digital edition</edition>
   </editionStmt>
   
   <publicationStmt>
    <authority>Greta Franzini</authority>
    <idno>Fol_07r-43r.xml</idno>
    <authority>UCL Centre for Digital Humanities</authority>
    <availability>
     <p>Available under a Creative Commons Attribution-ShareAlike International 4.0 License</p>
    </availability>
    <date>2014</date>
   </publicationStmt>
   
   <sourceDesc>
    <msDesc>
     <msIdentifier>
      <settlement>Verona</settlement>
      <repository>Biblioteca Capitolare</repository>
      <idno>MS XXVIII(26)</idno>
     </msIdentifier>
     
     <msContents>
      <msItem>
       <locus>f. 7r-43r</locus>
       <explicit>
        <locus>f. 43r</locus>
        <lb />AUGUSTINI EPISCOPI 
        <lb />CATHOLICI DE CIUITATE <choice><abbr>D&#772;I&#772;</abbr><expan>D<ex>E</ex>I</expan></choice> 
        <lb />CONTRA PAGANOS 
        <lb />LIBER &#183; XI &#183; EXPLICIT
       </explicit>
      </msItem>
     </msContents>
     
     <physDesc>
      <objectDesc form="codex">
       <supportDesc material="parchment">
        <support><p>Parchment</p></support>
        <extent>ff.253 <dimensions scope="all" type="leaf" unit="mm">
         <height>292</height>
         <width>190</width>
        </dimensions>
        </extent>
       </supportDesc>
       <layoutDesc>
        <layout columns="1"><p>In a single column</p></layout>
       </layoutDesc>
      </objectDesc>
      
      <bindingDesc>
       <binding contemporary="unknown">
        <p>Bound in <material>rigid parchment</material>, possibly in 18th
         century, and rebound using the same support in 1926.</p>
       </binding>
      </bindingDesc>
     </physDesc>
     
     <history>
      <origin>
       <p>Written in <origPlace>North Africa</origPlace> in the <origDate>early 5th century.</origDate>
       </p>
      </origin>
     </history>
    </msDesc>
   </sourceDesc>
  </fileDesc>
  <encodingDesc>
   <p>The following text was encoded in accordance with EpiDoc standards.</p>
  </encodingDesc>
  <profileDesc>
   <langUsage>
    <language ident="la">Latin</language>
   </langUsage>
  </profileDesc>
  
 </teiHeader>
    
 
 <text>
  
  <body>
   <head>
    <title xml:id="book">Liber XI</title>
   </head>
   
   <div n="Folio 38v" type="edition">
    <ab>
     <note type="scholion" place="top"><choice><abbr>L&#772;I&#772;B&#772;</abbr><expan>LIB<ex>ER</ex></expan></choice> X&#772;I&#772;</note>
     <lb xml:id="Folio38v.1" n="1"/><w part="F">CITUR</w> IN QUO PERFICIT <choice><abbr>D&#772;S&#772;</abbr><expan>D<ex>EU</ex>S</expan></choice>&#183; OPERA SUA
     <lb xml:id="Folio38v.2" n="2"/>UNDE RATIO NUMERI CONTEMNENDA
     <lb xml:id="Folio38v.3" n="3"/>NON EST QUAE IN MULTIS SANCTARUM <w part="I">SCRIB</w>
     <lb xml:id="Folio38v.4" n="4"/><w part="F">TURARUM</w> <app><rdg wit="#CSEL40">SCRIPTURARUM</rdg></app> LOCUS <app><rdg wit="#CSEL40">LOCIS</rdg></app> QUAM MAGNI <w part="I">AESTIMAN</w>
     <lb xml:id="Folio38v.5" n="5"/><w part="F">DA</w> SIT ELUCET DILIGENTER INTUENTIBUS
     <lb xml:id="Folio38v.6" n="6"/>NEC FRUSTRA IN <choice><abbr>LAUDIB&#183;</abbr><expan>LAUDIB<ex>US</ex></expan></choice> <choice><abbr>D&#772;I&#772;</abbr><expan>D<ex>E</ex>I</expan></choice>&#183; DICTUM EST <choice><abbr><w part="I">O &#772;</w>
     <lb xml:id="Folio38v.7" n="7"/><w part="F">NIA</w></abbr><expan>O<ex>M</ex>NIA</expan></choice> IN MENSURA ET NUMERO ET <w part="I">PONDE</w>
     <lb xml:id="Folio38v.8" n="8"/><note type="scholion" subtype="chapter" place="margin" n="3">XXXI</note> <w part="F">RE</w> DISPOSUISTI <app><rdg wit="#CSEL40">DEPOSUISTI</rdg></app> IN SEPTIMO AUTEM DIE
     <lb xml:id="Folio38v.9" n="9"/>ID EST EODEM <del rend="strikethrough">I</del> DIE SEPTIENS REPETITO QUI
     <lb xml:id="Folio38v.10" n="10"/>NUMERUS ETIAM IPSE ALIA RATIONE <w part="I">PER</w>
     <lb xml:id="Folio38v.11" n="11"/><w part="F">FECTUS</w> EST <choice><abbr>D&#772;I&#772;</abbr><expan>D<ex>E</ex>I</expan></choice>&#183; REQUIES COMMENDATUR
     <lb xml:id="Folio38v.12" n="12"/>IN QUA PRIMUM SANCTIFICATIO SONAT
     <lb xml:id="Folio38v.13" n="13"/><supplied reason="lost">ITA D</supplied>EUS NOLUIT ISTUM DIEM IN ULLIS SUIS
     <lb xml:id="Folio38v.14" n="14"/><supplied reason="lost"><choice><abbr>OPERIB&#183;</abbr><expan>OPERIB<ex>US</ex></expan></choice></supplied> SANCTIFICARE SED IN REQUIE SUA
     <lb xml:id="Folio38v.15" n="15"/>QUAE NON HABET UESPERAM NEQUE <choice><abbr>ENI &#772;</abbr><expan>ENI<ex>M</ex></expan></choice>
     <lb xml:id="Folio38v.16" n="16"/>ULLA CREATURA EST UT ETIAM IPSA <app><rdg wit="#CSEL40">IPSE</rdg></app> ALITER
     <lb xml:id="Folio38v.17" n="17"/>IN <choice><abbr>D&#772;I&#772;</abbr><expan>D<ex>E</ex>I</expan></choice>&#183; UERBO ALITER IN SE COGNITA FACIAT
     <lb xml:id="Folio38v.18" n="18"/>ALIAM UELUT DIURNAM ALIAM UELUT <w part="I">UES</w>
     <lb xml:id="Folio38v.19" n="19"/><w part="F">PERTINAM</w> NOTITIAM DE SEPTENARII <w part="I">POR</w>
     <lb xml:id="Folio38v.20" n="20"/><w part="F">RO</w> NUMERI PERFECTIONE DICI QUIDEM
     <lb xml:id="Folio38v.21" n="21"/>PLURA POSSUNT SED ET <choice><sic>LIBERIS ETIAM</sic><corr>LIBERIS<add place="above">T</add> E<del rend="strikethrough">T</del>IAM</corr></choice>
     <lb xml:id="Folio38v.22" n="22"/>PROLIXUS EST ET UEREOR&#183; NE OCCASIONE
     <lb xml:id="Folio38v.23" n="23"/>CONPERTA SCIENTIOLAM NOSTRAM <w part="I">LEUI</w>
     <lb xml:id="Folio38v.24" n="24"/><w part="F">TER</w> MAGIS QUAM UTLITER IACTARE UELLE
     <lb xml:id="Folio38v.25" n="25"/>UIDEAMUR HABENDA EST <choice><abbr>ITAQ&#183;</abbr><expan>ITAQ<ex>UE</ex></expan></choice> RATIO <w part="I">MO</w>
     <lb xml:id="Folio38v.26" n="26"/><w part="F">DERATIONIS</w> <choice><abbr>ATQ&#183;</abbr><expan>ATQ<ex>UE</ex></expan></choice> <app><rdg wit="#CSEL40">ADQUE</rdg></app> GRAUITATIS NE FORTE <choice><abbr>CU &#772;</abbr><expan>CU<ex>M</ex></expan></choice>
     <lb xml:id="Folio38v.27" n="27"/>DE NUMERO MULTUM LOQUIMUR <w part="I">MEN</w>
     <lb xml:id="Folio38v.28" n="28"/><w part="F">SURAM</w> ET PONDUS NEGLEGERE IUDICEM<hi rend="ligature">UR</hi>
     <lb xml:id="Folio38v.29" n="29"/>HOC ITAQUE <add place="above">SATIS</add> SIT AMMONERE <app><rdg wit="#CSEL40">ADMONERE</rdg></app> QUOD TOTUS
     <lb xml:id="Folio38v.30" n="30"/><note type="scholion" place="margin">par <choice><abbr>nu&#772;m&#772;</abbr><expan>num<ex>erus</ex></expan></choice></note> IMPAR <app><rdg wit="#CSEL40">INPAR PRIMUS</rdg></app> NUMERUS TERNARIUS EST TOT<hi rend="ligature">US</hi>
     <note type="scholion" place="bottom"><choice><abbr>q&#42841;&#772;</abbr><expan>q<ex>uaternio</ex></expan></choice> II&#772;I&#772;I</note>
    </ab>  
   </div>
   
      </body>
    </text>  
  
</TEI>
