<?xml version="1.0" encoding="UTF-8"?>
<?xml-model RNGSchema="http://www.stoa.org/epidoc/schema/latest/tei-epidoc.rng" type="xml"?>
<?xml-stylesheet type="text/xsl" href="msxxviii26.xsl"?>
<TEI xmlns="http://www.tei-c.org/ns/1.0">
 <teiHeader>
  <fileDesc>
   
   <titleStmt>
    <title ref="http://data.perseus.org/catalog/urn:cts:latinLit:stoa0040.stoa003" xml:id="edition">Contra Paganos De Civitate Dei: A Digital Edition of the Oldest Surviving Manuscript</title>
    <author ref="http://data.perseus.org/catalog/urn:cts:latinLit:stoa0040">Aurelius Augustinus</author>
    <editor>Greta Franzini</editor>
    <respStmt>
     <persName>Greta Franzini</persName>
     <resp>PhD student</resp>
    </respStmt>
    <respStmt>
     <persName>Melissa Terras</persName>
     <resp>First supervisor</resp>
    </respStmt>
    <respStmt>
     <persName>Simon Mahony</persName>
     <resp>Second supervisor</resp>
    </respStmt>
   </titleStmt>
   
   <editionStmt>
    <edition n="1">First digital edition</edition>
   </editionStmt>
   
   <publicationStmt>
    <authority>Greta Franzini</authority>
    <idno>Fol_07r-43r.xml</idno>
    <authority>UCL Centre for Digital Humanities</authority>
    <availability>
     <p>Available under a Creative Commons Attribution-ShareAlike International 4.0 License</p>
    </availability>
    <date>2014</date>
   </publicationStmt>
   
   <sourceDesc>
    <msDesc>
     <msIdentifier>
      <settlement>Verona</settlement>
      <repository>Biblioteca Capitolare</repository>
      <idno>MS XXVIII(26)</idno>
     </msIdentifier>
     
     <msContents>
      <msItem>
       <locus>f. 7r-43r</locus>
       <explicit>
        <locus>f. 43r</locus>
        <lb />AUGUSTINI EPISCOPI 
        <lb />CATHOLICI DE CIUITATE <choice><abbr>D&#772;I&#772;</abbr><expan>D<ex>E</ex>I</expan></choice> 
        <lb />CONTRA PAGANOS 
        <lb />LIBER &#183; XI &#183; EXPLICIT
       </explicit>
      </msItem>
     </msContents>
     
     <physDesc>
      <objectDesc form="codex">
       <supportDesc material="parchment">
        <support><p>Parchment</p></support>
        <extent>ff.253 <dimensions scope="all" type="leaf" unit="mm">
         <height>292</height>
         <width>190</width>
        </dimensions>
        </extent>
       </supportDesc>
       <layoutDesc>
        <layout columns="1"><p>In a single column</p></layout>
       </layoutDesc>
      </objectDesc>
      
      <bindingDesc>
       <binding contemporary="unknown">
        <p>Bound in <material>rigid parchment</material>, possibly in 18th
         century, and rebound using the same support in 1926.</p>
       </binding>
      </bindingDesc>
     </physDesc>
     
     <history>
      <origin>
       <p>Written in <origPlace>North Africa</origPlace> in the <origDate>early 5th century.</origDate>
       </p>
      </origin>
     </history>
    </msDesc>
   </sourceDesc>
  </fileDesc>
  <encodingDesc>
   <p>The following text was encoded in accordance with EpiDoc standards.</p>
  </encodingDesc>
  <profileDesc>
   <langUsage>
    <language ident="la">Latin</language>
   </langUsage>
  </profileDesc>
  
 </teiHeader>
    
 
 <text>
  
  <body>
   <head>
    <title xml:id="book">Liber XI</title>
   </head>
   
   <div n="Folio 39r" type="edition">
    <ab>
     <note type="scholion" place="top"><choice><abbr>L&#772;I&#772;B&#772;</abbr><expan>LIB<ex>ER</ex></expan></choice> X&#772;I&#772;</note>
     <lb xml:id="Folio39r.1" n="1"/>PAR QUATERNARIUS EX <choice><abbr>QUIB&#183;</abbr><expan>QUIB<ex>US</ex></expan></choice> <choice><abbr>DUOB&#183;</abbr><expan>DUOB<ex>US</ex></expan></choice> <note type="scholion" place="margin">par nu&#772;m</note>
     <lb xml:id="Folio39r.2" n="2"/>SEPTENARIUS CONSTAT IDEO PRO <choice><sic><w part="I">UNI</w>
     <lb xml:id="Folio39r.3" n="3"/><w part="F">UERS<del rend="strikethrough">A</del></w></sic><corr>UNIUERS<add place="above">O</add></corr></choice> SAEPE PONITUR SICUT <app><rdg wit="#CSEL40">SICUTI</rdg></app> EST <w part="I">SEPTI</w>
     <lb xml:id="Folio39r.4" n="4"/><w part="F">ENS</w> CADIT <app><rdg wit="#CSEL40">CADET</rdg></app> IUSTUS ET RESURGET ID EST <note type="scholion" place="margin">: <choice><abbr>R&#772;</abbr><expan>R<ex>equire</ex></expan></choice></note>
     <lb xml:id="Folio39r.5" n="5"/><choice><abbr>QUOTIENSCUMQ&#183;</abbr><expan>QUOTIENSCUMQ<ex>UE</ex></expan></choice> CAECIDERIT <app><rdg wit="#CSEL40">CECIDERIT</rdg></app> NON <w part="I">PE</w>
     <lb xml:id="Folio39r.6" n="6"/><w part="F">RIBIT</w> QUOD NON DE <choice><abbr>INIQUITATIB&#183;</abbr><expan>INIQUITATIB<ex>US</ex></expan></choice> SED
     <lb xml:id="Folio39r.7" n="7"/>DE <choice><abbr>TRIBULATIONIB&#183;</abbr><expan>TRIBULATIONIB<ex>US</ex></expan></choice> AD HUMILITATEM <w part="I">PER</w>
     <lb xml:id="Folio39r.8" n="8"/><choice><abbr><w part="F">DUCENTIB&#183;</w></abbr><expan>DUCENTIB<ex>US</ex></expan></choice> INTELLEGI UOLUIT; ET SEPTIENS
     <lb xml:id="Folio39r.9" n="9"/>IN DIE LAUDABO TE; QUOD ALIBI ALIO MODO
     <lb xml:id="Folio39r.10" n="10"/>DICTUM EST SEMPER LAUS EIUS IN ORE MEO
     <lb xml:id="Folio39r.11" n="11"/>ET MULTA HUIUS MODI IN DIUINIS <choice><abbr><w part="I">AUC</w>
     <lb xml:id="Folio39r.12" n="12"/><w part="F">TORITATIB&#183;</w></abbr><expan>AUCTORITATIB<ex>US</ex></expan></choice> REPPERIUNTUR <app><rdg wit="#CSEL40">REPERIUNTUR</rdg></app> IN QUIBUS
     <lb xml:id="Folio39r.13" n="13"/>SEPTENARIUS NUMERUS <add place="above">UT</add> DIXI PRO <w part="I">CUI<hi rend="ligature">US</hi></w>
     <lb xml:id="Folio39r.14" n="14"/><w part="F">QUE</w> REI UNIUERSITATE PONI SOLET 
     <lb xml:id="Folio39r.15" n="15"/>PROPTER HOC EODEM <sic>SEPE</sic> <app><rdg wit="#CSEL40">SAEPE</rdg></app> NUMERO <w part="I">SIG</w>
     <lb xml:id="Folio39r.16" n="16"/><w part="F">NIFICATUR</w> <choice><abbr>S&#772;P&#772;S&#772;</abbr><expan>SP<ex>IRITU</ex>S</expan></choice> <choice><abbr>S&#772;C&#772;S&#772;</abbr><expan>S<ex>AN</ex>C<ex>TU</ex>S</expan></choice> DE QUO <choice><abbr>D&#772;N&#772;S&#772;</abbr><expan>D<ex>OMI</ex>N<ex>U</ex>S</expan></choice> AIT <w part="I">DOCE</w>
     <lb xml:id="Folio39r.17" n="17"/><w part="F">BIT</w> UOS OMNEM UERITATEM IBI <w part="I">REQUI</w>
     <lb xml:id="Folio39r.18" n="18"/><w part="F">ES</w> <choice><abbr>D&#772;I&#772;</abbr><expan>D<ex>E</ex>I</expan></choice> QUA REQUIESCITUR IN <choice><abbr>D&#772;O&#772;</abbr><expan>D<ex>E</ex>O</expan></choice>; IN <choice><sic>TOT<del rend="strikethrough">A</del></sic><corr>TOT<add place="above">O</add></corr></choice> <note type="scholion" place="margin"><choice><abbr>R&#772;</abbr><expan>R<ex>equire</ex></expan></choice></note>
     <lb xml:id="Folio39r.19" n="19"/>QUIPPE ID EST IN PLENA PERFECTIONE
     <lb xml:id="Folio39r.20" n="20"/>REQUIES IN PARTE AUTEM LABOR IDEO
     <lb xml:id="Folio39r.21" n="21"/>LABORAMUS QUAMDIU EX PARTE SCIM<hi rend="ligature">US</hi>
     <lb xml:id="Folio39r.22" n="22"/>SED CUM UENERIT QUOD PERFECTUM
     <lb xml:id="Folio39r.23" n="23"/>EST QUOD EX PARTE EST EUACUABITUR
     <lb xml:id="Folio39r.24" n="24"/>HINC EST QUOD ETIAM SCRIBTURAS <app><rdg wit="#CSEL40">SCRIPTURAS</rdg></app> ISTAS
     <lb xml:id="Folio39r.25" n="25"/>CUM LABORE <choice><sic>RIMAMU<del rend="strikethrough">S</del></sic><corr>RIMAMU<add place="above">R</add></corr></choice> <choice><abbr>S&#772;C&#772;I&#772;</abbr><expan>S<ex>AN</ex>C<ex>T</ex>I</expan></choice> UERO <w part="I">AN</w>
     <lb xml:id="Folio39r.26" n="26"/><w part="F">GELI</w> QUORUM SOCIETATI ET <w part="I">CONGRE</w>
     <lb xml:id="Folio39r.27" n="27"/><w part="F">GATIONI</w> IN HAC PEREGRINATIONE <w part="I">LABO</w>
     <lb xml:id="Folio39r.28" n="28"/><w part="F">RIOSISSIMA</w> SUSPIRAMUS SICUT HABENT
     <lb xml:id="Folio39r.29" n="29"/>PERMANENDI AETERNITATEM ITA <w part="I">COG</w>
     <lb xml:id="Folio39r.30" n="30"/><w part="F">NOSCENDI</w> FACILITATEM ET <w part="I">REQUIESCEN</w>
    </ab>   
   </div>
   
      </body>
    </text>  
  
</TEI>
