<?xml version="1.0" encoding="UTF-8"?>
<?xml-model RNGSchema="http://www.stoa.org/epidoc/schema/latest/tei-epidoc.rng" type="xml"?>
<?xml-stylesheet type="text/xsl" href="msxxviii26.xsl"?>
<TEI xmlns="http://www.tei-c.org/ns/1.0">
 <teiHeader>
  <fileDesc>
   
   <titleStmt>
    <title ref="http://data.perseus.org/catalog/urn:cts:latinLit:stoa0040.stoa003" xml:id="edition">Contra Paganos De Civitate Dei: A Digital Edition of the Oldest Surviving Manuscript</title>
    <author ref="http://data.perseus.org/catalog/urn:cts:latinLit:stoa0040">Aurelius Augustinus</author>
    <editor>Greta Franzini</editor>
    <respStmt>
     <persName>Greta Franzini</persName>
     <resp>PhD student</resp>
    </respStmt>
    <respStmt>
     <persName>Melissa Terras</persName>
     <resp>First supervisor</resp>
    </respStmt>
    <respStmt>
     <persName>Simon Mahony</persName>
     <resp>Second supervisor</resp>
    </respStmt>
   </titleStmt>
   
   <editionStmt>
    <edition n="1">First digital edition</edition>
   </editionStmt>
   
   <publicationStmt>
    <authority>Greta Franzini</authority>
    <idno>Fol_07r-43r.xml</idno>
    <authority>UCL Centre for Digital Humanities</authority>
    <availability>
     <p>Available under a Creative Commons Attribution-ShareAlike International 4.0 License</p>
    </availability>
    <date>2014</date>
   </publicationStmt>
   
   <sourceDesc>
    <msDesc>
     <msIdentifier>
      <settlement>Verona</settlement>
      <repository>Biblioteca Capitolare</repository>
      <idno>MS XXVIII(26)</idno>
     </msIdentifier>
     
     <msContents>
      <msItem>
       <locus>f. 7r-43r</locus>
       <explicit>
        <locus>f. 43r</locus>
        <lb />AUGUSTINI EPISCOPI 
        <lb />CATHOLICI DE CIUITATE <choice><abbr>D&#772;I&#772;</abbr><expan>D<ex>E</ex>I</expan></choice> 
        <lb />CONTRA PAGANOS 
        <lb />LIBER &#183; XI &#183; EXPLICIT
       </explicit>
      </msItem>
     </msContents>
     
     <physDesc>
      <objectDesc form="codex">
       <supportDesc material="parchment">
        <support><p>Parchment</p></support>
        <extent>ff.253 <dimensions scope="all" type="leaf" unit="mm">
         <height>292</height>
         <width>190</width>
        </dimensions>
        </extent>
       </supportDesc>
       <layoutDesc>
        <layout columns="1"><p>In a single column</p></layout>
       </layoutDesc>
      </objectDesc>
      
      <bindingDesc>
       <binding contemporary="unknown">
        <p>Bound in <material>rigid parchment</material>, possibly in 18th
         century, and rebound using the same support in 1926.</p>
       </binding>
      </bindingDesc>
     </physDesc>
     
     <history>
      <origin>
       <p>Written in <origPlace>North Africa</origPlace> in the <origDate>early 5th century.</origDate>
       </p>
      </origin>
     </history>
    </msDesc>
   </sourceDesc>
  </fileDesc>
  <encodingDesc>
   <p>The following text was encoded in accordance with EpiDoc standards.</p>
  </encodingDesc>
  <profileDesc>
   <langUsage>
    <language ident="la">Latin</language>
   </langUsage>
  </profileDesc>
  
 </teiHeader>
    
 
 <text>
  
  <body>
   <head>
    <title xml:id="book">Liber XI</title>
   </head>
   
   <div n="Folio 39v" type="edition">
    <ab>
     <lb xml:id="Folio39v.1" n="1"/><w part="F">DI</w> FELICITATEM SINE DIFFICULTATE <w part="I">QUIP</w>
     <lb xml:id="Folio39v.2" n="2"/><w part="F">PE</w> NOS ADIUUANT QUONIAM <choice><abbr>SPIRITALIB&#183;</abbr><expan>SPIRITALIB<ex>US</ex></expan></choice>
     <lb xml:id="Folio39v.3" n="3"/><note type="scholion" place="margin"><choice><abbr>qd&#772;</abbr><expan>q<ex>uo</ex>d</expan></choice> angeli prius fasti <!--?--> su<hi rend="ligature">nt</hi></note> <choice><abbr>MOTIB&#183;</abbr><expan>MORIB<ex>US</ex></expan></choice> PURIS ET LIBERIS NON LABORANT;
     <lb xml:id="Folio39v.4" n="4"/><note type="scholion" place="margin" subtype="chapter" n="32">XXXII</note> NE QUIS AUTEM CONTENDAT ET DICAT NON
     <lb xml:id="Folio39v.5" n="5"/>SANCTOS ANGELOS ESSE SIGNIFICATOS IN EO
     <lb xml:id="Folio39v.6" n="6"/>QUOD SCRIBTUM <app><rdg wit="#CSEL40">SCRIPTUM</rdg></app> EST FIAT LUX ET FACTA EST
     <lb xml:id="Folio39v.7" n="7"/>LUX SED QUAMLIBET LUCEM TUNC <choice><abbr>PRIMU &#772;</abbr><expan>PRIMU<ex>M</ex></expan></choice>
     <lb xml:id="Folio39v.8" n="8"/>FACTAM ESSE CORPOREAM AUT OPINETUR
     <lb xml:id="Folio39v.9" n="9"/>AUT DOCEAT &#8278; ANGELOS AUTEM PRIUS ESSE
     <lb xml:id="Folio39v.10" n="10"/>FACTOS NON TANTUM ANTE <choice><abbr>FIRMAMENTU &#772;</abbr><expan>FIRMAMENTU<ex>M</ex></expan></choice>
     <lb xml:id="Folio39v.11" n="11"/>QUOD INTER AQUAS ET AQUAS FACTUM <w part="I">AP</w>
     <lb xml:id="Folio39v.12" n="12"/><w part="F">PELLATUM</w> EST CAELUM SED ANTE ILLUD DE
     <lb xml:id="Folio39v.13" n="13"/><note type="scholion" place="margin"><choice><abbr>R&#772;</abbr><expan>R<ex>equire</ex></expan></choice>: in principio <choice><abbr>qd&#772;</abbr><expan>q<ex>uo</ex>d</expan></choice> <!--est?--> <choice><abbr>uerb &#772;<expan>uerb<ex>um</ex></expan></abbr></choice></note> QUO DICTUM EST IN PRINCIPIO FECIT <choice><abbr>D&#772;S&#772;</abbr><expan>D<ex>EU</ex>S</expan></choice> <w part="I">CAE</w>
     <lb xml:id="Folio39v.14" n="14"/><w part="F">LUM</w> ET TERRAM <choice><abbr>ADQ&#183;</abbr><expan>ADQ<ex>UE</ex></expan></choice> ILLUD QUOD DICTUM
     <lb xml:id="Folio39v.15" n="15"/>EST IN PRINCIPIO NON ITA DICTUM <choice><abbr>TAMQUA &#772;</abbr><expan>TAMQUA<ex>M</ex></expan></choice>
     <lb xml:id="Folio39v.16" n="16"/>PRIMUM HOC FACTUM SIT CUM ANTE <w part="I">FECE</w>
     <lb xml:id="Folio39v.17" n="17"/><w part="F">RIT</w> ANGELOS SED QUIA OMNIA IN <w part="I">SAPIEN</w>
     <lb xml:id="Folio39v.18" n="18"/><w part="F">TIA</w> FECIT QUOD EST UERBUM EIUS ET <choice><abbr>IPSU &#772;</abbr><expan>IPSU<ex>M</ex></expan></choice>
     <lb xml:id="Folio39v.19" n="19"/>SCRIBTURA <app><rdg wit="#CSEL40">SCRIPTURA</rdg></app> PRINCIPIUM NOMINAUIT SICUT
     <lb xml:id="Folio39v.20" n="20"/>IPSE IN EUANGELIO IUDAEIS <choice><abbr>QUAERENTIB&#183;</abbr><expan>QUAERENTIB<ex>US</ex></expan></choice>
     <lb xml:id="Folio39v.21" n="21"/>QUI<add place="above">S</add> ESSET RESPONDIT SE ESSE <choice><abbr>PRINCIPIU &#772;</abbr><expan>PRINCIPIU<ex>M</ex></expan></choice>
     <lb xml:id="Folio39v.22" n="22"/>NON E CONTRARIO REFERAM <w part="I">CONTENTIO</w>
     <lb xml:id="Folio39v.23" n="23"/><w part="F">NEM</w> MAXIME QUIA HOC ME DELECTAT <w part="I">PLU</w>
     <lb xml:id="Folio39v.24" n="24"/><note type="scholion" place="margin"><choice><abbr>qd&#772;</abbr><expan>q<ex>uo</ex>d</expan></choice> in genesis trinitas <choice><abbr>com&#772;dat<!--missing squiggle--></abbr><expan>com<ex>men</ex>dat<ex>ur</ex></expan></choice></note> <w part="F">RIMUM</w> QUOD ETIAM N SUMMO EXORDIO
     <lb xml:id="Folio39v.25" n="25"/><choice><abbr>S&#772;C&#772;I&#772;</abbr><expan>S<ex>AN</ex>C<ex>T</ex>I</expan></choice> LIBRI GENESEOS TRINITAS <w part="I">COMMENDA</w>
     <lb xml:id="Folio39v.26" n="26"/><w part="F">TUR</w> &#183; CUM ENIM ITA DICITUR IN PRINCIPIO
     <lb xml:id="Folio39v.27" n="27"/>FECIT <choice><abbr>D&#772;S&#772;</abbr><expan>D<ex>EU</ex>S</expan></choice>&#183; CAELUM ET TERRAM UT PATER <w part="I">FECIS</w>
     <lb xml:id="Folio39v.28" n="28"/><w part="F">SE</w> INTELLEGATUR IN FILIO SICUT ATTESTATUR <app><rdg wit="#CSEL40">ADTESTATUR</rdg></app>
     <lb xml:id="Folio39v.29" n="29"/>PSALMUS UBI LEGITUR; QUAM <w part="I">MAGNIFICA</w>
     <lb xml:id="Folio39v.30" n="30"/><w part="F">TA</w> SUNT OPERA TUA <choice><abbr>D&#772;N&#772;E&#772;</abbr><expan>D<ex>OMI</ex>NE</expan></choice> OMNIA IN <w part="I">SAPIEN</w>
    </ab>    
   </div>
   
      </body>
    </text>  
  
</TEI>
