<?xml version="1.0" encoding="UTF-8"?>
<?xml-model RNGSchema="http://www.stoa.org/epidoc/schema/latest/tei-epidoc.rng" type="xml"?>
<?xml-stylesheet type="text/xsl" href="msxxviii26.xsl"?>
<TEI xmlns="http://www.tei-c.org/ns/1.0">
 <teiHeader>
  <fileDesc>
   
   <titleStmt>
    <title ref="http://data.perseus.org/catalog/urn:cts:latinLit:stoa0040.stoa003" xml:id="edition">Contra Paganos De Civitate Dei: A Digital Edition of the Oldest Surviving Manuscript</title>
    <author ref="http://data.perseus.org/catalog/urn:cts:latinLit:stoa0040">Aurelius Augustinus</author>
    <editor>Greta Franzini</editor>
    <respStmt>
     <persName>Greta Franzini</persName>
     <resp>PhD student</resp>
    </respStmt>
    <respStmt>
     <persName>Melissa Terras</persName>
     <resp>First supervisor</resp>
    </respStmt>
    <respStmt>
     <persName>Simon Mahony</persName>
     <resp>Second supervisor</resp>
    </respStmt>
   </titleStmt>
   
   <editionStmt>
    <edition n="1">First digital edition</edition>
   </editionStmt>
   
   <publicationStmt>
    <authority>Greta Franzini</authority>
    <idno>Fol_07r-43r.xml</idno>
    <authority>UCL Centre for Digital Humanities</authority>
    <availability>
     <p>Available under a Creative Commons Attribution-ShareAlike International 4.0 License</p>
    </availability>
    <date>2014</date>
   </publicationStmt>
   
   <sourceDesc>
    <msDesc>
     <msIdentifier>
      <settlement>Verona</settlement>
      <repository>Biblioteca Capitolare</repository>
      <idno>MS XXVIII(26)</idno>
     </msIdentifier>
     
     <msContents>
      <msItem>
       <locus>f. 7r-43r</locus>
       <explicit>
        <locus>f. 43r</locus>
        <lb />AUGUSTINI EPISCOPI 
        <lb />CATHOLICI DE CIUITATE <choice><abbr>D&#772;I&#772;</abbr><expan>D<ex>E</ex>I</expan></choice> 
        <lb />CONTRA PAGANOS 
        <lb />LIBER &#183; XI &#183; EXPLICIT
       </explicit>
      </msItem>
     </msContents>
     
     <physDesc>
      <objectDesc form="codex">
       <supportDesc material="parchment">
        <support><p>Parchment</p></support>
        <extent>ff.253 <dimensions scope="all" type="leaf" unit="mm">
         <height>292</height>
         <width>190</width>
        </dimensions>
        </extent>
       </supportDesc>
       <layoutDesc>
        <layout columns="1"><p>In a single column</p></layout>
       </layoutDesc>
      </objectDesc>
      
      <bindingDesc>
       <binding contemporary="unknown">
        <p>Bound in <material>rigid parchment</material>, possibly in 18th
         century, and rebound using the same support in 1926.</p>
       </binding>
      </bindingDesc>
     </physDesc>
     
     <history>
      <origin>
       <p>Written in <origPlace>North Africa</origPlace> in the <origDate>early 5th century.</origDate>
       </p>
      </origin>
     </history>
    </msDesc>
   </sourceDesc>
  </fileDesc>
  <encodingDesc>
   <p>The following text was encoded in accordance with EpiDoc standards.</p>
  </encodingDesc>
  <profileDesc>
   <langUsage>
    <language ident="la">Latin</language>
   </langUsage>
  </profileDesc>
  
 </teiHeader>
    
 
 <text>
  
  <body>
   <head>
    <title xml:id="book">Liber XI</title>
   </head>
   
   <div n="Folio 41v" type="edition">
    <ab>
     <lb xml:id="Folio41v.1" n="1"/><w part="F">TATA</w> SENTENTIAE QUIA ETSI <choice><abbr>UOLUNTATE &#772;</abbr><expan>UOLUNTATE<ex>M</ex></expan></choice>
     <lb xml:id="Folio41v.2" n="2"/>AUCTORIS LIBRI HUIUS INDAGARE <w part="I">NEQUI</w>
     <lb xml:id="Folio41v.3" n="3"/><w part="F">UIMUS</w> A REGULA TAMEN FIDEI QUAE PER
     <lb xml:id="Folio41v.4" n="4"/>ALIAS EIUSDEM AUCTORITATIS SACRAS <w part="I">LIT</w>
     <lb xml:id="Folio41v.5" n="5"/><w part="F">TERAS</w> SATIS <choice><abbr>FIDELIB&#183;</abbr><expan>FIDELIB<ex>US</ex></expan></choice> NOTA EST NON <w part="I">ABHOR</w>
     <lb xml:id="Folio41v.6" n="6"/><w part="F">RUIMUS</w> ETSI ENIM CORPORALIA HIC <w part="I">COM</w>
     <lb xml:id="Folio41v.7" n="7"/><w part="F">MEMORATA</w> SUNT OPERA <choice><abbr>D&#772;I&#772;</abbr><expan>D<ex>E</ex>I</expan></choice>&#183; HABENT <w part="I">PRO</w>
     <lb xml:id="Folio41v.8" n="8"/><w part="F">CUL</w> DUBIO NONNULLAM SIMILITUDINEM
     <lb xml:id="Folio41v.9" n="9"/>SPIRITALIUM <add place="above">SECUNDUM</add> QUAM DICIT APOSTOLUS; <w part="I">OM</w>
     <lb xml:id="Folio41v.10" n="10"/><w part="F">NES</w> ENIM UOS FILII LUCIS ESTIS ET FILII DIEI
     <lb xml:id="Folio41v.11" n="11"/>NON SUMUS NOCTIS <choice><abbr>NEQ&#183;</abbr><expan>NEQ<ex>UE</ex></expan></choice> TENEBRARUM;
     <lb xml:id="Folio41v.12" n="12"/>SI AUTEM HOC SENSIT ETIAM ILLE QUI <w part="I">SCRIB</w>
     <lb xml:id="Folio41v.13" n="13"/><w part="F">SIT</w> <app><rdg wit="#CSEL40">SCRIPSIT</rdg></app> AD PERFECTIOREM DISPUTATI<add place="above">O</add>NIS FINE <app><rdg wit="#CSEL40">FINEM</rdg></app>
     <lb xml:id="Folio41v.14" n="14"/>NOSTRA PERUENIT INTENTIO UT HOMO
     <lb xml:id="Folio41v.15" n="15"/><choice><abbr>D&#772;I&#772;</abbr><expan>D<ex>E</ex>I</expan></choice> TAM EXIMIAE <choice><abbr>DIUINEQ&#183;</abbr><expan>DIUINEQ<ex>UE</ex></expan></choice> <app><rdg wit="#CSEL40">DIUINAEQUE</rdg></app> SAPIENTIAE <w part="I">IM</w>
     <lb xml:id="Folio41v.16" n="16"/><w part="F">MO</w> PER EUM <choice><abbr>S&#772;P&#772;S&#772;</abbr><expan>SP<ex>IRITU</ex>S</expan></choice> &#183; <choice><abbr>D&#772;I&#772;</abbr><expan>D<ex>E</ex>I</expan></choice>&#183; IN <w part="I">COMMEMORAN</w>
     <lb xml:id="Folio41v.17" n="17"/><w part="F">DIS</w> <choice><abbr>OPERIB&#183;</abbr><expan>OPERIB<ex>US</ex></expan></choice> <choice><abbr>D&#772;I&#772;</abbr><expan>D<ex>E</ex>I</expan></choice>&#183; QUAE OMNIA SEXTO DIE <w part="I">DI</w>
     <lb xml:id="Folio41v.18" n="18"/><w part="F">CIT</w> <app><rdg wit="#CSEL40">DIXIT</rdg></app> ESSE PERFECTA NULLO MODO ANGELO <app><rdg wit="#CSEL40">ANGELOS</rdg></app>
     <lb xml:id="Folio41v.19" n="19"/>PRAETERMISISSE CREDATUR SIUE IN <choice><abbr><w part="I">PRI &#772;</w>
     <lb xml:id="Folio41v.20" n="20"/><note type="scholion" place="margin"><choice><abbr>R&#772;</abbr><expan>R<ex>equire</ex></expan></choice> <choice><abbr>qd&#772;</abbr><expan>q<ex>uo</ex>d</expan></choice> conuenientius in principio intellegitur in filio</note> <w part="F">CIPIO</w></abbr><expan>PRI<ex>N</ex>CIPIO</expan></choice> QUIA PRIMO FECIT&#183; SIUE QUOD <w part="I">CON</w>
     <lb xml:id="Folio41v.21" n="21"/><w part="F">UENIENTIUS</w> INTELLEGITUR IN PRINCIPIO
     <lb xml:id="Folio41v.22" n="22"/>QUIA IN UERBO UNIGENITO FECIT <w part="I">SCRIB</w>
     <lb xml:id="Folio41v.23" n="23"/><w part="F">TUM</w> <app><rdg wit="#CSEL40">SCRIPTUM</rdg></app> SIT IN PRINCIPIO FECIT <choice><abbr>D&#772;S&#772;</abbr><expan>D<ex>EU</ex>S</expan></choice> CAELUM
     <lb xml:id="Folio41v.24" n="24"/>ET TERRAM; <choice><abbr>QUIB&#183;</abbr><expan>QUIB<ex>US</ex></expan></choice> <choice><abbr>NOMINIB&#183;</abbr><expan>NOMINIB<ex>US</ex></expan></choice> <w part="I">UNIUERSA</w>
     <lb xml:id="Folio41v.25" n="25"/><w part="F">LIS</w> EST SIGNIFICATA CREATURA UEL <w part="I">SPIRITA</w>
     <lb xml:id="Folio41v.26" n="26"/><w part="F">LIS</w> ET CORPORALIS QUOD EST CREDIBILIUS
     <lb xml:id="Folio41v.27" n="27"/>UEL MAGNAE DUAE MUNDI PARTES <choice><abbr>QUIB&#183;</abbr><expan>QUIB<ex>US</ex></expan></choice>
     <lb xml:id="Folio41v.28" n="28"/>OMNIA QUAE CREATA SUNT CONTINENT<hi rend="ligature">UR</hi>
     <lb xml:id="Folio41v.29" n="29"/>UT PRIMITUS EAM TOTAM PROPONERET
     <lb xml:id="Folio41v.30" n="30"/>AC DEINDE PARTES EIUS SECUNDUM <w part="I">MYS</w>
    </ab>     
   </div>
   
      </body>
    </text>  
  
</TEI>
