<?xml version="1.0" encoding="UTF-8"?>
<?xml-model RNGSchema="http://www.stoa.org/epidoc/schema/latest/tei-epidoc.rng" type="xml"?>

<TEI xmlns="http://www.tei-c.org/ns/1.0">
    <teiHeader>
        <fileDesc>
            <titleStmt>
                <title ref="http://data.perseus.org/catalog/urn:cts:latinLit:stoa0040.stoa003">Contra Paganos De Civitate Dei: A Digital Edition of the Oldest Surviving Manuscript</title>
                <author ref="http://data.perseus.org/catalog/urn:cts:latinLit:stoa0040">Aurelius Augustinus</author>
                <editor>Greta Franzini</editor>
                <respStmt>
                    <persName>Greta Franzini</persName>
                    <resp>PhD student</resp>
                </respStmt>
                <respStmt>
                    <persName>Melissa Terras</persName>
                    <resp>First supervisor</resp>
                </respStmt>
                <respStmt>
                    <persName>Simon Mahony</persName>
                    <resp>Second supervisor</resp>
                </respStmt>
            </titleStmt>
            <editionStmt>
                <edition n="1">First digital edition</edition>
            </editionStmt>
            <publicationStmt>
                <authority>Greta Franzini</authority>
                <idno>Fol_01v-06r.xml</idno>
                <authority>UCL Centre for Digital Humanities</authority>
                <availability>
                    <p>Available under a Creative Commons Attribution-ShareAlike International 4.0 License</p>
                </availability>
                <date>2014</date>
            </publicationStmt>
            <sourceDesc>
                <msDesc>
                    <msIdentifier>
                        <settlement>Verona</settlement>
                        <repository>Biblioteca Capitolare</repository>
                        <idno>MS XXVIII(26)</idno>
                    </msIdentifier>
                    <msContents>
                        <msItem> <incipit><choice><abbr>I&#772;N&#772;C&#772;P</abbr><expan>INC<ex>I</ex>P<ex>IT</ex></expan></choice>:CAPITULA:<choice><abbr>L&#772;I&#772;B&#772;</abbr><expan>LIB<ex>RI</ex></expan></choice>:XI:DECIUITATE<choice><abbr>D&#772;I&#772;</abbr><expan>D<ex>E</ex>I</expan></choice>:</incipit>
                        </msItem>
                        <msItemStruct>
                            <p>Books 11-16. Annotations by Ireneo Pacifico (778-846) and Raterio da Verona (887-974).</p>
                        </msItemStruct>
                    </msContents>
                    <physDesc>
                        <objectDesc form="codex">
                            <supportDesc material="parchment">
                                <support><p>Parchment</p></support>
                                <extent>ff.253 <dimensions scope="all" type="leaf" unit="mm">
                                    <height>292</height>
                                    <width>190</width>
                                </dimensions>
                                </extent>
                            </supportDesc>
                            <layoutDesc>
                                <layout columns="1"><p>In a single column</p></layout>
                            </layoutDesc>
                        </objectDesc>
                        <bindingDesc>
                            <binding contemporary="unknown">
                                <p>Bound in <material>rigid parchment</material>, possibly in 18th
                                    century, and rebound using the same support in 1926.</p>
                            </binding>
                        </bindingDesc>
                    </physDesc>
                    <history>
                        <origin>
                            <p>Written in <origPlace>North Africa</origPlace> in the <origDate>early 5th century.</origDate>
                            </p>
                        </origin>
                    </history>
                </msDesc>
            </sourceDesc>
        </fileDesc>
        <encodingDesc>
            <p>The following text was encoded in accordance with EpiDoc standards.</p>
        </encodingDesc>
        <profileDesc>
            <langUsage>
                <language ident="la">Latin</language>
            </langUsage>
        </profileDesc>
    </teiHeader>
    
    
    <text>
    <body>
            
            <head>
                <title xml:id="book">Capitula</title>
            </head>
            
            <div n="Folio 1r" type="edition">
                <head>Folio 1r</head>

                <ab>

                <lb xml:id="fol_1r.1" n="1"/><choice><abbr>Beat&#7634;</abbr><expan>Beat<ex>us</ex></expan></choice> <choice><abbr>aug.</abbr><expan>aug<ex>ustinus</ex></expan></choice> de <sic>citate</sic><app>ciuitate</app> dei. <choice><abbr>l.</abbr><expan>l<ex>ibri</ex></expan></choice> vj. <choice><abbr>uid&#622;</abbr><expan>uid<ex>e</ex>l<ex>icet</ex></expan></choice>
                <lb xml:id="fol_1r.2" n="2"/>.XJ. XIJ. XIIJ. XIIIJ. XV. XVJ

                </ab>

            </div>
    </body>

    </text>
</TEI>
