<?xml version="1.0" encoding="UTF-8"?>
<?xml-model RNGSchema="http://www.stoa.org/epidoc/schema/latest/tei-epidoc.rng" type="xml"?>

<TEI xmlns="http://www.tei-c.org/ns/1.0">
    <teiHeader>
        <fileDesc>
            <titleStmt>
                <title ref="http://data.perseus.org/catalog/urn:cts:latinLit:stoa0040.stoa003">Contra Paganos De Civitate Dei: A Digital Edition of the Oldest Surviving Manuscript</title>
                <author ref="http://data.perseus.org/catalog/urn:cts:latinLit:stoa0040">Aurelius Augustinus</author>
                <editor>Greta Franzini</editor>
                <respStmt>
                    <persName>Greta Franzini</persName>
                    <resp>PhD student</resp>
                </respStmt>
                <respStmt>
                    <persName>Melissa Terras</persName>
                    <resp>First supervisor</resp>
                </respStmt>
                <respStmt>
                    <persName>Simon Mahony</persName>
                    <resp>Second supervisor</resp>
                </respStmt>
            </titleStmt>
            <editionStmt>
                <edition n="1">First digital edition</edition>
            </editionStmt>
            <publicationStmt>
                <authority>Greta Franzini</authority>
                <idno>Fol_01v-06r.xml</idno>
                <authority>UCL Centre for Digital Humanities</authority>
                <availability>
                    <p>Available under a Creative Commons Attribution-ShareAlike International 4.0 License</p>
                </availability>
                <date>2014</date>
            </publicationStmt>
            <sourceDesc>
                <msDesc>
                    <msIdentifier>
                        <settlement>Verona</settlement>
                        <repository>Biblioteca Capitolare</repository>
                        <idno>MS XXVIII(26)</idno>
                    </msIdentifier>
                    <msContents>
                        <msItem> <incipit><choice><abbr>I&#772;N&#772;C&#772;P</abbr><expan>INC<ex>I</ex>P<ex>IT</ex></expan></choice>:CAPITULA:<choice><abbr>L&#772;I&#772;B&#772;</abbr><expan>LIB<ex>RI</ex></expan></choice>:XI:DECIUITATE<choice><abbr>D&#772;I&#772;</abbr><expan>D<ex>E</ex>I</expan></choice>:</incipit>
                            </msItem>
                        <msItemStruct>
                            <p>Books 11-16. Annotations by Ireneo Pacifico (778-846) and Raterio da Verona (887-974).</p>
                        </msItemStruct>
                   </msContents>
                   <physDesc>
                        <objectDesc form="codex">
                            <supportDesc material="parchment">
                                <support><p>Parchment</p></support>
                                <extent>ff.253 <dimensions scope="all" type="leaf" unit="mm">
                                        <height>292</height>
                                        <width>190</width>
                                    </dimensions>
                                </extent>
                            </supportDesc>
                            <layoutDesc>
                                <layout columns="1"><p>In a single column</p></layout>
                            </layoutDesc>
                        </objectDesc>
                        <bindingDesc>
                            <binding contemporary="unknown">
                                <p>Bound in <material>rigid parchment</material>, possibly in 18th
                                    century, and rebound using the same support in 1926.</p>
                            </binding>
                        </bindingDesc>
                    </physDesc>
                    <history>
                        <origin>
                            <p>Written in <origPlace>North Africa</origPlace> in the <origDate>early 5th century.</origDate>
                            </p>
                        </origin>
                    </history>
                </msDesc>
            </sourceDesc>
        </fileDesc>
        <encodingDesc>
            <p>The following text was encoded in accordance with EpiDoc standards.</p>
        </encodingDesc>
        <profileDesc>
            <langUsage>
                <language ident="la">Latin</language>
            </langUsage>
        </profileDesc>
    </teiHeader>


    <text>
        <body>
            <head>
                <title></title>
            </head>

            <div n="Folio 2v" type="edition"> 
                <ab>
                    <lb xml:id="fol_2v.1" n="1" />malam e&#383;&#383;e naturam;
                    <lb xml:id="fol_2v.2" n="2" /><num value="23">XXIII</num>. De errore in quo ori&#7545;eni&#383; doctrina culpatur;
                    <lb xml:id="fol_2v.3" n="3" /><num value="24">XXIIII</num>. De trinitate diuina qu&#230; <sic>peri</sic> <app><rdg wit="#CSEL40">per</rdg></app> omnia opera &#383;ua <w part="I">&#383;i&#7545;ni</w>
                    <lb xml:id="fol_2v.4" n="4" /><w part="F">ficationi&#383;</w> &#383;u&#230; &#383;par&#383;it indicia;
                    <lb xml:id="fol_2v.5" n="5" /><num value="25">XXV</num>. De tripertita totiu&#383; <sic>filo&#383;ophi<choice><abbr>&#38;</abbr><expan><ex>et</ex></expan></choice></sic> <app><rdg wit="#CSEL40">philosophiae</rdg></app> di&#383;ciplina; 
                    <lb xml:id="fol_2v.6" n="6" /><num value="26">XXVI</num>. De ima&#7545;ine &#383;ummae trinitati&#383; qu&#230; &#383;ecundum <sic><w part="I">quaen</w> 
                    <lb xml:id="fol_2v.7" n="7" /><w part="F">dam</w></sic> <app><rdg wit="#CSEL40">quendam</rdg></app> modum <sic>inaturam</sic> <app><rdg wit="#CSEL40">in natura</rdg></app> <choice><abbr>&#38;iam</abbr><expan><ex>et</ex>iam</expan></choice> necdum beatificati
                    <lb xml:id="fol_2v.8" n="8" />homini&#383; inuenitur;
                    <lb xml:id="fol_2v.9" n="9" /><num value="27">XXVII</num>. De e<add place="above">&#383;</add>&#383;entia <choice><abbr>&#38;</abbr><expan><ex>et</ex></expan></choice> &#383;cienti <choice><abbr>&#38;</abbr><expan><ex>et</ex></expan></choice> utriu&#383;que amore;
                    <lb xml:id="fol_2v.10" n="10" /><num value="28">XXVIII</num>. An etiam ip&#383;um amorem quo <choice><abbr>&#38;</abbr><expan><ex>et</ex></expan></choice> e&#383;&#383;e et &#383;cire <w part="I">dili&#7545;i</w>
                    <lb xml:id="fol_2v.11" n="11" /><w part="F">mu&#383;</w> &#183; dili&#7545;ere debeamu&#383; &#183; quo ma&#7545;i&#383; diuin&#230; <w part="I">trinita</w>
                    <lb xml:id="fol_2v.12" n="12" /><w part="F">ti&#383;</w> &#183; ima&#7545;ini propinquemu&#383;;
                    <lb xml:id="fol_2v.13" n="13" /><num value="29">XXVIIII</num>. De <choice><abbr>&#383;c&#772;o&#772;rum</abbr><expan>&#383;<ex>an</ex>c<ex>t</ex>orum</expan></choice> an&#7545;elorum &#383;cientia &#183; <choice><abbr>qu&#281;</abbr><expan>qu<ex>ae</ex></expan></choice> trinitate <app><rdg wit="#CSEL40">qua trinitatem</rdg></app> in ip&#383;a
                    <lb xml:id="fol_2v.14" n="14" />eiu&#383; <choice><abbr>di&#772;tate</abbr><expan>d<ex>e</ex>itate</expan></choice> nouerunt &#183; <choice><abbr>&#38;</abbr><expan><ex>et</ex></expan></choice> qua operum cau&#383;a&#383; priu&#383;
                    <lb xml:id="fol_2v.15" n="15" />in operanti&#383; arte &#183; quam in ip&#383;i&#383; operibu&#383; artifici&#383;
                    <lb xml:id="fol_2v.16" n="16" />intuentur;
                    <lb xml:id="fol_2v.17" n="17" /><num value="30">XXX</num>. De &#383;enarii numeri perfectione qui primu&#383; partium
                    <lb xml:id="fol_2v.18" n="18" /><num value="31">XXXI</num>. &#383;uarum quantitate <choice><abbr>compl&#38;ur</abbr><expan>compl<ex>et</ex>ur</expan></choice>, de die &#383;eptimo &#183; in quo
                    <lb xml:id="fol_2v.19" n="19" />plenitudo <choice><abbr>&#38;</abbr><expan><ex>et</ex></expan></choice> requie&#383; commendatur;
                    <lb xml:id="fol_2v.20" n="20" /><num value="32">XXXII</num>. De opinione eorum qui an&#7545;elorum creationem
                    <lb xml:id="fol_2v.21" n="21" />anteriorem uolunt e&#383;&#383;e quam mundi;
                    <lb xml:id="fol_2v.22" n="22" /><num value="33">XXXIII</num>. De duabu&#383; an&#7545;elorum <sic>&#383;oci&#230;tatibu&#383;</sic> <app><rdg wit="#CSEL40">societatibus</rdg></app> diuer&#383;i&#383; atque <app><rdg wit="#CSEL40">adque</rdg></app>
                    <lb xml:id="fol_2v.23" n="23" />di&#383;paribu&#383; quae non incom<add>&#7545;</add>rue <app><rdg wit="#CSEL40">incongrue</rdg></app> intelle&#7545;untur luci&#383;
                    <lb xml:id="fol_2v.24" n="24" /><choice><abbr>&#38;</abbr><expan><ex>et</ex></expan></choice> tenebrarum nominibu&#383; <app><rdg wit="#CSEL40">nominibus noncupatae</rdg></app>;
                    <lb xml:id="fol_2v.25" n="25" /><num value="34">XXXIIII</num>. De eo quod quidam putant in conditione <w part="I">firmamen</w>
                    <lb xml:id="fol_2v.26" n="26" /><w part="F">ti</w> aquarum di&#383;cretarum nomine an&#7545;elo&#383; <w part="I">&#383;i&#7545;nifi</w>
                    <lb xml:id="fol_2v.27" n="27" /><w part="F">cato&#383;</w>. <choice><abbr>&#38;</abbr><expan><ex>et</ex></expan></choice> quo <app><rdg wit="#CSEL40">quod</rdg></app> quidam aqua&#383; &#339;&#383;timant <app><rdg wit="#CSEL40">existimant</rdg></app> non creata&#383;;
                    <lb xml:id="fol_2v.28" n="28" /><choice><abbr>EX&#772;P&#772;L&#772;</abbr><expan>EXPL<ex>ICIT</ex></expan></choice> &#183; CAPITULA <choice><abbr>IN&#772;C&#772;P&#772;</abbr><expan>INC<ex>I</ex>P<ex>IT</ex></expan></choice> &#183; CAPITULA &#183; <choice><abbr>L&#772;I&#772;B&#772;</abbr><expan>LIB<ex>RI</ex></expan></choice> &#183; XII;  
                    <lb xml:id="fol_2v.29" n="29" /><num value="1">I</num>. De una bonorum an&#7545;elorum malorumque natura; 
                    <lb xml:id="fol_2v.30" n="30" /><num value="2">II</num>. Nullam e&#383;&#383;entiam <choice><abbr>do&#772;</abbr><expan>d<ex>e</ex>o</expan></choice> e&#383;&#383;e comtrariam <app><rdg wit="#CSEL40">contrariam</rdg></app> &#183; quia ab eo &#183;
                </ab>
            </div>
          

        </body>

    </text>
</TEI>
