<?xml version="1.0" encoding="UTF-8"?>
<?xml-model RNGSchema="http://www.stoa.org/epidoc/schema/latest/tei-epidoc.rng" type="xml"?>

<TEI xmlns="http://www.tei-c.org/ns/1.0">
    <teiHeader>
        <fileDesc>
            <titleStmt>
                <title ref="http://data.perseus.org/catalog/urn:cts:latinLit:stoa0040.stoa003">Contra Paganos De Civitate Dei: A Digital Edition of the Oldest Surviving Manuscript</title>
                <author ref="http://data.perseus.org/catalog/urn:cts:latinLit:stoa0040">Aurelius Augustinus</author>
                <editor>Greta Franzini</editor>
                <respStmt>
                    <persName>Greta Franzini</persName>
                    <resp>PhD student</resp>
                </respStmt>
                <respStmt>
                    <persName>Melissa Terras</persName>
                    <resp>First supervisor</resp>
                </respStmt>
                <respStmt>
                    <persName>Simon Mahony</persName>
                    <resp>Second supervisor</resp>
                </respStmt>
            </titleStmt>
            <editionStmt>
                <edition n="1">First digital edition</edition>
            </editionStmt>
            <publicationStmt>
                <authority>Greta Franzini</authority>
                <idno>Fol_01v-06r.xml</idno>
                <authority>UCL Centre for Digital Humanities</authority>
                <availability>
                    <p>Available under a Creative Commons Attribution-ShareAlike International 4.0 License</p>
                </availability>
                <date>2014</date>
            </publicationStmt>
            <sourceDesc>
                <msDesc>
                    <msIdentifier>
                        <settlement>Verona</settlement>
                        <repository>Biblioteca Capitolare</repository>
                        <idno>MS XXVIII(26)</idno>
                    </msIdentifier>
                    <msContents>
                        <msItem> <incipit><choice><abbr>I&#772;N&#772;C&#772;P</abbr><expan>INC<ex>I</ex>P<ex>IT</ex></expan></choice>:CAPITULA:<choice><abbr>L&#772;I&#772;B&#772;</abbr><expan>LIB<ex>RI</ex></expan></choice>:XI:DECIUITATE<choice><abbr>D&#772;I&#772;</abbr><expan>D<ex>E</ex>I</expan></choice>:</incipit>
                            </msItem>
                        <msItemStruct>
                            <p>Books 11-16. Annotations by Ireneo Pacifico (778-846) and Raterio da Verona (887-974).</p>
                        </msItemStruct>
                   </msContents>
                   <physDesc>
                        <objectDesc form="codex">
                            <supportDesc material="parchment">
                                <support><p>Parchment</p></support>
                                <extent>ff.253 <dimensions scope="all" type="leaf" unit="mm">
                                        <height>292</height>
                                        <width>190</width>
                                    </dimensions>
                                </extent>
                            </supportDesc>
                            <layoutDesc>
                                <layout columns="1"><p>In a single column</p></layout>
                            </layoutDesc>
                        </objectDesc>
                        <bindingDesc>
                            <binding contemporary="unknown">
                                <p>Bound in <material>rigid parchment</material>, possibly in 18th
                                    century, and rebound using the same support in 1926.</p>
                            </binding>
                        </bindingDesc>
                    </physDesc>
                    <history>
                        <origin>
                            <p>Written in <origPlace>North Africa</origPlace> in the <origDate>early 5th century.</origDate>
                            </p>
                        </origin>
                    </history>
                </msDesc>
            </sourceDesc>
        </fileDesc>
        <encodingDesc>
            <p>The following text was encoded in accordance with EpiDoc standards.</p>
        </encodingDesc>
        <profileDesc>
            <langUsage>
                <language ident="la">Latin</language>
            </langUsage>
        </profileDesc>
    </teiHeader>


    <text>
        <body>
            
            <head>
                <title></title>
            </head>
          
            <div n="Folio 3r" type="edition"> 
                <ab>
                    <lb xml:id="fol_3r.1" n="1" />qui &#383;umme <choice><abbr>&#38;</abbr><expan><ex>et</ex></expan></choice> &#383;emper e&#383;t &#183; hoc in totum uidetur <w part="I">diuer</w> 
                    <lb xml:id="fol_3r.2" n="2" /><w part="F">&#383;um</w> e&#383;&#383;e quod non e&#383;t;
                    <lb xml:id="fol_3r.3" n="3" /><num value="3">III</num>. De inimici&#383; <choice><abbr>di&#772;</abbr><expan>d<ex>e</ex>i</expan></choice> &#183; non per naturam &#383;ed per contrariam
                    <lb xml:id="fol_3r.4" n="4" />uoluntate <app><rdg wit="#CSEL40">uoluntatem</rdg></app> <choice><abbr>qu&#281;</abbr><expan>qu<ex>ae</ex></expan></choice> cum ip&#383;i&#383; <choice><abbr>noc&#38;</abbr><expan>noc<ex>et</ex></expan></choice> &#183; <choice><abbr>bon&#281;</abbr><expan>bon<ex>ae</ex></expan></choice> utique natur&#230;
                    <lb xml:id="fol_3r.5" n="5" /><choice><abbr>noc&#38;</abbr><expan>noc<ex>et</ex></expan></choice> &#183; quia uitium &#383;i non <choice><abbr>noc&#38;</abbr><expan>noc<ex>et</ex></expan></choice> non e&#383;t;
                    <lb xml:id="fol_3r.6" n="6" /><num value="4">IIII</num>. De naturi&#383; inrationabiljum <app><rdg wit="#CSEL40">inrationalium</rdg></app> aut uita carentium
                    <lb xml:id="fol_3r.7" n="7" /><choice><abbr>qu&#281;</abbr><expan>qu<ex>ae</ex></expan></choice> in &#383;uo &#7545;enere atque <app><rdg wit="#CSEL40">adque</rdg></app> ordine ab uniuer&#383;itati&#383; &#183; decore 
                    <lb xml:id="fol_3r.8" n="8" />non di&#383;crepant;
                    <lb xml:id="fol_3r.9" n="9" /><num value="5">V</num>. Quod in omnium natura <choice><abbr>&#38;</abbr><expan><ex>et</ex></expan></choice> &#383;peci&#230; <app><rdg wit="#CSEL40">in omni naturae specie</rdg></app> ac modo <w part="I">laudabi</w>
                    <lb xml:id="fol_3r.10" n="10" /><w part="F">li&#383;</w> &#383;it creator;
                    <lb xml:id="fol_3r.11" n="11" /><num value="6">VI</num>. Qua <app><rdg wit="#CSEL40">quae</rdg></app> cau&#383;a &#383;it beatitudini&#383; an&#7545;elorum bonorum <choice><abbr>&#38;</abbr><expan><ex>et</ex></expan></choice> que <app><rdg wit="#CSEL40">quae</rdg></app>
                    <lb xml:id="fol_3r.12" n="12" />cau&#383;a &#383;it mi&#383;eri&#230; an&#7545;elorum malorum;
                    <lb xml:id="fol_3r.13" n="13" /><num value="7">VII</num>. Cau&#383;am efficientem male <app><rdg wit="#CSEL40">malae</rdg></app> uoluntati&#383; non e&#383;&#383;e <w part="I">qu&#230;</w> 
                    <lb xml:id="fol_3r.14" n="14" /><w part="F">rendam</w>;
                    <lb xml:id="fol_3r.15" n="15" /><num value="8">VIII</num>. De amore peruer&#383;o quod uolumta&#383; <app><rdg wit="#CSEL40">quo uoluntas</rdg></app> ab <w part="I">inconmuta</w>
                    <lb xml:id="fol_3r.16" n="16" /><w part="F">bilj</w> <app><rdg wit="#CSEL40">incommutabili</rdg></app> bono &#183; ad mutabile bonum deficit;
                    <lb xml:id="fol_3r.17" n="17" /><num value="9">VIIII</num>. An <choice><abbr>&#383;c&#772;i&#772;</abbr><expan>&#383;<ex>an</ex>c<ex>t</ex>i</expan></choice> an&#7545;elj quem habent creatorem <choice><abbr>natur&#281;</abbr><expan>natur<ex>ae</ex></expan></choice> &#183; eundem
                    <lb xml:id="fol_3r.18" n="18" />habeant bon&#230; uolumtati&#383; auctore <app><rdg wit="#CSEL40">uoluntatis auctorem</rdg></app> &#183; per <choice><abbr>&#383;p&#772;m&#772;</abbr><expan>&#383;p<ex>iritu</ex>m</expan></choice> <choice><abbr>&#383;c&#772;m&#772;</abbr><expan>&#383;<ex>an</ex>c<ex>t</ex>um</expan></choice> 
                    <lb xml:id="fol_3r.19" n="19" />in ei&#383; caritate diffu&#383;a;
                    <lb xml:id="fol_3r.20" n="20" /><num value="10">X</num>. De opinione eorum qui humanum &#7545;enu&#383; &#383;icut ip&#383;um 
                    <lb xml:id="fol_3r.21" n="21" />mundum &#383;emper fui&#383;&#383;e exi&#383;timant;
                    <lb xml:id="fol_3r.22" n="22" /><num value="11">XI</num>. De fal&#383;itate eiu&#383; &#383;tori&#230; <app><rdg wit="#CSEL40">historiae</rdg></app> <choice><abbr>qu&#281;</abbr><expan>qu<ex>ae</ex></expan></choice> multa milja annorum 
                    <lb xml:id="fol_3r.23" n="23" /><choice><abbr>pr&#281;teriti&#383;</abbr><expan>pr<ex>ae</ex>teriti&#383;</expan></choice> temporjbu&#383; a&#383;cribit; <app><rdg wit="#CSEL40">adscribit</rdg></app>
                    <lb xml:id="fol_3r.24" n="24" /><num value="12">XII</num>. De hi&#383; qui hunc quidem mundum non &#383;empiternum
                    <lb xml:id="fol_3r.25" n="25" />putant &#383;ed aut innumerabile&#383; aut eundem <app><rdg wit="#CSEL40">eundem unum</rdg></app> certa
                    <lb xml:id="fol_3r.26" n="26" />conclu&#383;ione <choice><abbr>&#383;&#281;culorum</abbr><expan>&#383;<ex>ae</ex>culorum</expan></choice> &#383;emper na&#383;ci <choice><abbr>&#38;</abbr><expan><ex>et</ex></expan></choice> re&#383;olui opinantur;
                    <lb xml:id="fol_3r.27" n="27" /><num value="13">XIII</num>. Quid re&#383;pondendum &#383;it hi&#383; qui primam <w part="I">con</w> 
                    <lb xml:id="fol_3r.28" n="28" /><w part="F">ditionem</w> homini&#383; tardam e&#383;&#383;e cau&#383;antur;
                    <lb xml:id="fol_3r.29" n="29" /><num value="14">XIIII</num>. De <sic>reuoluitione</sic> <app><rdg wit="#CSEL40">reuolutione</rdg></app> &#383;&#230;culorum quibu&#383; certo fine <w part="I">com</w> 
                    <lb xml:id="fol_3r.30" n="30" /><w part="F">clu&#383;i&#383;</w> <app><rdg wit="#CSEL40">conclusis</rdg></app> uniuer&#383;a &#383;emper in eundem ordinem <choice><abbr>eande&#772;</abbr><expan>eande<ex>m</ex></expan></choice> 
                </ab>
            </div>
           
            
        </body>

    </text>
</TEI>