<?xml version="1.0" encoding="UTF-8"?>
<?xml-model RNGSchema="http://www.stoa.org/epidoc/schema/latest/tei-epidoc.rng" type="xml"?>

<TEI xmlns="http://www.tei-c.org/ns/1.0">
    <teiHeader>
        <fileDesc>
            <titleStmt>
                <title ref="http://data.perseus.org/catalog/urn:cts:latinLit:stoa0040.stoa003">Contra Paganos De Civitate Dei: A Digital Edition of the Oldest Surviving Manuscript</title>
                <author ref="http://data.perseus.org/catalog/urn:cts:latinLit:stoa0040">Aurelius Augustinus</author>
                <editor>Greta Franzini</editor>
                <respStmt>
                    <persName>Greta Franzini</persName>
                    <resp>PhD student</resp>
                </respStmt>
                <respStmt>
                    <persName>Melissa Terras</persName>
                    <resp>First supervisor</resp>
                </respStmt>
                <respStmt>
                    <persName>Simon Mahony</persName>
                    <resp>Second supervisor</resp>
                </respStmt>
            </titleStmt>
            <editionStmt>
                <edition n="1">First digital edition</edition>
            </editionStmt>
            <publicationStmt>
                <authority>Greta Franzini</authority>
                <idno>Fol_01v-06r.xml</idno>
                <authority>UCL Centre for Digital Humanities</authority>
                <availability>
                    <p>Available under a Creative Commons Attribution-ShareAlike International 4.0 License</p>
                </availability>
                <date>2014</date>
            </publicationStmt>
            <sourceDesc>
                <msDesc>
                    <msIdentifier>
                        <settlement>Verona</settlement>
                        <repository>Biblioteca Capitolare</repository>
                        <idno>MS XXVIII(26)</idno>
                    </msIdentifier>
                    <msContents>
                        <msItem> <incipit><choice><abbr>I&#772;N&#772;C&#772;P</abbr><expan>INC<ex>I</ex>P<ex>IT</ex></expan></choice>:CAPITULA:<choice><abbr>L&#772;I&#772;B&#772;</abbr><expan>LIB<ex>RI</ex></expan></choice>:XI:DECIUITATE<choice><abbr>D&#772;I&#772;</abbr><expan>D<ex>E</ex>I</expan></choice>:</incipit>
                            </msItem>
                        <msItemStruct>
                            <p>Books 11-16. Annotations by Ireneo Pacifico (778-846) and Raterio da Verona (887-974).</p>
                        </msItemStruct>
                   </msContents>
                   <physDesc>
                        <objectDesc form="codex">
                            <supportDesc material="parchment">
                                <support><p>Parchment</p></support>
                                <extent>ff.253 <dimensions scope="all" type="leaf" unit="mm">
                                        <height>292</height>
                                        <width>190</width>
                                    </dimensions>
                                </extent>
                            </supportDesc>
                            <layoutDesc>
                                <layout columns="1"><p>In a single column</p></layout>
                            </layoutDesc>
                        </objectDesc>
                        <bindingDesc>
                            <binding contemporary="unknown">
                                <p>Bound in <material>rigid parchment</material>, possibly in 18th
                                    century, and rebound using the same support in 1926.</p>
                            </binding>
                        </bindingDesc>
                    </physDesc>
                    <history>
                        <origin>
                            <p>Written in <origPlace>North Africa</origPlace> in the <origDate>early 5th century.</origDate>
                            </p>
                        </origin>
                    </history>
                </msDesc>
            </sourceDesc>
        </fileDesc>
        <encodingDesc>
            <p>The following text was encoded in accordance with EpiDoc standards.</p>
        </encodingDesc>
        <profileDesc>
            <langUsage>
                <language ident="la">Latin</language>
            </langUsage>
        </profileDesc>
    </teiHeader>


    <text>
        <body>
            
            <head>
                <title></title>
            </head>
            
            <div n="Folio 4r" type="edition">
                <ab>
                    <lb xml:id="fol_4r.1" n="1" />non ni&#383;i <choice><abbr>oper&#281;</abbr><expan>oper<ex>ae</ex></expan></choice> <choice><abbr>di&#772;</abbr><expan>d<ex>e</ex>i</expan></choice> fieri atque <app><rdg wit="#CSEL40">adque</rdg></app> formari; 
                    <lb xml:id="fol_4r.2" n="2" /><num value="27">XXVII</num>. De plathonicorum opinione qua putauerunt
                    <lb xml:id="fol_4r.3" n="3" />an&#7545;elo&#383; quidem a <choice><abbr>do&#772;</abbr><expan>d<ex>e</ex>o</expan></choice> condito&#383; &#383;ed ip&#383;o&#383; e&#383;&#383;e <w part="I">huma</w> 
                    <lb xml:id="fol_4r.4" n="4" /><w part="F">norum</w> &#183; corporum conditore&#383;;
                    <lb xml:id="fol_4r.5" n="5" />XXVIII. In primo homine exortam fui&#383;&#383;e omnem <w part="I">pleni</w>
                    <lb xml:id="fol_4r.6" n="6" /><w part="F">tudinem</w> &#7545;eneri&#383; humani in qua praeuiderit <choice><abbr>d&#383;&#772;</abbr><expan>d<ex>eu</ex>&#383;</expan></choice> 
                    <lb xml:id="fol_4r.7" n="7" /><choice><abbr>qu&#281;</abbr><expan>qu<ex>ae</ex></expan></choice> par&#383; honoranda <sic><choice><abbr>e&#383;&#383;&#281;</abbr><expan>e&#383;&#383;<ex>ae</ex></expan></choice></sic> <app><rdg wit="#CSEL40">esse</rdg></app> <choice><abbr>pr&#281;mio</abbr><expan>pr<ex>ae</ex>mio</expan></choice> <choice><abbr>qu&#281;</abbr><expan>qu<ex>ae</ex></expan></choice> damnanda 
                    <lb xml:id="fol_4r.8" n="8" /><sic>&#383;upljcio</sic> <app><rdg wit="#CSEL40">&#383;upplicio</rdg></app>; FINIUNT CAPITULA &#183; <choice><abbr>IN&#772;C&#772;P</abbr><expan>INC<ex>I</ex>P<ex>IT</ex></expan></choice> &#183; <choice><abbr>L&#772;I&#772;B&#772;</abbr><expan>LIB<ex>RI</ex></expan></choice> &#183; XIII
                    <lb xml:id="fol_4r.9" n="9" /><choice><abbr>IN&#772;C&#772;P</abbr><expan>INC<ex>I</ex>P<ex>IT</ex></expan></choice> &#183; CAPITULA; 
                    <lb xml:id="fol_4r.10" n="10" /><num value="1">I</num>. De lap&#383;u <sic>pimorum</sic> <app><rdg wit="#CSEL40">primorum</rdg></app> hominum per quem e&#383;t contracta
                    <lb xml:id="fol_4r.11" n="11" />mortalita&#383;;
                    <lb xml:id="fol_4r.12" n="12" /><num value="2">II</num>. De ea morte que anime <app><rdg wit="#CSEL40">quae animae</rdg></app> &#383;emper utcumque <choice><abbr>uictur&#281;</abbr><expan>uictur<ex>ae</ex></expan></choice>
                    <lb xml:id="fol_4r.13" n="13" />accidere pote&#383;t et ea cui corpu&#383; obnoxium e&#383;t;
                    <lb xml:id="fol_4r.14" n="14" /><num value="3">III</num>. Utrum mor&#383; <choice><abbr>qu&#281;</abbr><expan>qu<ex>ae</ex></expan></choice> per peccatum primorum <choice><abbr>hominu &#772;</abbr><expan>hominu<ex>m</ex></expan></choice>
                    <lb xml:id="fol_4r.15" n="15" />in omne&#383; homine&#383; pertran&#383;iit &#183; etiam in <choice><abbr>&#383;c&#772;i&#772;&#383;</abbr><expan>&#383;<ex>an</ex>c<ex>t</ex>i&#383;</expan></choice> poena
                    <lb xml:id="fol_4r.16" n="16" />peccati &#383;it;
                    <lb xml:id="fol_4r.17" n="17" /><num value="4">IIII</num>. Cur <app><rdg wit="#CSEL40">Quur</rdg></app> ab hi&#383; qui per &#7545;ratiam re&#7545;enerationi&#383; ab&#383;oluti&#383; <app><rdg wit="#CSEL40">absoluti</rdg></app>
                    <lb xml:id="fol_4r.18" n="18" />&#383;unt &#183; a peccato non auferatur mor&#383; id e&#383;t poena peccati;
                    <lb xml:id="fol_4r.19" n="19" /><num value="5">V</num>. Quod &#383;icut iniqui male utuntur le&#7545;e <choice><abbr>qu&#281;</abbr><expan>qu<ex>ae</ex></expan></choice> bona e&#383;t &#183; ita
                    <lb xml:id="fol_4r.20" n="20" />iu&#383;ti bene utantur morte <choice><abbr>qu&#281;</abbr><expan>qu<ex>ae</ex></expan></choice> mala e&#383;t; 
                    <lb xml:id="fol_4r.21" n="21" /><num value="6">VI</num>. De &#7545;eneralj morti&#383; malo quo animi <app><rdg wit="#CSEL40">animae</rdg></app> et corpori&#383; <sic><w part="I"><choice><abbr>&#383;oci&#281;</abbr><expan>&#383;oci<ex>ae</ex></expan></choice></w>
                    <lb xml:id="fol_4r.22" n="22" /><w part="F">ta&#383;</w></sic> <app><rdg wit="#CSEL40">societas</rdg></app> &#183; &#383;eparatur;
                    <lb xml:id="fol_4r.23" n="23" /><num value="7">VII</num>. De morte quam quidam non re&#7545;enerati pro <choice><abbr>xp&#772;i</abbr><expan>chr<ex>i&#383;t</ex>i</expan></choice>
                    <lb xml:id="fol_4r.24" n="24" />confe&#383;&#383;ione &#383;u&#383;cipiunt;
                    <lb xml:id="fol_4r.25" n="25" /><num value="8">VIII</num>. Quod in <choice><abbr>&#383;c&#772;i&#772;&#383;</abbr><expan>&#383;<ex>an</ex>c<ex>t</ex>i&#383;</expan></choice> primae morti&#383; pro ueritate
                    <lb xml:id="fol_4r.26" n="26" />&#383;u&#383;ceptio &#383;ecundae &#383;it morti&#383; aboljtio,
                    <lb xml:id="fol_4r.27" n="27" /><num value="9">VIIII</num>. Tempu&#383; morti&#383; quo uitae <sic>&#383;em&#383;u&#383;</sic> <app><rdg wit="#CSEL40">sensus</rdg></app> aufertur
                    <lb xml:id="fol_4r.28" n="28" />In morientibu&#383; an in mortui&#383; e&#383;&#383;e <choice><abbr>dicendu&#772;</abbr><expan>dicendu<ex>m</ex></expan></choice> &#383;it;
                    <lb xml:id="fol_4r.29" n="29" />An uita mortaljum mor&#383; potiu&#383; quam uita
                    <lb xml:id="fol_4r.30" n="30" />dicenda &#383;it;
                </ab>
            </div>
           
            
        </body>

    </text>
</TEI>
