<?xml version="1.0" encoding="UTF-8"?>
<?xml-model RNGSchema="http://www.stoa.org/epidoc/schema/latest/tei-epidoc.rng" type="xml"?>

<TEI xmlns="http://www.tei-c.org/ns/1.0">
    <teiHeader>
        <fileDesc>
            <titleStmt>
                <title ref="http://data.perseus.org/catalog/urn:cts:latinLit:stoa0040.stoa003">Contra Paganos De Civitate Dei: A Digital Edition of the Oldest Surviving Manuscript</title>
                <author ref="http://data.perseus.org/catalog/urn:cts:latinLit:stoa0040">Aurelius Augustinus</author>
                <editor>Greta Franzini</editor>
                <respStmt>
                    <persName>Greta Franzini</persName>
                    <resp>PhD student</resp>
                </respStmt>
                <respStmt>
                    <persName>Melissa Terras</persName>
                    <resp>First supervisor</resp>
                </respStmt>
                <respStmt>
                    <persName>Simon Mahony</persName>
                    <resp>Second supervisor</resp>
                </respStmt>
            </titleStmt>
            <editionStmt>
                <edition n="1">First digital edition</edition>
            </editionStmt>
            <publicationStmt>
                <authority>Greta Franzini</authority>
                <idno>Fol_01v-06r.xml</idno>
                <authority>UCL Centre for Digital Humanities</authority>
                <availability>
                    <p>Available under a Creative Commons Attribution-ShareAlike International 4.0 License</p>
                </availability>
                <date>2014</date>
            </publicationStmt>
            <sourceDesc>
                <msDesc>
                    <msIdentifier>
                        <settlement>Verona</settlement>
                        <repository>Biblioteca Capitolare</repository>
                        <idno>MS XXVIII(26)</idno>
                    </msIdentifier>
                    <msContents>
                        <msItem> <incipit><choice><abbr>I&#772;N&#772;C&#772;P</abbr><expan>INC<ex>I</ex>P<ex>IT</ex></expan></choice>:CAPITULA:<choice><abbr>L&#772;I&#772;B&#772;</abbr><expan>LIB<ex>RI</ex></expan></choice>:XI:DECIUITATE<choice><abbr>D&#772;I&#772;</abbr><expan>D<ex>E</ex>I</expan></choice>:</incipit>
                        </msItem>
                        <msItemStruct>
                            <p>Books 11-16. Annotations by Ireneo Pacifico (778-846) and Raterio da Verona (887-974).</p>
                        </msItemStruct>
                    </msContents>
                    <physDesc>
                        <objectDesc form="codex">
                            <supportDesc material="parchment">
                                <support><p>Parchment</p></support>
                                <extent>ff.253 <dimensions scope="all" type="leaf" unit="mm">
                                    <height>292</height>
                                    <width>190</width>
                                </dimensions>
                                </extent>
                            </supportDesc>
                            <layoutDesc>
                                <layout columns="1"><p>In a single column</p></layout>
                            </layoutDesc>
                        </objectDesc>
                        <bindingDesc>
                            <binding contemporary="unknown">
                                <p>Bound in <material>rigid parchment</material>, possibly in 18th
                                    century, and rebound using the same support in 1926.</p>
                            </binding>
                        </bindingDesc>
                    </physDesc>
                    <history>
                        <origin>
                            <p>Written in <origPlace>North Africa</origPlace> in the <origDate>early 5th century.</origDate>
                            </p>
                        </origin>
                    </history>
                </msDesc>
            </sourceDesc>
        </fileDesc>
        <encodingDesc>
            <p>The following text was encoded in accordance with EpiDoc standards.</p>
        </encodingDesc>
        <profileDesc>
            <langUsage>
                <language ident="la">Latin</language>
            </langUsage>
        </profileDesc>
    </teiHeader>
    
    
    <text>
        <body>
            
            
            <div n="Folio 1v" type="edition">
                <ab>
                    <lb xml:id="fol_1v.1" n="1"/><num value="1">I</num>. De ea parte operi&#383; qua duarum ciuitatum id e&#383;t 
                    <lb xml:id="fol_1v.2" n="2"/>cele&#383;ti&#383; <app><rdg wit="#CSEL40">caelestis</rdg></app> atque <app><rdg wit="#CSEL40">adque</rdg></app> terren&#230; initia et fine&#383; incipient 
                    <lb xml:id="fol_1v.3" n="3"/>demon&#383;trari; 
                    <lb xml:id="fol_1v.4" n="4"/><num value="2">II</num>. De co&#7545;no&#383;cendo <choice><abbr>do&#772;</abbr><expan>d<ex>e</ex>o</expan></choice> ad cuiu&#383; notitiam nemo <choice><abbr>hominu&#772;</abbr><expan><ex>m</ex></expan></choice>
                    <lb xml:id="fol_1v.5" n="5"/>peruenit &#183; ni&#383;i per mediatorem <choice><abbr>di&#772;</abbr><expan>d<ex>e</ex>i</expan></choice> et hominum &#772; &#183; 
                    <lb xml:id="fol_1v.6" n="6"/>hominem <choice><abbr>xp&#772;m&#772;</abbr><expan>Chr<ex>istu</ex>m</expan></choice> <choice><abbr>ih&#772;m&#772;</abbr><expan>Ih<ex>esu</ex>m</expan></choice>;
                    <lb xml:id="fol_1v.7" n="7"/><num value="3">III</num>. De auctoritate canonic<choice><abbr>&#281;</abbr><expan><ex>ae</ex></expan></choice> &#383;criptur&#230; diuino <choice><abbr>&#383;p&#772;u&#772;</abbr><expan>&#383;p<ex>irit</ex>u</expan></choice>
                    <lb xml:id="fol_1v.8" n="8"/>conditae; 
                    <lb xml:id="fol_1v.9" n="9"/><num value="4">IIII</num>. De conditione mundi
                    qu<choice><abbr>&#281;</abbr><expan><ex>ae</ex></expan></choice> nec intemporali&#383; &#383;it 
                    <lb xml:id="fol_1v.10" n="10"/>nec nobo <app><rdg wit="#CSEL40">nouo</rdg></app> <choice><abbr>di&#772;</abbr><expan>d<ex>e</ex>i</expan></choice> ordinata con&#383;iljo qua&#383;i po&#383;tea <w part="I">uolue</w>
                    <lb xml:id="fol_1v.11" n="11"/><w part="F">rit</w> quod ante noluerat; 
                    <lb xml:id="fol_1v.12" n="12"/><num value="5">V</num>. Tam non e&#383;&#383;e co&#7545;itandum de infiniti&#383; temporum 
                    <lb xml:id="fol_1v.13" n="13"/>&#383;patii&#383; ante mundum quam nec de infiniti&#383; <choice><abbr>locoru&#772;</abbr><expan><ex>m</ex></expan></choice>
                    <lb xml:id="fol_1v.14" n="14"/>&#383;patii&#383; <sic>axtra</sic> <app><rdg wit="#CSEL40">extra</rdg></app> mundum &#183; quia &#383;icut nulla ante 
                    <lb xml:id="fol_1v.15" n="15"/><choice><abbr>ip&#383;u&#772;</abbr><expan><ex>m</ex></expan></choice> &#383;unt tempora &#183; ita nulla extra <choice><abbr>ip&#383;u &#772;</abbr><expan><ex>m</ex></expan></choice> &#383;unt loca. 
                    <lb xml:id="fol_1v.16" n="16"/><num value="6">VI</num>. Creationi&#383; mundi et temporum unum e&#383;&#383;e <w part="I">prin</w>
                    <lb xml:id="fol_1v.17" n="17"/><w part="F">cipium</w> nec aljud aljo pr&#230;ueniri; 
                    <lb xml:id="fol_1v.18" n="18"/><num value="7">VII</num>. De qualjtate primorum dierum qui <choice><abbr>&#38;iam</abbr><expan><ex>et</ex>iam</expan></choice> ante
                    <lb xml:id="fol_1v.19" n="19"/>quam &#383;ol <choice><abbr>fier&#38;</abbr><expan>fier<ex>et</ex></expan></choice> ue&#383;peram et mane traduntur
                    <lb xml:id="fol_1v.20" n="20"/>habui&#383;&#383;e; 
                    <lb xml:id="fol_1v.21" n="21"/><num value="8">VIII</num>. Qu<choice><abbr>&#281;</abbr><expan><ex>ae</ex></expan></choice> qualj&#383;que
                    <sic>intele&#7545;enda</sic> <app><rdg wit="#CSEL40">intellegenda</rdg></app> &#383;it <choice><abbr>di&#772;</abbr><expan>d<ex>e</ex>i</expan></choice> requie&#383; &#183; qua po&#383;t
                    <lb xml:id="fol_1v.22" n="22"/>opera &#383;ex dierum requiebit <app><rdg wit="#CSEL40">requieuit</rdg></app> in &#383;eptimo; 
                    <lb xml:id="fol_1v.23" n="23"/><num value="8">VIII</num>. De an&#7545;elorum conditione quid &#383;ecundum diuina 
                    <lb xml:id="fol_1v.24" n="24"/>te&#383;timonia &#383;entiendum &#383;it; 
                    <lb xml:id="fol_1v.25" n="25"/><num value="9">VIIII</num>. De &#383;implici <choice><abbr>&#38;</abbr><expan><ex>et</ex></expan></choice> incommutabilji&#383; trinitate <choice><abbr>di&#772;</abbr><expan>d<ex>e</ex>i</expan></choice> patri&#383;
                    <lb xml:id="fol_1v.26" n="26"/><choice><abbr>&#38;</abbr><expan><ex>et</ex></expan></choice> <choice><abbr>di&#772;</abbr><expan>d<ex>e</ex>i</expan></choice> filji &#183; et <choice><abbr>di&#772;</abbr><expan>d<ex>e</ex>i</expan></choice> <choice><abbr>&#383;p&#772;&#383;&#772;</abbr><expan>&#383;p<ex>iritu</ex>&#383;</expan></choice> <choice><abbr>&#383;c&#772;i&#772;</abbr><expan>&#383;<ex>an</ex>c<ex>t</ex>i</expan></choice>
                    &#183; uniu&#383; <choice><abbr>di&#772;</abbr><expan>d<ex>e</ex>i</expan></choice> &#183;
                    cui non e&#383;t alju<add place="above">d</add> <w part="I">qualj</w> 
                    <lb xml:id="fol_1v.27" n="27"/><w part="F">tas</w> aljudque &#383;ub&#383;tantia; 
                    <lb xml:id="fol_1v.28" n="28"/><num value="10">X</num>. An eiu&#383; beatitudini&#383; &#183; quam <choice><abbr>&#383;c&#772;i&#772;</abbr><expan>&#383;<ex>an</ex>c<ex>t</ex>i</expan></choice> &#183; an&#7545;elj ab initio
                    
                </ab>
            </div>
            
            <div n="Folio 2r" type="edition"> 
                <ab>
                    <lb xml:id="fol_2r.1" n="1"/>&#383;ui &#383;emper habuerunt &#183; etiam illo&#383; <choice><abbr>&#383;p&#772;&#383;</abbr><expan>&#383;p<ex>iritu</ex>&#383;</expan></choice> qui in <w part="I">ueri</w>
                    <lb xml:id="fol_2r.2" n="2"/><w part="F">tate</w> non &#383;teterunt participe&#383; fui&#383;&#383;e <choice><abbr>credendu&#772;</abbr><expan>credendu<ex>m</ex></expan></choice> &#383;it; 
                    <lb xml:id="fol_2r.3" n="3"/><num value="12">XII</num>. De comparatione beatitudini&#383; iu&#383;torum <choice><abbr>necdu &#772;</abbr><expan>necdu<ex>m</ex></expan></choice>
                    <lb xml:id="fol_2r.4" n="4"/>optinentium <app><rdg wit="#CSEL40">obtinetium</rdg></app> promi&#383;&#383;ioni&#383; diuin<choice><abbr>&#281;</abbr><expan><ex>ae</ex></expan></choice> pr&#230;mium <choice><abbr>&#38;</abbr><expan><ex>et</ex></expan></choice> <w part="I">pri</w>
                    <lb xml:id="fol_2r.5" n="5"/><w part="F"><choice><abbr>moru &#772;</abbr><expan>moru<ex>m</ex></expan></choice></w> in parady&#383;o <app><rdg wit="#CSEL40">paradiso</rdg></app> hominum ante peccatum; 
                    <lb xml:id="fol_2r.6" n="6"/><num value="13">XIII</num>. An ita uniu&#383; felicitati&#383; omne&#383; an&#7545;eli &#383;int creati &#183; 
                    <lb xml:id="fol_2r.7" n="7"/>ut neque lap&#383;uro&#383; &#383;e po&#383;&#383;ent no&#383;&#383;e qui lap&#383;i &#383;unt &#183; 
                    <lb xml:id="fol_2r.8" n="8"/><choice><abbr>&#38;</abbr><expan><ex>et</ex></expan></choice> po&#383;t ruinam la<corr>b</corr>entium per&#383;eueranti&#230; <choice><abbr>&#383;u&#281;</abbr><expan>&#383;u<ex>ae</ex></expan></choice> <w part="I">prae</w>
                    <lb xml:id="fol_2r.9" n="9"/><w part="F">&#383;cientiam</w> ac ceperint qui &#383;teterunt;
                    <lb xml:id="fol_2r.10" n="10"/><num value="14">XIIII</num>. Quo &#7545;enere locutioni&#383; <choice><abbr>dictu &#772;</abbr><expan>dictu<ex>m</ex></expan>
                    </choice> &#383;it de diabolo quod in 
                    <lb xml:id="fol_2r.11" n="11"/>ueritate non &#383;te<add place="above">te</add>rit quia uerita&#383; non e&#383;t in eo;
                    <lb xml:id="fol_2r.12" n="12"/><num value="15">XV</num>. Quid &#383;entiendum &#383;it de eo quod dictum e&#383;t, ab initio 
                    <lb xml:id="fol_2r.13" n="13"/>diabolu&#383; peccat;
                    <lb xml:id="fol_2r.14" n="14"/><num value="16">XVI</num>. De &#7545;radibu&#383; et differentii&#383; creaturarum qua&#383; 
                    <lb xml:id="fol_2r.15" n="15"/>aljter perdit u&#383;u&#383; utiljtati&#383;. aljter ordo rationi&#383;; 
                    <lb xml:id="fol_2r.16" n="16"/><num value="17">XVII</num>. Vitium maljti<choice><abbr>&#281;</abbr><expan><ex>ae</ex></expan></choice> non naturam e&#383;&#383;e &#183; &#383;ed contra <w part="I">na</w>                    
                    <lb xml:id="fol_2r.17" n="17"/><w part="F">turam</w> cui ad peccandum no<add place="above">n</add> conditor cau&#383;a e&#383;t
                    <lb xml:id="fol_2r.18" n="18"/>&#383;ed uolunta&#383;; 
                    <lb xml:id="fol_2r.19" n="19"/><num value="18">XVIII</num>. De pulchritudine uniuer&#383;itati&#383;  qu<choice><abbr>&#281;</abbr><expan><ex>ae</ex></expan></choice> per <w part="I">ordina</w> 
                    <lb xml:id="fol_2r.20" n="20"/><w part="F">tionem</w> <choice><abbr>di&#772;</abbr><expan>d<ex>e</ex>i</expan></choice> <choice><abbr>&#38;iam</abbr><expan><ex>et</ex>iam</expan></choice> ex contrariorum fit oppo&#383;itione <app><rdg wit="#CSEL40">obpositione</rdg></app>                     
                    <lb xml:id="fol_2r.21" n="21"/>luculentior; 
                    <lb xml:id="fol_2r.22" n="22"/><num value="19">XVIIII</num>. Quid &#383;entiendum uideatur de eo quod <choice><abbr>&#383;criptu&#772;</abbr><expan>&#383;criptu<ex>m</ex></expan></choice> e&#383;t 
                    <lb xml:id="fol_2r.23" n="23"/>diui&#383;it <choice><abbr>d&#383;&#772;</abbr><expan>d<ex>eu</ex>&#383;</expan></choice> inter lucem <choice><abbr>&#38;</abbr><expan><ex>et</ex></expan></choice> tenebra&#383;; 
                    <lb xml:id="fol_2r.24" n="24"/><num value="20">XX</num>. De eo quod po&#383;t di&#383;cretionem luci&#383; atque <app><rdg wit="#CSEL40">adque</rdg></app> <choice><abbr>tenebraru&#772;</abbr><expan>tenebraru<ex>m</ex></expan></choice>
                    <lb xml:id="fol_2r.25" n="25"/>dictum e&#383;t &#183; <choice><abbr>&#38;</abbr><expan><ex>et</ex></expan></choice> uidit <choice><abbr>d&#383;&#772;</abbr><expan>d<ex>eu</ex>&#383;</expan></choice> lucem quia bona e&#383;t;
                    <lb xml:id="fol_2r.26" n="26"/><num value="21">XXI</num>. De &#230;terna<del rend="expunction">m</del> <choice><abbr>&#38;</abbr><expan><ex>et</ex></expan></choice> inconmutabilj <app><rdg wit="#CSEL40">incommutabili</rdg></app> &#383;cientia <choice><abbr>di&#772;</abbr><expan>d<ex>e</ex>i</expan></choice> ac <w part="I">bonita</w> 
                    <lb xml:id="fol_2r.27" n="27"/><w part="F">te</w>&#183; <app><rdg wit="#CSEL40">uoluntate</rdg></app> qua &#383;emper illj uniuer&#383;a qu&#230; fecit &#383;ic placuerunt
                    <lb xml:id="fol_2r.28" n="28"/>facienda quem ad modum facta; 
                    <lb xml:id="fol_2r.29" n="29"/><num value="22">XXII</num>. De hi&#383; quibu&#383; in uniuer&#383;itate rerum a bono creatore 
                    <lb xml:id="fol_2r.30" n="30"/>bene conditarum qu&#230;dam di&#383;pljcent &#183; <choice><abbr>&#38;</abbr><expan><ex>et</ex></expan></choice> putant <choice><abbr>ulla&#772;</abbr><expan>ulla<ex>m</ex></expan></choice> <app><rdg wit="#CSEL40">nonnullam</rdg></app>                   
                </ab>
            </div>

            <div n="Folio 2v" type="edition"> 
                <ab>
                    <lb xml:id="fol_2v.1" n="1" />malam e&#383;&#383;e naturam;
                    <lb xml:id="fol_2v.2" n="2" /><num value="23">XXIII</num>. De errore in quo ori&#7545;eni&#383; doctrina culpatur;
                    <lb xml:id="fol_2v.3" n="3" /><num value="24">XXIIII</num>. De trinitate diuina qu&#230; <sic>peri</sic> <app><rdg wit="#CSEL40">per</rdg></app> omnia opera &#383;ua <w part="I">&#383;i&#7545;ni</w>
                    <lb xml:id="fol_2v.4" n="4" /><w part="F">ficationi&#383;</w> &#383;u&#230; &#383;par&#383;it indicia;
                    <lb xml:id="fol_2v.5" n="5" /><num value="25">XXV</num>. De tripertita totiu&#383; <sic>filo&#383;ophi<choice><abbr>&#38;</abbr><expan><ex>et</ex></expan></choice></sic> <app><rdg wit="#CSEL40">philosophiae</rdg></app> di&#383;ciplina; 
                    <lb xml:id="fol_2v.6" n="6" /><num value="26">XXVI</num>. De ima&#7545;ine &#383;ummae trinitati&#383; qu&#230; &#383;ecundum <sic><w part="I">quaen</w> 
                    <lb xml:id="fol_2v.7" n="7" /><w part="F">dam</w></sic> <app><rdg wit="#CSEL40">quendam</rdg></app> modum <sic>inaturam</sic> <app><rdg wit="#CSEL40">in natura</rdg></app> <choice><abbr>&#38;iam</abbr><expan><ex>et</ex>iam</expan></choice> necdum beatificati
                    <lb xml:id="fol_2v.8" n="8" />homini&#383; inuenitur;
                    <lb xml:id="fol_2v.9" n="9" /><num value="27">XXVII</num>. De e<add place="above">&#383;</add>&#383;entia <choice><abbr>&#38;</abbr><expan><ex>et</ex></expan></choice> &#383;cienti <choice><abbr>&#38;</abbr><expan><ex>et</ex></expan></choice> utriu&#383;que amore;
                    <lb xml:id="fol_2v.10" n="10" /><num value="28">XXVIII</num>. An etiam ip&#383;um amorem quo <choice><abbr>&#38;</abbr><expan><ex>et</ex></expan></choice> e&#383;&#383;e et &#383;cire <w part="I">dili&#7545;i</w>
                    <lb xml:id="fol_2v.11" n="11" /><w part="F">mu&#383;</w> &#183; dili&#7545;ere debeamu&#383; &#183; quo ma&#7545;i&#383; diuin&#230; <w part="I">trinita</w>
                    <lb xml:id="fol_2v.12" n="12" /><w part="F">ti&#383;</w> &#183; ima&#7545;ini propinquemu&#383;;
                    <lb xml:id="fol_2v.13" n="13" /><num value="29">XXVIIII</num>. De <choice><abbr>&#383;c&#772;o&#772;rum</abbr><expan>&#383;<ex>an</ex>c<ex>t</ex>orum</expan></choice> an&#7545;elorum &#383;cientia &#183; <choice><abbr>qu&#281;</abbr><expan>qu<ex>ae</ex></expan></choice> trinitate <app><rdg wit="#CSEL40">qua trinitatem</rdg></app> in ip&#383;a
                    <lb xml:id="fol_2v.14" n="14" />eiu&#383; <choice><abbr>di&#772;tate</abbr><expan>d<ex>e</ex>itate</expan></choice> nouerunt &#183; <choice><abbr>&#38;</abbr><expan><ex>et</ex></expan></choice> qua operum cau&#383;a&#383; priu&#383;
                    <lb xml:id="fol_2v.15" n="15" />in operanti&#383; arte &#183; quam in ip&#383;i&#383; operibu&#383; artifici&#383;
                    <lb xml:id="fol_2v.16" n="16" />intuentur;
                    <lb xml:id="fol_2v.17" n="17" /><num value="30">XXX</num>. De &#383;enarii numeri perfectione qui primu&#383; partium
                    <lb xml:id="fol_2v.18" n="18" /><num value="31">XXXI</num>. &#383;uarum quantitate <choice><abbr>compl&#38;ur</abbr><expan>compl<ex>et</ex>ur</expan></choice>, de die &#383;eptimo &#183; in quo
                    <lb xml:id="fol_2v.19" n="19" />plenitudo <choice><abbr>&#38;</abbr><expan><ex>et</ex></expan></choice> requie&#383; commendatur;
                    <lb xml:id="fol_2v.20" n="20" /><num value="32">XXXII</num>. De opinione eorum qui an&#7545;elorum creationem
                    <lb xml:id="fol_2v.21" n="21" />anteriorem uolunt e&#383;&#383;e quam mundi;
                    <lb xml:id="fol_2v.22" n="22" /><num value="33">XXXIII</num>. De duabu&#383; an&#7545;elorum <sic>&#383;oci&#230;tatibu&#383;</sic> <app><rdg wit="#CSEL40">societatibus</rdg></app> diuer&#383;i&#383; atque <app><rdg wit="#CSEL40">adque</rdg></app>
                    <lb xml:id="fol_2v.23" n="23" />di&#383;paribu&#383; quae non incom<add>&#7545;</add>rue <app><rdg wit="#CSEL40">incongrue</rdg></app> intelle&#7545;untur luci&#383;
                    <lb xml:id="fol_2v.24" n="24" /><choice><abbr>&#38;</abbr><expan><ex>et</ex></expan></choice> tenebrarum nominibu&#383; <app><rdg wit="#CSEL40">nominibus noncupatae</rdg></app>;
                    <lb xml:id="fol_2v.25" n="25" /><num value="34">XXXIIII</num>. De eo quod quidam putant in conditione <w part="I">firmamen</w>
                    <lb xml:id="fol_2v.26" n="26" /><w part="F">ti</w> aquarum di&#383;cretarum nomine an&#7545;elo&#383; <w part="I">&#383;i&#7545;nifi</w>
                    <lb xml:id="fol_2v.27" n="27" /><w part="F">cato&#383;</w>. <choice><abbr>&#38;</abbr><expan><ex>et</ex></expan></choice> quo <app><rdg wit="#CSEL40">quod</rdg></app> quidam aqua&#383; &#339;&#383;timant <app><rdg wit="#CSEL40">existimant</rdg></app> non creata&#383;;
                    <lb xml:id="fol_2v.28" n="28" /><choice><abbr>EX&#772;P&#772;L&#772;</abbr><expan>EXPL<ex>ICIT</ex></expan></choice> &#183; CAPITULA <choice><abbr>IN&#772;C&#772;P&#772;</abbr><expan>INC<ex>I</ex>P<ex>IT</ex></expan></choice> &#183; CAPITULA &#183; <choice><abbr>L&#772;I&#772;B&#772;</abbr><expan>LIB<ex>RI</ex></expan></choice> &#183; XII;  
                    <lb xml:id="fol_2v.29" n="29" /><num value="1">I</num>. De una bonorum an&#7545;elorum malorumque natura; 
                    <lb xml:id="fol_2v.30" n="30" /><num value="2">II</num>. Nullam e&#383;&#383;entiam <choice><abbr>do&#772;</abbr><expan>d<ex>e</ex>o</expan></choice> e&#383;&#383;e comtrariam <app><rdg wit="#CSEL40">contrariam</rdg></app> &#183; quia ab eo &#183;
                </ab>
            </div>
            
            <div n="Folio 3r" type="edition"> 
                <ab>
                    <lb xml:id="fol_3r.1" n="1" />qui &#383;umme <choice><abbr>&#38;</abbr><expan><ex>et</ex></expan></choice> &#383;emper e&#383;t &#183; hoc in totum uidetur <w part="I">diuer</w> 
                    <lb xml:id="fol_3r.2" n="2" /><w part="F">&#383;um</w> e&#383;&#383;e quod non e&#383;t;
                    <lb xml:id="fol_3r.3" n="3" /><num value="3">III</num>. De inimici&#383; <choice><abbr>di&#772;</abbr><expan>d<ex>e</ex>i</expan></choice> &#183; non per naturam &#383;ed per contrariam
                    <lb xml:id="fol_3r.4" n="4" />uoluntate <app><rdg wit="#CSEL40">uoluntatem</rdg></app> <choice><abbr>qu&#281;</abbr><expan>qu<ex>ae</ex></expan></choice> cum ip&#383;i&#383; <choice><abbr>noc&#38;</abbr><expan>noc<ex>et</ex></expan></choice> &#183; <choice><abbr>bon&#281;</abbr><expan>bon<ex>ae</ex></expan></choice> utique natur&#230;
                    <lb xml:id="fol_3r.5" n="5" /><choice><abbr>noc&#38;</abbr><expan>noc<ex>et</ex></expan></choice> &#183; quia uitium &#383;i non <choice><abbr>noc&#38;</abbr><expan>noc<ex>et</ex></expan></choice> non e&#383;t;
                    <lb xml:id="fol_3r.6" n="6" /><num value="4">IIII</num>. De naturi&#383; inrationabiljum <app><rdg wit="#CSEL40">inrationalium</rdg></app> aut uita carentium
                    <lb xml:id="fol_3r.7" n="7" /><choice><abbr>qu&#281;</abbr><expan>qu<ex>ae</ex></expan></choice> in &#383;uo &#7545;enere atque <app><rdg wit="#CSEL40">adque</rdg></app> ordine ab uniuer&#383;itati&#383; &#183; decore 
                    <lb xml:id="fol_3r.8" n="8" />non di&#383;crepant;
                    <lb xml:id="fol_3r.9" n="9" /><num value="5">V</num>. Quod in omnium natura <choice><abbr>&#38;</abbr><expan><ex>et</ex></expan></choice> &#383;peci&#230; <app><rdg wit="#CSEL40">in omni naturae specie</rdg></app> ac modo <w part="I">laudabi</w>
                    <lb xml:id="fol_3r.10" n="10" /><w part="F">li&#383;</w> &#383;it creator;
                    <lb xml:id="fol_3r.11" n="11" /><num value="6">VI</num>. Qua <app><rdg wit="#CSEL40">quae</rdg></app> cau&#383;a &#383;it beatitudini&#383; an&#7545;elorum bonorum <choice><abbr>&#38;</abbr><expan><ex>et</ex></expan></choice> que <app><rdg wit="#CSEL40">quae</rdg></app>
                    <lb xml:id="fol_3r.12" n="12" />cau&#383;a &#383;it mi&#383;eri&#230; an&#7545;elorum malorum;
                    <lb xml:id="fol_3r.13" n="13" /><num value="7">VII</num>. Cau&#383;am efficientem male <app><rdg wit="#CSEL40">malae</rdg></app> uoluntati&#383; non e&#383;&#383;e <w part="I">qu&#230;</w> 
                    <lb xml:id="fol_3r.14" n="14" /><w part="F">rendam</w>;
                    <lb xml:id="fol_3r.15" n="15" /><num value="8">VIII</num>. De amore peruer&#383;o quod uolumta&#383; <app><rdg wit="#CSEL40">quo uoluntas</rdg></app> ab <w part="I">inconmuta</w>
                    <lb xml:id="fol_3r.16" n="16" /><w part="F">bilj</w> <app><rdg wit="#CSEL40">incommutabili</rdg></app> bono &#183; ad mutabile bonum deficit;
                    <lb xml:id="fol_3r.17" n="17" /><num value="9">VIIII</num>. An <choice><abbr>&#383;c&#772;i&#772;</abbr><expan>&#383;<ex>an</ex>c<ex>t</ex>i</expan></choice> an&#7545;elj quem habent creatorem <choice><abbr>natur&#281;</abbr><expan>natur<ex>ae</ex></expan></choice> &#183; eundem
                    <lb xml:id="fol_3r.18" n="18" />habeant bon&#230; uolumtati&#383; auctore <app><rdg wit="#CSEL40">uoluntatis auctorem</rdg></app> &#183; per <choice><abbr>&#383;p&#772;m&#772;</abbr><expan>&#383;p<ex>iritu</ex>m</expan></choice> <choice><abbr>&#383;c&#772;m&#772;</abbr><expan>&#383;<ex>an</ex>c<ex>t</ex>um</expan></choice> 
                    <lb xml:id="fol_3r.19" n="19" />in ei&#383; caritate diffu&#383;a;
                    <lb xml:id="fol_3r.20" n="20" /><num value="10">X</num>. De opinione eorum qui humanum &#7545;enu&#383; &#383;icut ip&#383;um 
                    <lb xml:id="fol_3r.21" n="21" />mundum &#383;emper fui&#383;&#383;e exi&#383;timant;
                    <lb xml:id="fol_3r.22" n="22" /><num value="11">XI</num>. De fal&#383;itate eiu&#383; &#383;tori&#230; <app><rdg wit="#CSEL40">historiae</rdg></app> <choice><abbr>qu&#281;</abbr><expan>qu<ex>ae</ex></expan></choice> multa milja annorum 
                    <lb xml:id="fol_3r.23" n="23" /><choice><abbr>pr&#281;teriti&#383;</abbr><expan>pr<ex>ae</ex>teriti&#383;</expan></choice> temporjbu&#383; a&#383;cribit; <app><rdg wit="#CSEL40">adscribit</rdg></app>
                    <lb xml:id="fol_3r.24" n="24" /><num value="12">XII</num>. De hi&#383; qui hunc quidem mundum non &#383;empiternum
                    <lb xml:id="fol_3r.25" n="25" />putant &#383;ed aut innumerabile&#383; aut eundem <app><rdg wit="#CSEL40">eundem unum</rdg></app> certa
                    <lb xml:id="fol_3r.26" n="26" />conclu&#383;ione <choice><abbr>&#383;&#281;culorum</abbr><expan>&#383;<ex>ae</ex>culorum</expan></choice> &#383;emper na&#383;ci <choice><abbr>&#38;</abbr><expan><ex>et</ex></expan></choice> re&#383;olui opinantur;
                    <lb xml:id="fol_3r.27" n="27" /><num value="13">XIII</num>. Quid re&#383;pondendum &#383;it hi&#383; qui primam <w part="I">con</w> 
                    <lb xml:id="fol_3r.28" n="28" /><w part="F">ditionem</w> homini&#383; tardam e&#383;&#383;e cau&#383;antur;
                    <lb xml:id="fol_3r.29" n="29" /><num value="14">XIIII</num>. De <sic>reuoluitione</sic> <app><rdg wit="#CSEL40">reuolutione</rdg></app> &#383;&#230;culorum quibu&#383; certo fine <w part="I">com</w> 
                    <lb xml:id="fol_3r.30" n="30" /><w part="F">clu&#383;i&#383;</w> <app><rdg wit="#CSEL40">conclusis</rdg></app> uniuer&#383;a &#383;emper in eundem ordinem <choice><abbr>eande&#772;</abbr><expan>eande<ex>m</ex></expan></choice> 
                </ab>
            </div>
            
            <div n="Folio 3v" type="edition">
                <ab>
                    <lb xml:id="fol_3v.1" n="1" />que &#383;peciem reditura &#183; quidam philo&#383;ophi crediderunt;
                    <lb xml:id="fol_3v.2" n="2" /><num value="15">XV</num>. De temporalj conditione &#7545;ene&#383;i&#383; humani quam <choice><abbr>d&#383;&#772;</abbr><expan>d<ex>eu</ex>&#383;</expan></choice> nec <w part="I">no</w>
                    <lb xml:id="fol_3v.3" n="3" /><w part="F">uo</w> con&#383;iljo in&#383;tituerit nec mutabilj uoluntate.
                    <lb xml:id="fol_3v.4" n="4" /><num value="16">XVI</num>. An ut <choice><abbr>d&#383;&#772;</abbr><expan>d<ex>eu</ex>&#383;</expan></choice> &#383;emper etiam <choice><abbr>dn&#772;&#383;&#772;</abbr><expan>d<ex>omi</ex>n<ex>u</ex>&#383;</expan></choice> fui&#383;&#383;e intelle&#7545;atur <w part="I">creden</w>
                    <lb xml:id="fol_3v.5" n="5" /><w part="F">dum</w> &#383;it creaturam quoque numquam defui&#383;&#383;e cui <w part="I">domi</w>
                    <lb xml:id="fol_3v.6" n="6" /><w part="F">naretur</w> &#183; <choice><abbr>&#38;</abbr><expan><ex>et</ex></expan></choice> quo modo dicatur &#383;emper creatum quod dici
                    <lb xml:id="fol_3v.7" n="7" />non pote&#383;t coaeternum;
                    <lb xml:id="fol_3v.8" n="8" /><num value="17">XVII</num>. Quo modo intelle&#7545;enda &#383;it promi&#383;&#383;a homini a <choice><abbr>do&#772;</abbr><expan>d<ex>e</ex>o</expan></choice> uita
                    <lb xml:id="fol_3v.9" n="9" />&#230;terna ante tempora &#230;terna;
                    <lb xml:id="fol_3v.10" n="10" /><num value="18">XVIII</num>. Quid de incommutabilj con&#383;iljo ac uoluntate <choice><abbr>di&#772;</abbr><expan>d<ex>e</ex>i</expan></choice> fide&#383;
                    <lb xml:id="fol_3v.11" n="11" />&#383;ana defendat contra ratiocinatione&#383; eorum qui
                    <lb xml:id="fol_3v.12" n="12" />opera <choice><abbr>di&#772;</abbr><expan>d<ex>e</ex>i</expan></choice> ex &#230;ternitate repetita per eo&#383;dem &#383;emper
                    <lb xml:id="fol_3v.13" n="13" />uolunt <choice><abbr>&#383;&#281;culorum</abbr><expan>&#383;<ex>ae</ex>culorum</expan></choice> redire circuitu&#383;;
                    <lb xml:id="fol_3v.14" n="14" /><num value="19">XVIIII</num>. Contra eo&#383; qui dicunt <sic><choice><abbr>&#230;aqu&#281;</abbr><expan>aqu<ex>ae</ex></expan></choice></sic> <app><rdg wit="#CSEL40">ea quae</rdg></app> infinita &#383;unt &#183; nec <choice><abbr>di&#772;</abbr><expan>d<ex>e</ex>i</expan></choice> <w part="I">po&#383;</w>
                    <lb xml:id="fol_3v.15" n="15" /><w part="F">&#383;e</w> &#383;cientia comprehendi;
                    <lb xml:id="fol_3v.16" n="16" /><num value="20">XX</num>. De <choice><abbr>&#383;&#281;culi&#383;</abbr><expan>&#383;<ex>ae</ex>culi&#383;</expan></choice> <choice><abbr>&#383;&#281;culorum</abbr><expan>&#383;<ex>ae</ex>culorum</expan></choice>;
                    <lb xml:id="fol_3v.17" n="17" /><num value="21">XXI</num>. De <choice><abbr>inpi&#281;tate</abbr><expan>inpi<ex>ae</ex>tate</expan></choice> <app><rdg wit="#CSEL40">inpietate</rdg></app> eorum qui ad&#383;erunt anima&#383; &#383;umme <app><rdg wit="#CSEL40">summae</rdg></app> <w part="I">be</w>
                    <lb xml:id="fol_3v.18" n="18" /><w part="F">reque</w> <app><rdg wit="#CSEL40">ueraeque</rdg></app> beatitudini&#383; participe&#383; &#183; iterum atque <app><rdg wit="#CSEL40">adque</rdg></app> iterum
                    <lb xml:id="fol_3v.19" n="19" />per circuitu&#383; temporum ad ea&#383;dem mi&#383;eria&#383; <w part="I">lauore&#383;</w>
                    <lb xml:id="fol_3v.20" n="20" /><w part="F">que</w> <app><rdg wit="#CSEL40">labore&#383;que</rdg></app> &#183; reditura&#383;;
                    <lb xml:id="fol_3v.21" n="21" /><num value="22">XXII</num>. De conditione uniu&#383; primi homini&#383; atque in <sic>e</sic> <app><rdg wit="#CSEL40">eo</rdg></app> &#7545;eneri&#383; 
                    <lb xml:id="fol_3v.22" n="22" />humani;
                    <lb xml:id="fol_3v.23" n="23" /><num value="23">XXIII</num>. Quod <choice><abbr>pr&#281;&#383;cierit</abbr><expan>pr<ex>ae</ex>&#383;cierit</expan></choice> <app><note><hi rend="italics">Prae&#383;cierit</hi> i&#383; a &#383;yncopated ver&#383;ion of <hi rend="italics">prae&#383;civerit; the &#383;yncopated perfect often drop&#383; the 'v'.</hi></note></app> <choice><abbr>d&#383;&#772;</abbr><expan>d<ex>eu</ex>&#383;</expan></choice> hominem quem primum condidit
                    <lb xml:id="fol_3v.24" n="24" />peccaturum &#183; &#383;imul &#183; que <app><rdg wit="#CSEL40">simulque</rdg></app> <choice><abbr>pr&#281;uiderit</abbr><expan>pr<ex>ae</ex>uiderit</expan></choice> quantum piorum
                    <lb xml:id="fol_3v.25" n="25" />populum ex eiu&#383; &#7545;enere in an&#7545;eljcum con&#383;ortium
                    <lb xml:id="fol_3v.26" n="26" />&#383;ua e&#383;&#383;et &#7545;ratia tran&#383;laturu&#383;;
                    <lb xml:id="fol_3v.27" n="27" /><num value="24">XXIIII</num>. De natura <choice><abbr>human&#281;</abbr><expan>human<ex>ae</ex></expan></choice> <choice><abbr>anim&#281;</abbr><expan>anim<ex>ae</ex></expan></choice> <choice><abbr>creat&#281;</abbr><expan>creat<ex>ae</ex></expan></choice> ad ima&#7545;inem <choice><abbr>di&#772;</abbr><expan>d<ex>e</ex>i</expan></choice>,
                    <lb xml:id="fol_3v.28" n="28" /><num value="25">XXV</num>. An ullju&#383; uel minime <app><rdg wit="#CSEL40">minimae</rdg></app> <choice><abbr>creatur&#281;</abbr><expan>creatur<ex>ae</ex></expan></choice> po&#383;&#383;int dici an&#7545;elj
                    <lb xml:id="fol_3v.29" n="29" />creatore&#383;;
                    <lb xml:id="fol_3v.30" n="30" /><num value="26">XXVI</num>. Omnem naturam <choice><abbr>&#38;</abbr><expan><ex>et</ex></expan></choice> omnem &#383;peciem <choice><abbr>uniuer&#383;&#281;</abbr><expan>uniuer&#383;<ex>ae</ex></expan></choice> <sic>creature</sic> <app><rdg wit="#CSEL40">creaturae</rdg></app> &#183;
                </ab>
            </div>
            
            <div n="Folio 4r" type="edition">
                <ab>
                    <lb xml:id="fol_4r.1" n="1" />non ni&#383;i <choice><abbr>oper&#281;</abbr><expan>oper<ex>ae</ex></expan></choice> <choice><abbr>di&#772;</abbr><expan>d<ex>e</ex>i</expan></choice> fieri atque <app><rdg wit="#CSEL40">adque</rdg></app> formari; 
                    <lb xml:id="fol_4r.2" n="2" /><num value="27">XXVII</num>. De plathonicorum opinione qua putauerunt
                    <lb xml:id="fol_4r.3" n="3" />an&#7545;elo&#383; quidem a <choice><abbr>do&#772;</abbr><expan>d<ex>e</ex>o</expan></choice> condito&#383; &#383;ed ip&#383;o&#383; e&#383;&#383;e <w part="I">huma</w> 
                    <lb xml:id="fol_4r.4" n="4" /><w part="F">norum</w> &#183; corporum conditore&#383;;
                    <lb xml:id="fol_4r.5" n="5" />XXVIII. In primo homine exortam fui&#383;&#383;e omnem <w part="I">pleni</w>
                    <lb xml:id="fol_4r.6" n="6" /><w part="F">tudinem</w> &#7545;eneri&#383; humani in qua praeuiderit <choice><abbr>d&#383;&#772;</abbr><expan>d<ex>eu</ex>&#383;</expan></choice> 
                    <lb xml:id="fol_4r.7" n="7" /><choice><abbr>qu&#281;</abbr><expan>qu<ex>ae</ex></expan></choice> par&#383; honoranda <sic><choice><abbr>e&#383;&#383;&#281;</abbr><expan>e&#383;&#383;<ex>ae</ex></expan></choice></sic> <app><rdg wit="#CSEL40">esse</rdg></app> <choice><abbr>pr&#281;mio</abbr><expan>pr<ex>ae</ex>mio</expan></choice> <choice><abbr>qu&#281;</abbr><expan>qu<ex>ae</ex></expan></choice> damnanda 
                    <lb xml:id="fol_4r.8" n="8" /><sic>&#383;upljcio</sic> <app><rdg wit="#CSEL40">&#383;upplicio</rdg></app>; FINIUNT CAPITULA &#183; <choice><abbr>IN&#772;C&#772;P</abbr><expan>INC<ex>I</ex>P<ex>IT</ex></expan></choice> &#183; <choice><abbr>L&#772;I&#772;B&#772;</abbr><expan>LIB<ex>RI</ex></expan></choice> &#183; XIII
                    <lb xml:id="fol_4r.9" n="9" /><choice><abbr>IN&#772;C&#772;P</abbr><expan>INC<ex>I</ex>P<ex>IT</ex></expan></choice> &#183; CAPITULA; 
                    <lb xml:id="fol_4r.10" n="10" /><num value="1">I</num>. De lap&#383;u <sic>pimorum</sic> <app><rdg wit="#CSEL40">primorum</rdg></app> hominum per quem e&#383;t contracta
                    <lb xml:id="fol_4r.11" n="11" />mortalita&#383;;
                    <lb xml:id="fol_4r.12" n="12" /><num value="2">II</num>. De ea morte que anime <app><rdg wit="#CSEL40">quae animae</rdg></app> &#383;emper utcumque <choice><abbr>uictur&#281;</abbr><expan>uictur<ex>ae</ex></expan></choice>
                    <lb xml:id="fol_4r.13" n="13" />accidere pote&#383;t et ea cui corpu&#383; obnoxium e&#383;t;
                    <lb xml:id="fol_4r.14" n="14" /><num value="3">III</num>. Utrum mor&#383; <choice><abbr>qu&#281;</abbr><expan>qu<ex>ae</ex></expan></choice> per peccatum primorum <choice><abbr>hominu &#772;</abbr><expan>hominu<ex>m</ex></expan></choice>
                    <lb xml:id="fol_4r.15" n="15" />in omne&#383; homine&#383; pertran&#383;iit &#183; etiam in <choice><abbr>&#383;c&#772;i&#772;&#383;</abbr><expan>&#383;<ex>an</ex>c<ex>t</ex>i&#383;</expan></choice> poena
                    <lb xml:id="fol_4r.16" n="16" />peccati &#383;it;
                    <lb xml:id="fol_4r.17" n="17" /><num value="4">IIII</num>. Cur <app><rdg wit="#CSEL40">Quur</rdg></app> ab hi&#383; qui per &#7545;ratiam re&#7545;enerationi&#383; ab&#383;oluti&#383; <app><rdg wit="#CSEL40">absoluti</rdg></app>
                    <lb xml:id="fol_4r.18" n="18" />&#383;unt &#183; a peccato non auferatur mor&#383; id e&#383;t poena peccati;
                    <lb xml:id="fol_4r.19" n="19" /><num value="5">V</num>. Quod &#383;icut iniqui male utuntur le&#7545;e <choice><abbr>qu&#281;</abbr><expan>qu<ex>ae</ex></expan></choice> bona e&#383;t &#183; ita
                    <lb xml:id="fol_4r.20" n="20" />iu&#383;ti bene utantur morte <choice><abbr>qu&#281;</abbr><expan>qu<ex>ae</ex></expan></choice> mala e&#383;t; 
                    <lb xml:id="fol_4r.21" n="21" /><num value="6">VI</num>. De &#7545;eneralj morti&#383; malo quo animi <app><rdg wit="#CSEL40">animae</rdg></app> et corpori&#383; <sic><w part="I"><choice><abbr>&#383;oci&#281;</abbr><expan>&#383;oci<ex>ae</ex></expan></choice></w>
                    <lb xml:id="fol_4r.22" n="22" /><w part="F">ta&#383;</w></sic> <app><rdg wit="#CSEL40">societas</rdg></app> &#183; &#383;eparatur;
                    <lb xml:id="fol_4r.23" n="23" /><num value="7">VII</num>. De morte quam quidam non re&#7545;enerati pro <choice><abbr>xp&#772;i</abbr><expan>chr<ex>i&#383;t</ex>i</expan></choice>
                    <lb xml:id="fol_4r.24" n="24" />confe&#383;&#383;ione &#383;u&#383;cipiunt;
                    <lb xml:id="fol_4r.25" n="25" /><num value="8">VIII</num>. Quod in <choice><abbr>&#383;c&#772;i&#772;&#383;</abbr><expan>&#383;<ex>an</ex>c<ex>t</ex>i&#383;</expan></choice> primae morti&#383; pro ueritate
                    <lb xml:id="fol_4r.26" n="26" />&#383;u&#383;ceptio &#383;ecundae &#383;it morti&#383; aboljtio,
                    <lb xml:id="fol_4r.27" n="27" /><num value="9">VIIII</num>. Tempu&#383; morti&#383; quo uitae <sic>&#383;em&#383;u&#383;</sic> <app><rdg wit="#CSEL40">sensus</rdg></app> aufertur
                    <lb xml:id="fol_4r.28" n="28" />In morientibu&#383; an in mortui&#383; e&#383;&#383;e <choice><abbr>dicendu&#772;</abbr><expan>dicendu<ex>m</ex></expan></choice> &#383;it;
                    <lb xml:id="fol_4r.29" n="29" />An uita mortaljum mor&#383; potiu&#383; quam uita
                    <lb xml:id="fol_4r.30" n="30" />dicenda &#383;it;
                </ab>
            </div>
           
            <div n="Folio 4v" type="edition">
                <ab>
                    <lb xml:id="fol_4v.1" n="1" /><num value="11">XI</num>. An qui&#383;quam &#383;imul <choice><abbr>&#38;</abbr><expan><ex>et</ex></expan></choice> uiuen&#383; e&#383;&#383;e po&#383;&#383;it <choice><abbr>&#38;</abbr><expan><ex>et</ex></expan></choice> mortuu&#383;;
                    <lb xml:id="fol_4v.2" n="2" /><num value="12">XII</num>. Quam mortem primi&#383; hominibu&#383; <choice><abbr>d&#383;&#772;</abbr><expan>d<ex>eu</ex>&#383;</expan></choice> &#383;i mandatum
                    <lb xml:id="fol_4v.3" n="3" />eiu&#383; tran&#383;&#7545;rederentur fuerit conminatu&#383;;
                    <lb xml:id="fol_4v.4" n="4" /><num value="13">XIII</num>. <choice><abbr>pr&#281;uaricatio</abbr><expan>pr<ex>ae</ex>uaricatio</expan></choice> primorum hominum quam primam
                    <lb xml:id="fol_4v.5" n="5" />&#383;en&#383;erit poenam;
                    <lb xml:id="fol_4v.6" n="6" /><num value="14">XIIII</num>. Qualj&#383; homo &#383;it factu&#383; a <choice><abbr>do&#772;</abbr><expan>d<ex>e</ex>o</expan></choice> <choice><abbr>&#38;</abbr><expan><ex>et</ex></expan></choice> in quam &#383;ortem <w part="I">deci</w>
                    <lb xml:id="fol_4v.7" n="7" /><w part="F">derit</w> <choice><abbr>&#383;u&#281;</abbr><expan>&#383;u<ex>ae</ex></expan></choice> uoluntati&#383; aruitrio <app><rdg wit="#CSEL40">arbitrio</rdg></app>; 
                    <lb xml:id="fol_4v.8" n="8" /><num value="15">XV</num>. Quod adam peccaturu&#383; priu&#383; ip&#383;e reljnquerit
                    <lb xml:id="fol_4v.9" n="9" /><choice><abbr>dm&#772;</abbr><expan>d<ex>eu</ex>m</expan></choice> quam relinqueretur a <choice><abbr>do&#772;</abbr><expan>d<ex>e</ex>o</expan></choice> &#183; <choice><abbr>&#38;</abbr><expan><ex>et</ex></expan></choice> primam fui&#383;&#383;e
                    <lb xml:id="fol_4v.10" n="10" /><choice><abbr>anim&#281;</abbr><expan>anim<ex>ae</ex></expan></choice> mortem a <choice><abbr>dn&#772;o&#772;</abbr><expan>d<ex>omi</ex>no</expan></choice> rece&#383;&#383;i&#383;&#383;e;
                    <lb xml:id="fol_4v.11" n="11" /><num value="16">XVI</num>. De phylo&#383;ophi&#383; <app><rdg wit="#CSEL40">philo&#383;ophi</rdg></app> qui <choice><abbr>anim&#281;</abbr><expan>anim<ex>ae</ex></expan></choice> &#383;eparationem a corpore
                    <lb xml:id="fol_4v.12" n="12" />non putant e&#383;&#383;e poenalem cum plato inducat <choice><abbr>&#383;u&#772;mu&#772;</abbr><expan>&#383;u<ex>m</ex>nu<ex>m</ex></expan></choice>
                    <lb xml:id="fol_4v.13" n="13" /><choice><abbr>dm&#772;</abbr><expan>d<ex>eu</ex>m</expan></choice> dii&#383; <app><rdg wit="#CSEL40">di&#383;</rdg></app> minoribu&#383; promittentem quod numquam
                    <lb xml:id="fol_4v.14" n="14" />&#383;int &#183; corporibu&#383; exuendi;
                    <lb xml:id="fol_4v.15" n="15" /><num value="17">XVII</num>. Contra eo&#383; qui ad&#383;erunt corpora <sic><choice><abbr>terr&#281;na</abbr><expan>terr<ex>ae</ex>na</expan></choice></sic> <app><rdg wit="#CSEL40">terrena</rdg></app> <w part="I">incorrup</w>
                    <lb xml:id="fol_4v.16" n="16" /><w part="F">tibilia</w> fueri <app><rdg wit="#CSEL40">fieri</rdg></app> <choice><abbr>&#38;</abbr><expan><ex>et</ex></expan></choice> &#230;terna non po&#383;&#383;e;
                    <lb xml:id="fol_4v.17" n="17" /><num value="18">XVIII</num>. De terreni&#383; corporibu&#383; <choice><abbr>qu&#281;</abbr><expan>qu<ex>ae</ex></expan></choice> philo&#383;ophi affirmant <app><rdg wit="#CSEL40">adfirmant</rdg></app>
                    <lb xml:id="fol_4v.18" n="18" />in cele&#383;tibu&#383; <app><rdg wit="#CSEL40">caelestibus</rdg></app> e&#383;&#383;e non po&#383;&#383;e quia quod terrenum e&#383;t &#183;
                    <lb xml:id="fol_4v.19" n="19" />naturali pondere reuocetur ad terram;
                    <lb xml:id="fol_4v.20" n="20" /><num value="19">XVIIII</num>. Contra eorum do&#7545;mata qui primo&#383; homine&#383; &#183; &#383;i non
                    <lb xml:id="fol_4v.21" n="21" />peccarent <app><rdg wit="#CSEL40">pecca&#383;&#383;ent</rdg></app> inmortale&#383; futuro&#383; fui&#383;&#383;e non credunt
                    <lb xml:id="fol_4v.22" n="22" />&#230;ternitatem animarum uolunt carere corporibu&#383;; 
                    <lb xml:id="fol_4v.23" n="23" /><num value="20">XX</num>. Quod caro <choice><abbr>&#383;c&#772;orum</abbr><expan>&#383;<ex>an</ex>c<ex>t</ex>orum</expan></choice> <choice><abbr>qu&#281;</abbr><expan>qu<ex>ae</ex></expan></choice> nunc requie&#383;cit in &#383;pem <app><rdg wit="#CSEL40">spe</rdg></app>
                    <lb xml:id="fol_4v.24" n="24" />in meljorem reparanda &#383;it qualitatem <choice><abbr>qua &#772;</abbr><expan>qua<ex>m</ex></expan></choice>
                    <lb xml:id="fol_4v.25" n="25" />fuit primorum hominum ante peccatum;
                    <lb xml:id="fol_4v.26" n="26" /><num value="21">XXI</num>. De parady&#383;o <app><rdg wit="#CSEL40">paradiso</rdg></app> in quo primi homine&#383; <w part="I">fue</w>
                    <lb xml:id="fol_4v.27" n="27" /><w part="F">runt</w> &#183; quod recte per &#383;i&#7545;nificationem eiu&#383; &#183;
                    <lb xml:id="fol_4v.28" n="28" />&#383;piritale aljquid intelle&#7545;atur &#183; &#383;alua <w part="I">ueri</w> 
                    <lb xml:id="fol_4v.29" n="29" /><w part="F">tate</w> narrationi&#383; hi&#383;toric&#230; &#183; de corporalj loco; 
                    <lb xml:id="fol_4v.30" n="30" /><num value="22">XXII</num>. De corporibu&#383; <choice><abbr>&#383;c&#772;orum</abbr><expan>&#383;<ex>an</ex>c<ex>t</ex>orum</expan></choice> po&#383;t    
                </ab>
            </div>
            
            <div n="Folio 5r" type="edition">
                <ab>
                    <lb xml:id="fol_5r.1" n="1" />re&#383;urrectionem <choice><abbr>qu&#281;</abbr><expan>qu<ex>ae</ex></expan></choice> &#383;ic &#383;piritalja erunt ut non in &#383;piritum
                    <lb xml:id="fol_5r.2" n="2" />caro uertatur:
                    <lb xml:id="fol_5r.3" n="3" /><num value="23">XXIII</num>. Quid intelle&#7545;endum &#383;it de corpore animalj &#183; <choice><abbr>&#38;</abbr><expan><ex>et</ex></expan></choice> de <w part="I">cor</w>
                    <lb xml:id="fol_5r.4" n="4" /><w part="F">pore</w> &#383;piritalj &#183; <choice><abbr>&#38;</abbr><expan><ex>et</ex></expan></choice> qui moriantur in adam qui uero
                    <lb xml:id="fol_5r.5" n="5" /><sic>uiuicentur</sic> <app><rdg wit="#CSEL40">uiuificentur</rdg></app> in <choice><abbr>xp&#772;o</abbr><expan>ch<ex>ri&#383;t</ex>o</expan></choice>;
                    <lb xml:id="fol_5r.6" n="6" /><num value="24">XXIIII</num>. Qualjter accipienda &#383;it uel illa <sic>in&#383;uflatio</sic> <app><rdg wit="#CSEL40">insufflatio</rdg></app> <choice><abbr>d&#772;i&#772;</abbr><expan>d<ex>e</ex>i</expan></choice> qua
                    <lb xml:id="fol_5r.7" n="7" />primu&#383; &#183; homo factu&#383; e&#383;t in animam uiuentem
                    <lb xml:id="fol_5r.8" n="8" />uel illa quam <choice><abbr>d&#772;n&#772;&#383;&#772;</abbr><expan>d<ex>omi</ex>n<ex>u</ex>&#383;</expan></choice> fecit dicen&#383; di&#383;cipuli&#383; &#383;ui&#383; accipite <choice><abbr>&#383;&#772;p&#772;m&#772;</abbr><expan>&#383;p<ex>iritu</ex>m</expan></choice> <choice><abbr>&#383;&#772;c&#772;m&#772;</abbr><expan>&#383;<ex>an</ex>c<ex>t</ex>um</expan></choice>;
                    <lb xml:id="fol_5r.9" n="9" /><choice><abbr>EX&#772;P&#772;L&#772;I</abbr><expan>EXPLI<ex>CIT</ex></expan></choice> <choice><abbr>L&#772;I&#772;B&#772;</abbr><expan>LIB<ex>RI</ex></expan></choice> XIII <choice><abbr>IN&#772;C&#772;P&#772;</abbr><expan>INC<ex>I</ex>P<ex>IT</ex></expan></choice> <choice><abbr>L&#772;I&#772;B&#772;</abbr><expan>LIB<ex>RI</ex></expan></choice> XIIII. 
                    <lb xml:id="fol_5r.10" n="10" /><num value="1">I</num>. Per in oboedientiam primi homini&#383; &#183; omne&#383; in <sic><choice><abbr>&#383;&#281;cund&#230;</abbr><expan>&#383;<ex>ae</ex>cund&#230;</expan></choice></sic> <app><rdg wit="#CSEL40">secundae</rdg></app>
                    <lb xml:id="fol_5r.11" n="11" />morti&#383; perpetuitatem ruituro&#383; fui&#383;&#383;e ni&#383;i multo&#383;
                    <lb xml:id="fol_5r.12" n="12" /><choice><abbr>d&#772;i&#772;</abbr><expan>d<ex>e</ex>i</expan></choice> &#7545;ratia ljberaret;
                    <lb xml:id="fol_5r.13" n="13" /><num value="2">II</num>. De uita carnalj <choice><abbr>qu&#281;</abbr><expan>qu<ex>ae</ex></expan></choice> non <sic>ax</sic> <app><rdg wit="#CSEL40">ex</rdg></app> corpori&#383; tantum &#383;ed <choice><abbr>&#38;ia &#772;</abbr><expan><ex>et</ex>ia<ex>m</ex></expan></choice> &#183;
                    <lb xml:id="fol_5r.14" n="14" /><sic>ax</sic> <app><rdg wit="#CSEL40">ex</rdg></app> animi intelle&#7545;enda &#383;it uitii&#383;;
                    <lb xml:id="fol_5r.15" n="15" /><num value="3">III</num>. Peccati cau&#383;am ex anima non ex carne prodi&#383;&#383;e
                    <lb xml:id="fol_5r.16" n="16" /><choice><abbr>&#38;</abbr><expan><ex>et</ex></expan></choice> corruptionem ex peccato contractam &#183;
                    <lb xml:id="fol_5r.17" n="17" />non peccatum e&#383;&#383;e &#383;ed <sic>penam</sic> <app><rdg wit="#CSEL40">poenam</rdg></app>;
                    <lb xml:id="fol_5r.18" n="18" /><num value="4">IIII</num>. Quid &#383;it &#383;ecundum hominem quid autem <choice><abbr>&#383;ecundu&#772;</abbr><expan>&#383;ecundu<ex>m</ex></expan></choice> <sic><choice><abbr>d&#772;m&#772;</abbr><expan>d<ex>eu</ex>m</expan></choice></sic>
                    <lb xml:id="fol_5r.19" n="19" /><choice><abbr>d&#772;m&#772;</abbr><expan>d<ex>eu</ex>m</expan></choice> uiuere; 
                    <lb xml:id="fol_5r.20" n="20" /><num value="5">V</num>. Quid <app><rdg wit="#CSEL40">Quod</rdg></app> de corpori&#383; <choice><abbr>anim&#281;que</abbr><expan>anim<ex>ae</ex>que</expan></choice> natura tolerabilior
                    <lb xml:id="fol_5r.21" n="21" />quidem platonicorum quam manicheorum &#383;it
                    <lb xml:id="fol_5r.22" n="22" />opinio &#383;ed <choice><abbr>&#38;</abbr><expan><ex>et</ex></expan></choice> ip&#383;a reprobanda &#183; quoniam <choice><abbr>uitioru &#772;</abbr><expan>uitioru<ex>m</ex></expan></choice>  
                    <lb xml:id="fol_5r.23" n="23" />omium cau&#383;a&#383; natur&#230; carni&#383; a&#383;cripti <app><rdg wit="#CSEL40">adscribunt</rdg></app> &#183;
                    <lb xml:id="fol_5r.24" n="24" /><num value="6">VI</num>. De qualjtate uoluntati&#383; <choice><abbr>human&#281;</abbr><expan>human<ex>ae</ex></expan></choice> &#383;ub cuiu&#383; iuditio 
                    <lb xml:id="fol_5r.25" n="25" />adfectione&#383; animi aut prabe <app><rdg wit="#CSEL40">prauae</rdg></app> habentur aut rette <app><rdg wit="#CSEL40">rectae</rdg></app>;
                    <lb xml:id="fol_5r.26" n="26" /><num value="7">VII</num>. Amorem <choice><abbr>&#38;</abbr><expan><ex>et</ex></expan></choice> dilectionem indifferenter <choice><abbr>&#38;</abbr><expan><ex>et</ex></expan></choice> in bono <choice><abbr>&#38;</abbr><expan><ex>et</ex></expan></choice> in 
                    <lb xml:id="fol_5r.27" n="27" />malo &#183; aput &#383;acra&#383; ljttera&#383; inueniri;
                    <lb xml:id="fol_5r.28" n="28" /><num value="8">VIII</num>. De tribu&#383; perturbationibu&#383; qua&#383; in animo &#383;apienti&#383;
                    <lb xml:id="fol_5r.29" n="29" />&#383;toici e&#383;&#383;e uoluerunt &#183; exclu&#383;o dolore &#383;iue tri&#383;titia &#183;  
                    <lb xml:id="fol_5r.30" n="30" />quam uirtu&#383; animi &#383;entire non debeat;
                </ab>
            </div>
          
            <div n="Folio 5v" type="edition">
                <ab>
                    <lb xml:id="fol_5v.1" n="1" /><num value="9">VIIII</num>. De perturbationibu&#383; animi quarum adfectu&#383; recto&#383; 
                    <lb xml:id="fol_5v.2" n="2" /><choice><abbr>hab&#38;</abbr><expan>hab<ex>et</ex></expan></choice> uita iu&#383;torum; 
                    <lb xml:id="fol_5v.3" n="3" /><num value="10">X</num>. An primo&#383; omine&#383; in parady&#383;o <app><rdg wit="#CSEL40">paradiso</rdg></app> con&#383;tituto&#383; ulli&#383; &#183; <w part="I">per</w>
                    <lb xml:id="fol_5v.4" n="4" /><w part="F">turbationibu&#383;</w> priu&#383;quam delinquerent affecto&#383; <app><rdg wit="#CSEL40">adfectos</rdg></app>
                    <lb xml:id="fol_5v.5" n="5" />fui&#383;&#383;e credendum &#383;it;
                    <lb xml:id="fol_5v.6" n="6" /><num value="11">XI</num>. De lap&#383;u primi homini&#383; in quo bene condita natura
                    <lb xml:id="fol_5v.7" n="7" />uitiata e&#383;t nec pote&#383;t ni&#383;i a &#383;uo autore <app><rdg wit="#CSEL40">auctore</rdg></app> repara<del>r</del>ri; 
                    <lb xml:id="fol_5v.8" n="8" /><num value="12">XII</num>. De qualitate peccati a primi&#383; hominibu&#383; ammi&#383;&#383;i <app><rdg wit="#CSEL40">admissi</rdg></app>;
                    <lb xml:id="fol_5v.9" n="9" /><num value="13">XIII</num>. Quod in <choice><abbr>pr&#281;baricatione</abbr><expan>pr<ex>ae</ex>baricatione</expan></choice> <app><rdg wit="#CSEL40">praeuaricatione</rdg></app> ad&#230; opu&#383; malum uolunta&#383;
                    <lb xml:id="fol_5v.10" n="10" /><choice><abbr>pr&#281;ce&#383;&#383;erit</abbr><expan>pr<ex>ae</ex>ce&#383;&#383;erit</expan></choice> mala;
                    <lb xml:id="fol_5v.11" n="11" />XIIII. De &#383;uperuia <app><rdg wit="#CSEL40">superbia</rdg></app> tran&#383;&#7545;re&#383;&#383;ori&#383; <choice><abbr>qu&#281;</abbr><expan>qu<ex>ae</ex></expan></choice> ip&#383;a fuit <w part="I">tran&#383;&#7545;re&#383;</w>
                    <lb xml:id="fol_5v.12" n="12" /><w part="F">&#383;ione</w> deterior;
                    <lb xml:id="fol_5v.13" n="13" /><num value="15">XV</num>. De Iu&#383;titia retributioni&#383; quam primi homine&#383; pro &#383;ua
                    <lb xml:id="fol_5v.14" n="14" />inoboedientia receperunt &#183;
                    <lb xml:id="fol_5v.15" n="15" /><num value="16">XVI</num>. De libidini&#383; malo cuiu&#383; nomen cum multi&#383; uitii&#383; con&#7545;ruat &#183;
                    <lb xml:id="fol_5v.16" n="16" /><sic><choice><abbr>propri&#281;</abbr><expan>propri<ex>ae</ex></expan></choice></sic> <app><rdg wit="#CSEL40">proprie</rdg></app> tamen motibu&#383; <sic>ob&#383;&#230;ni</sic> <app><rdg wit="#CSEL40">obsceni</rdg></app> calori&#383; a&#383;cribitur <app><rdg wit="#CSEL40">adscribitur</rdg></app>;
                    <lb xml:id="fol_5v.17" n="17" /><num value="17">XVII</num>. De nuditate primorum hominum quam po&#383;t <choice><abbr>peccatu &#772;</abbr><expan>peccatu<ex>m</ex></expan></choice>
                    <lb xml:id="fol_5v.18" n="18" />turpem pudendamque uiderunt;
                    <lb xml:id="fol_5v.19" n="19" /><num value="18">XVIII</num>. De pudore concubitu&#383; &#183; non &#383;olum uul&#7545;ari&#383; &#383;ed <choice><abbr>&#38;iam</abbr><expan><ex>et</ex>iam</expan></choice>
                    <lb xml:id="fol_5v.20" n="20" />coniu&#7545;alj&#383;;
                    <lb xml:id="fol_5v.21" n="21" /><num value="19">XVIIII</num>. Quod <sic>pater</sic> <app><rdg wit="#CSEL40">partes</rdg></app> ir&#230; adque liuidini&#383; <app><rdg wit="#CSEL40">libidinis</rdg></app> &#183; qu&#230; In homine &#183; tam 
                    <lb xml:id="fol_5v.22" n="22" />uitio&#383;e mouentur &#183; ut ea&#383; nece&#383;&#383;e &#383;it freni&#383; &#383;apienti&#230;
                    <lb xml:id="fol_5v.23" n="23" />co<add place="above">h</add>iberi in illa ante peccatum natur&#230; &#383;anitate non fuerint; 
                    <lb xml:id="fol_5v.24" n="24" /><num value="20">XX</num>. De uani&#383;&#383;ima turpitudine cynicorum; 
                    <lb xml:id="fol_5v.25" n="25" /><num value="21">XXI</num>. De benedictione multiplicand&#230; fecunditati&#383; <choice><abbr>human&#281;</abbr><expan>human<ex>ae</ex></expan></choice>
                    <lb xml:id="fol_5v.26" n="26" />ante peccatum data quam preuaricatio non ademerit &#183;
                    <lb xml:id="fol_5v.27" n="27" /><choice><abbr>&#38;</abbr><expan><ex>et</ex></expan></choice> cui liuidini&#383; <app><rdg wit="#CSEL40">libidinis</rdg></app> morbu&#383; acce&#383;&#383;erit; 
                    <lb xml:id="fol_5v.28" n="28" /><num value="22">XXII</num>. De copula coniu&#7545;ali a <choice><abbr>d&#772;o&#772;</abbr><expan>d<ex>e</ex>o</expan></choice> primitu&#383; in&#383;tituta atque <app><rdg wit="#CSEL40">adque</rdg></app> benedicta;
                    <lb xml:id="fol_5v.29" n="29" /><num value="23">XXIII</num>. An etiam in parady&#383;o <app><rdg wit="#CSEL40">paradiso</rdg></app> &#7545;eneramdum fui&#383;&#383;et &#183;
                    <lb xml:id="fol_5v.30" n="30" />&#383;i nemo pecca&#383;&#383;et &#183; uel utrum contra &#230;&#383;tum libidini&#383; &#183; 
                </ab>
            </div>

            <div n="Folio 6r" type="edition">
                <ab>
                    <lb xml:id="fol_6r.1" n="1" />pu&#7545;natura illic <choice><abbr>fui&#383;&#383;&#38;</abbr><expan>fui&#383;&#383;<ex>et</ex></expan></choice> ratio ca&#383;titati&#383;; 
                    <lb xml:id="fol_6r.2" n="2" /><num value="24">XXIIII</num>. Quod in&#383;onte&#383; homine&#383; <choice><abbr>&#38;</abbr><expan><ex>et</ex></expan></choice> merito <choice><abbr>oboedienti&#281;</abbr><expan>oboedienti<ex>ae</ex></expan></choice> in parady&#383;o <app><rdg wit="#CSEL40">paradiso</rdg></app>
                    <lb xml:id="fol_6r.3" n="3" />permanente&#383; &#183; ita &#7545;enitalibu&#383; membri&#383; u&#383;uri fui&#383;&#383;ent &#183;
                    <lb xml:id="fol_6r.4" n="4" />ad &#7545;enerationem proli&#383; &#183; &#383;icut ceteri&#383; &#183; ad aruitrium <app><rdg wit="#CSEL40">arbitrium</rdg></app>
                    <lb xml:id="fol_6r.5" n="5" />uoluntati&#383;;
                    <lb xml:id="fol_6r.6" n="6" /><num value="25">XXV</num>. De uera beatitudine quam <sic>tem</sic> temporalj&#383; uita non <choice><abbr>obtin&#38;</abbr><expan>obtin<ex>et</ex></expan></choice>;
                    <lb xml:id="fol_6r.7" n="7" /><num value="26">XXVI</num>. Quod felicita&#383; in parady&#383;o <app><rdg wit="#CSEL40">paradiso</rdg></app> uiuentium &#383;ine erube&#383;cendo &#183;
                    <lb xml:id="fol_6r.8" n="8" />adpetitu &#7545;enerandi officium credenda &#383;it implere <app><rdg wit="#CSEL40">inplere</rdg></app>
                    <lb xml:id="fol_6r.9" n="9" />potui&#383;&#383;e
                    <lb xml:id="fol_6r.10" n="10" /><num value="27">XXVII</num>. De peccatoribu&#383; <choice><abbr>&#38;</abbr><expan><ex>et</ex></expan></choice> an&#7545;elj&#383; <choice><abbr>&#38;</abbr><expan><ex>et</ex></expan></choice> hominibu&#383; quorum 
                    <lb xml:id="fol_6r.11" n="11" />peruer&#383;ita&#383; &#183; non perturbat prouidentia <app><rdg wit="#CSEL40">prouidentiam</rdg></app>; 
                    <lb xml:id="fol_6r.12" n="12" /><num value="28">XXVIII</num>. De qualitate duarum ciuitatum <sic>terr&#230;n&#230;</sic> <app><rdg wit="#CSEL40">terrenae</rdg></app> atque <app><rdg wit="#CSEL40">adque</rdg></app>
                    <lb xml:id="fol_6r.13" n="13" /><choice><abbr>c&#281;le&#383;ti&#383;;</abbr><expan>c<ex>ae</ex>le&#383;ti&#383;</expan></choice>
                </ab>
            </div>
            

        </body>

    </text>
</TEI>
